FISCAL_YEAR,CATEGORY,AGENCY,APPROPRIATED_FUND,COMPTROLLER_OBJECT,AMOUNT
2025,Operating Fund Transfers,Cancer Prevention & Research Institute of Texas,0802 - License Plate Trust Fund,7986 - Unexpended Cash Balance Forward – Operating Transfers Out,"$74,667 "
2025,Operating Fund Transfers,Cancer Prevention & Research Institute of Texas,5136 - Gr Acct - Cancer Prevention And Research,7986 - Unexpended Cash Balance Forward – Operating Transfers Out,"$872,522 "
2025,Operating Fund Transfers,Cancer Prevention & Research Institute of Texas,5168 - Gr Acct-Cancer Prevention Research I&S,7986 - Unexpended Cash Balance Forward – Operating Transfers Out,"$7,327,760 "
2025,Operating Fund Transfers,Cancer Prevention & Research Institute of Texas,7639 - Tpfa Cprit Project Fund,7986 - Unexpended Cash Balance Forward – Operating Transfers Out,"$241,447,592 "
2025,Operating Fund Transfers,Commission on State Emergency Communications,5007 - Gr Acct Comm On State Emergency Comm,7986 - Unexpended Cash Balance Forward – Operating Transfers Out,"$102,268,194 "
2025,Operating Fund Transfers,Commission on State Emergency Communications,5050 - Gr Acct-911 Service Fees,7986 - Unexpended Cash Balance Forward – Operating Transfers Out,"$44,957,637 "
2025,Operating Fund Transfers,Comptroller-State Energy Conservation Office,0001 - General Revenue Fund,7986 - Unexpended Cash Balance Forward – Operating Transfers Out,"$1,224,967 "
2025,Operating Fund Transfers,Comptroller-State Energy Conservation Office,5005 - Gr Acct - Oil Overcharge,7986 - Unexpended Cash Balance Forward – Operating Transfers Out,"$1,119,324 "
2025,Operating Fund Transfers,Comptroller-State Fiscal,0599 - Economic Stabilization Fund,7986 - Unexpended Cash Balance Forward – Operating Transfers Out,"$2,321,844,292 "
2025,Operating Fund Transfers,Comptroller-State Fiscal,5040 - Gr Acct-Tobacco Settlement,7986 - Unexpended Cash Balance Forward – Operating Transfers Out,"$862,005,156 "
2025,Operating Fund Transfers,Comptroller-State Fiscal,5189 - Gr Acct-Opioid Abatement,7986 - Unexpended Cash Balance Forward – Operating Transfers Out,"$440,000 "
2025,Operating Fund Transfers,Department of Agriculture,0001 - General Revenue Fund,7986 - Unexpended Cash Balance Forward – Operating Transfers Out,"$1,118,998 "
2025,Operating Fund Transfers,Department of Agriculture,0183 - Tx Economic Development Fund,7986 - Unexpended Cash Balance Forward – Operating Transfers Out,"$367,306 "
2025,Operating Fund Transfers,Department of Agriculture,0186 - Pesticide Disposal Fund,7986 - Unexpended Cash Balance Forward – Operating Transfers Out,"$27,593 "
2025,Operating Fund Transfers,Department of Agriculture,0364 - Perm Endow Fd Rurl Com Health Care Invst,7986 - Unexpended Cash Balance Forward – Operating Transfers Out,"$360,115 "
2025,Operating Fund Transfers,Department of Agriculture,0683 - Tex Agricultural Fund,7986 - Unexpended Cash Balance Forward – Operating Transfers Out,"$1,066,108 "
2025,Operating Fund Transfers,Department of Agriculture,0802 - License Plate Trust Fund,7986 - Unexpended Cash Balance Forward – Operating Transfers Out,"$201,711 "
2025,Operating Fund Transfers,Department of Agriculture,0974 - Produce Recovery Trust Fund,7986 - Unexpended Cash Balance Forward – Operating Transfers Out,"$2,235,872 "
2025,Operating Fund Transfers,Department of Agriculture,5178 - Gr Acct - State Hemp Program,7986 - Unexpended Cash Balance Forward – Operating Transfers Out,"$1,026,087 "
2025,Operating Fund Transfers,Department of State Health Services,0129 - Gr Acct-Hospital Licensing,7986 - Unexpended Cash Balance Forward – Operating Transfers Out,"$137,865 "
2025,Operating Fund Transfers,Department of State Health Services,0273 - Gr Acct-Fed Health & Health Lab Funding,7986 - Unexpended Cash Balance Forward – Operating Transfers Out,"$4,658,167 "
2025,Operating Fund Transfers,Department of State Health Services,0325 - Coronavirus Relief Fund,7986 - Unexpended Cash Balance Forward – Operating Transfers Out,"$344,921 "
2025,Operating Fund Transfers,Department of State Health Services,5017 - Gr Acct-Asbestos Removal Licensure,7986 - Unexpended Cash Balance Forward – Operating Transfers Out,"$875,000 "
2025,Operating Fund Transfers,Department of State Health Services,5020 - Gr Acct-Workplace Chemicals List,7986 - Unexpended Cash Balance Forward – Operating Transfers Out,"$14,694 "
2025,Operating Fund Transfers,Department of State Health Services,5022 - Gr Acct - Oysters Sales,7986 - Unexpended Cash Balance Forward – Operating Transfers Out,"$2,155 "
2025,Operating Fund Transfers,Department of State Health Services,5048 - Gr Acct-Perm Hosp Cptl Imp/Ctr Infec Dis,7986 - Unexpended Cash Balance Forward – Operating Transfers Out,$80 
2025,Operating Fund Transfers,Department of State Health Services,"5108 - Gr Acct - Ems, Trauma Fac, Trauma Sys",7986 - Unexpended Cash Balance Forward – Operating Transfers Out,"$2,266,456 "
2025,Operating Fund Transfers,Department of State Health Services,5111 - Gr Acct - Trauma Facility & Ems,7986 - Unexpended Cash Balance Forward – Operating Transfers Out,"$8,199,711 "
2025,Operating Fund Transfers,Department of State Health Services,7639 - Tpfa Cprit Project Fund,7986 - Unexpended Cash Balance Forward – Operating Transfers Out,"$3,114,114 "
2025,Operating Fund Transfers,District Courts-Comptroller's Judiciary Section,0001 - General Revenue Fund,7986 - Unexpended Cash Balance Forward – Operating Transfers Out,"$16,271,560 "
2025,Operating Fund Transfers,District Courts-Comptroller's Judiciary Section,0328 - Jury Service Fund,7986 - Unexpended Cash Balance Forward – Operating Transfers Out,"$6,530,578 "
2025,Operating Fund Transfers,Employees Retirement System of Texas,"0945 - Def Compensation Trust Fd, Ers",7986 - Unexpended Cash Balance Forward – Operating Transfers Out,"$901,363 "
2025,Operating Fund Transfers,General Land Office,0374 - Vlb-Veterans Financial Asst Prog Fund,7986 - Unexpended Cash Balance Forward – Operating Transfers Out,"$27,163,231 "
2025,Operating Fund Transfers,General Land Office,0522 - Veterans Land Program Admin Fd,7986 - Unexpended Cash Balance Forward – Operating Transfers Out,"$2,738,087 "
2025,Operating Fund Transfers,General Land Office,5176 - Gr Acct - Coastal Erosion Response,7986 - Unexpended Cash Balance Forward – Operating Transfers Out,"$20,045,807 "
2025,Operating Fund Transfers,Governor-Fiscal,0001 - General Revenue Fund,7986 - Unexpended Cash Balance Forward – Operating Transfers Out,"$3,031,170 "
2025,Operating Fund Transfers,Governor-Fiscal,0224 - Gr Acct-Governors Ofc Federal Proj,7986 - Unexpended Cash Balance Forward – Operating Transfers Out,"$243,756 "
2025,Operating Fund Transfers,Governor-Fiscal,0325 - Coronavirus Relief Fund,7986 - Unexpended Cash Balance Forward – Operating Transfers Out,"$25,133,019 "
2025,Operating Fund Transfers,Governor-Fiscal,0421 - Gr Acct-Crim Justice Planning,7986 - Unexpended Cash Balance Forward – Operating Transfers Out,"$15,827,289 "
2025,Operating Fund Transfers,Governor-Fiscal,0599 - Economic Stabilization Fund,7986 - Unexpended Cash Balance Forward – Operating Transfers Out,"$42,163,375 "
2025,Operating Fund Transfers,Governor-Fiscal,0802 - License Plate Trust Fund,7986 - Unexpended Cash Balance Forward – Operating Transfers Out,"$126,153 "
2025,Operating Fund Transfers,Governor-Fiscal,0806 - Spaceport Trust Fund,7986 - Unexpended Cash Balance Forward – Operating Transfers Out,"$18,923,228 "
2025,Operating Fund Transfers,Governor-Fiscal,0830 - Events Trust Fd For Certain Muni/Countys,7986 - Unexpended Cash Balance Forward – Operating Transfers Out,"$31,381,597 "
2025,Operating Fund Transfers,Governor-Fiscal,0869 - Major Events Reimbursement Program,7986 - Unexpended Cash Balance Forward – Operating Transfers Out,"$36,824,559 "
2025,Operating Fund Transfers,Governor-Fiscal,5003 - Gr Acct-Hotel Occ Tax For Economic Devel,7986 - Unexpended Cash Balance Forward – Operating Transfers Out,"$101,263,696 "
2025,Operating Fund Transfers,Governor-Fiscal,5010 - Gr Acct - Sexual Assault Program,7986 - Unexpended Cash Balance Forward – Operating Transfers Out,"$1,241,449 "
2025,Operating Fund Transfers,Governor-Fiscal,5012 - Gr Acct - Crime Stoppers Assistance,7986 - Unexpended Cash Balance Forward – Operating Transfers Out,"$1,015,628 "
2025,Operating Fund Transfers,Governor-Fiscal,5106 - Gr Acct - Economic Dev Bank,7986 - Unexpended Cash Balance Forward – Operating Transfers Out,"$19,656,877 "
2025,Operating Fund Transfers,Governor-Fiscal,5107 - Gr Acct - Texas Enterprise,7986 - Unexpended Cash Balance Forward – Operating Transfers Out,"$427,504,851 "
2025,Operating Fund Transfers,Governor-Fiscal,5114 - Gr Acct-Tx Military Value Revolving Loan,7986 - Unexpended Cash Balance Forward – Operating Transfers Out,"$13,073 "
2025,Operating Fund Transfers,Governor-Fiscal,5149 - Gr Acct-Bp Oil Spill Tx Response Grant,7986 - Unexpended Cash Balance Forward – Operating Transfers Out,"$109,344 "
2025,Operating Fund Transfers,Governor-Fiscal,5153 - Gr Acct-Emergency Radio Infrastructure,7986 - Unexpended Cash Balance Forward – Operating Transfers Out,"$10,640,475 "
2025,Operating Fund Transfers,Governor-Fiscal,5161 - Gr-Acct Governor'S Univ Research Initive,7986 - Unexpended Cash Balance Forward – Operating Transfers Out,"$18,752,002 "
2025,Operating Fund Transfers,Governor-Fiscal,5164 - Gr Acct-Youth Diversion,7986 - Unexpended Cash Balance Forward – Operating Transfers Out,"$10,078,187 "
2025,Operating Fund Transfers,Governor-Fiscal,5170 - Gr Acct-Evidence Testing,7986 - Unexpended Cash Balance Forward – Operating Transfers Out,"$3,874,991 "
2025,Operating Fund Transfers,Governor-Fiscal,5184 - Gr Account - Specialty Court,7986 - Unexpended Cash Balance Forward – Operating Transfers Out,"$13,515,918 "
2025,Operating Fund Transfers,Governor-Fiscal,5197 - Gr Acct - Texas Semiconductor Innovation,7986 - Unexpended Cash Balance Forward – Operating Transfers Out,"$1,341,700,000 "
2025,Operating Fund Transfers,Health and Human Services Commission,0129 - Gr Acct-Hospital Licensing,7986 - Unexpended Cash Balance Forward – Operating Transfers Out,"$14,793,160 "
2025,Operating Fund Transfers,Health and Human Services Commission,0599 - Economic Stabilization Fund,7986 - Unexpended Cash Balance Forward – Operating Transfers Out,"$10,142,946 "
2025,Operating Fund Transfers,Health and Human Services Commission,5018 - Gr Acct - Home Health Services,7986 - Unexpended Cash Balance Forward – Operating Transfers Out,"$2,714,680 "
2025,Operating Fund Transfers,Health and Human Services Commission,7658 - Tpfa Go Cml Paper Ser2008 Dads Prj 1b Fd,7986 - Unexpended Cash Balance Forward – Operating Transfers Out,$510 
2025,Operating Fund Transfers,Health and Human Services Commission,7802 - Tpfa Rv Com Pap Srs 2019a Hhsc Def Maint,7986 - Unexpended Cash Balance Forward – Operating Transfers Out,"$645,467 "
2025,Operating Fund Transfers,Parks and Wildlife Department,0001 - General Revenue Fund,7986 - Unexpended Cash Balance Forward – Operating Transfers Out,"$15,653 "
2025,Operating Fund Transfers,Parks and Wildlife Department,"0009 - Gr Account-Game, Fish, Water Safety",7986 - Unexpended Cash Balance Forward – Operating Transfers Out,"$940,029 "
2025,Operating Fund Transfers,Parks and Wildlife Department,0064 - Gr Acct-State Parks,7986 - Unexpended Cash Balance Forward – Operating Transfers Out,"$1,222,189 "
2025,Operating Fund Transfers,Parks and Wildlife Department,0467 - Gr Acct-Tx Recreation & Parks,7986 - Unexpended Cash Balance Forward – Operating Transfers Out,"$9,230,628 "
2025,Operating Fund Transfers,Parks and Wildlife Department,0544 - Gr Acct-Lifetime Lic Endowmt,7986 - Unexpended Cash Balance Forward – Operating Transfers Out,"$121,703,042 "
2025,Operating Fund Transfers,Parks and Wildlife Department,0679 - Gr Acct-Artificial Reef,7986 - Unexpended Cash Balance Forward – Operating Transfers Out,"$11,145,084 "
2025,Operating Fund Transfers,Parks and Wildlife Department,0885 - State Parks Endowment Trust Account,7986 - Unexpended Cash Balance Forward – Operating Transfers Out,"$360,989 "
2025,Operating Fund Transfers,Parks and Wildlife Department,5004 - Gr Acct-Pks/ Wildlife Conserv Atn/Capt'L,7986 - Unexpended Cash Balance Forward – Operating Transfers Out,"$76,161,673 "
2025,Operating Fund Transfers,Parks and Wildlife Department,5150 - Gr Acct-Large Count & Munic Rec & Parks,7986 - Unexpended Cash Balance Forward – Operating Transfers Out,"$15,045,602 "
2025,Operating Fund Transfers,Parks and Wildlife Department,7654 - Tpfa Go Cml Papr Ser2008 Tpwd Proj 1c Fd,7986 - Unexpended Cash Balance Forward – Operating Transfers Out,"$161,432 "
2025,Operating Fund Transfers,Parks and Wildlife Department,7659 - Tpfa Go Cml Papr Ser2008 Tpwd Proj 1d Fd,7986 - Unexpended Cash Balance Forward – Operating Transfers Out,"$204,845 "
2025,Operating Fund Transfers,Prairie View A&M University,0047 - Texas A&M Univ Available Fund,7986 - Unexpended Cash Balance Forward – Operating Transfers Out,"$13,091,972 "
2025,Operating Fund Transfers,Prairie View A&M University,0802 - License Plate Trust Fund,7986 - Unexpended Cash Balance Forward – Operating Transfers Out,"$37,705 "
2025,Operating Fund Transfers,Public Utility Commission of Texas,0176 - Texas Energy Fund,7986 - Unexpended Cash Balance Forward – Operating Transfers Out,"$4,975,000,000 "
2025,Operating Fund Transfers,State Preservation Board,0849 - Bob Bullock Tx St His Museum Local Tr Fd,7986 - Unexpended Cash Balance Forward – Operating Transfers Out,"$637,778 "
2025,Operating Fund Transfers,State Preservation Board,0879 - Capitol Local Trust Fund,7986 - Unexpended Cash Balance Forward – Operating Transfers Out,"$1,144,332 "
2025,Operating Fund Transfers,Tarleton State University,0210 - Support Military/Veterans Exemption,7986 - Unexpended Cash Balance Forward – Operating Transfers Out,"$307,711 "
2025,Operating Fund Transfers,Texas A&M Forest Service,5064 - Gr Acct - Volunteer Fire Dept Assistance,7986 - Unexpended Cash Balance Forward – Operating Transfers Out,"$18,181,403 "
2025,Operating Fund Transfers,Texas A&M Forest Service,5066 - Gr Acct-Rural Volunteer Fire Dept Insura,7986 - Unexpended Cash Balance Forward – Operating Transfers Out,"$4,708,840 "
2025,Operating Fund Transfers,Texas A&M University (Main University),0047 - Texas A&M Univ Available Fund,7986 - Unexpended Cash Balance Forward – Operating Transfers Out,"$162,089,221 "
2025,Operating Fund Transfers,Texas A&M University (Main University),0210 - Support Military/Veterans Exemption,7986 - Unexpended Cash Balance Forward – Operating Transfers Out,"$304,480 "
2025,Operating Fund Transfers,Texas A&M University at Galveston,0210 - Support Military/Veterans Exemption,7986 - Unexpended Cash Balance Forward – Operating Transfers Out,"$153,146 "
2025,Operating Fund Transfers,Texas A&M University System,0047 - Texas A&M Univ Available Fund,7986 - Unexpended Cash Balance Forward – Operating Transfers Out,"$36,376,808 "
2025,Operating Fund Transfers,Texas A&M University System Health Science Center,0047 - Texas A&M Univ Available Fund,7986 - Unexpended Cash Balance Forward – Operating Transfers Out,"$109,699,814 "
2025,Operating Fund Transfers,Texas A&M University-Central Texas,0210 - Support Military/Veterans Exemption,7986 - Unexpended Cash Balance Forward – Operating Transfers Out,"$1,200 "
2025,Operating Fund Transfers,Texas A&M University-Kingsville,0802 - License Plate Trust Fund,7986 - Unexpended Cash Balance Forward – Operating Transfers Out,$671 
2025,Operating Fund Transfers,Texas A&M University-Texarkana,0210 - Support Military/Veterans Exemption,7986 - Unexpended Cash Balance Forward – Operating Transfers Out,"$5,447 "
2025,Operating Fund Transfers,Texas Broadband Development Office,0188 - Broadband Pole Replacement Fund,7986 - Unexpended Cash Balance Forward – Operating Transfers Out,"$75,000,000 "
2025,Operating Fund Transfers,Texas Commission on Environmental Quality,0088 - Gr-Acct Low-Level Radioactive Waste,7986 - Unexpended Cash Balance Forward – Operating Transfers Out,"$10,000,000 "
2025,Operating Fund Transfers,Texas Commission on Environmental Quality,5071 - Gr Acct-Emissions Reduction Plan,7986 - Unexpended Cash Balance Forward – Operating Transfers Out,"$700,000,000 "
2025,Operating Fund Transfers,Texas Department of Criminal Justice,0599 - Economic Stabilization Fund,7986 - Unexpended Cash Balance Forward – Operating Transfers Out,"$8,454,384 "
2025,Operating Fund Transfers,Texas Department of Criminal Justice,5060 - Gr Acct-Private Sector Prison Industries,7986 - Unexpended Cash Balance Forward – Operating Transfers Out,"$45,245 "
2025,Operating Fund Transfers,Texas Department of Licensing and Regulation,0501 - Gr Acct-Motorcycle Education,7986 - Unexpended Cash Balance Forward – Operating Transfers Out,"$51,352,653 "
2025,Operating Fund Transfers,Texas Department of Public Safety,0001 - General Revenue Fund,7986 - Unexpended Cash Balance Forward – Operating Transfers Out,"$35,620,402 "
2025,Operating Fund Transfers,Texas Department of Public Safety,5013 - Gr Acct - Breath Alcohol Testing,7986 - Unexpended Cash Balance Forward – Operating Transfers Out,"$7,000,000 "
2025,Operating Fund Transfers,Texas Department of Public Safety,7629 - Tpfa Go Coml Paper Ser2008 Dps Prj 1a Fd,7986 - Unexpended Cash Balance Forward – Operating Transfers Out,"$651,510 "
2025,Operating Fund Transfers,Texas Department of Public Safety,7656 - Tpfa Go Cml Papr Ser2008 Dps Proj 1c Fd,7986 - Unexpended Cash Balance Forward – Operating Transfers Out,"$1,155,878 "
2025,Operating Fund Transfers,Texas Department of Transportation,0006 - State Highway Fund,7986 - Unexpended Cash Balance Forward – Operating Transfers Out,($45)
2025,Operating Fund Transfers,Texas Department of Transportation,0184 - Transportation Infrastructure Fund,7986 - Unexpended Cash Balance Forward – Operating Transfers Out,"$11,281,957 "
2025,Operating Fund Transfers,Texas Department of Transportation,5167 - Gr Acct-Ship Channel Improvement Revolv,7986 - Unexpended Cash Balance Forward – Operating Transfers Out,"$400,000,000 "
2025,Operating Fund Transfers,Texas Department of Transportation,5199 - Gr Acct - Port Access,7986 - Unexpended Cash Balance Forward – Operating Transfers Out,"$176,006,590 "
2025,Operating Fund Transfers,Texas Department of Transportation,7604 - Tpfa Go Ser2002b Coml Pap Colonia Prj Fd,7986 - Unexpended Cash Balance Forward – Operating Transfers Out,"$117,361 "
2025,Operating Fund Transfers,Texas Division of Emergency Management,5189 - Gr Acct-Opioid Abatement,7986 - Unexpended Cash Balance Forward – Operating Transfers Out,"$500,000 "
2025,Operating Fund Transfers,Texas Education Agency,0002 - Available School Fund,7986 - Unexpended Cash Balance Forward – Operating Transfers Out,"$100,078,137 "
2025,Operating Fund Transfers,Texas Education Agency,0003 - State Technology Instructional Materials,7986 - Unexpended Cash Balance Forward – Operating Transfers Out,"$437,225,429 "
2025,Operating Fund Transfers,Texas Education Agency,0193 - Gr Account-Foundation School,7986 - Unexpended Cash Balance Forward – Operating Transfers Out,"$332,845,226 "
2025,Operating Fund Transfers,Texas Facilities Commission,5166 - Gr Acct-Deferred Maintenance,7986 - Unexpended Cash Balance Forward – Operating Transfers Out,"$271,518,464 "
2025,Operating Fund Transfers,Texas Higher Education Coordinating Board,0001 - General Revenue Fund,7986 - Unexpended Cash Balance Forward – Operating Transfers Out,"$61,097 "
2025,Operating Fund Transfers,Texas Higher Education Coordinating Board,0387 - Texas Opportunity Plan Fund,7986 - Unexpended Cash Balance Forward – Operating Transfers Out,"$193,277,913 "
2025,Operating Fund Transfers,Texas Higher Education Coordinating Board,0388 - Tx Coll Student Loan Bond I&S,7986 - Unexpended Cash Balance Forward – Operating Transfers Out,"$143,609,505 "
2025,Operating Fund Transfers,Texas Higher Education Coordinating Board,0601 - Student Loan Auxiliary Fund,7986 - Unexpended Cash Balance Forward – Operating Transfers Out,"$110,840,679 "
2025,Operating Fund Transfers,Texas Higher Education Coordinating Board,0824 - Perm Fd Hied Nursing/Allied/Other Health,7986 - Unexpended Cash Balance Forward – Operating Transfers Out,"$140,042 "
2025,Operating Fund Transfers,Texas Higher Education Coordinating Board,0825 - Perm Fd Minority Hlth Research/Education,7986 - Unexpended Cash Balance Forward – Operating Transfers Out,"$686,299 "
2025,Operating Fund Transfers,Texas Historical Commission,0599 - Economic Stabilization Fund,7986 - Unexpended Cash Balance Forward – Operating Transfers Out,"$8,126,687 "
2025,Operating Fund Transfers,Texas Historical Commission,0664 - Gr Acct-Tx Preservation Trust,7986 - Unexpended Cash Balance Forward – Operating Transfers Out,"$1,650,433 "
2025,Operating Fund Transfers,Texas Historical Commission,5139 - Gr Acct - Historic Site,7986 - Unexpended Cash Balance Forward – Operating Transfers Out,"$3,421,502 "
2025,Operating Fund Transfers,Texas Lottery Commission,0895 - Lotto Prize Trust Fd,7986 - Unexpended Cash Balance Forward – Operating Transfers Out,"$106,506,732 "
2025,Operating Fund Transfers,Texas Lottery Commission,5025 - Gr Acct-Lottery,7986 - Unexpended Cash Balance Forward – Operating Transfers Out,"$50,000,000 "
2025,Operating Fund Transfers,Texas Low-Level Radioactive Waste Disposal Compact Commission,5151 - Gr Acct-Lw-Lvl Radioact Waste Disp Cpt C,7986 - Unexpended Cash Balance Forward – Operating Transfers Out,"$111,382 "
2025,Operating Fund Transfers,Texas Public Finance Authority,0001 - General Revenue Fund,7986 - Unexpended Cash Balance Forward – Operating Transfers Out,"$3,000 "
2025,Operating Fund Transfers,Texas Public Finance Authority,0733 - Tpfa Master Lease Interest/Sinking Fund,7986 - Unexpended Cash Balance Forward – Operating Transfers Out,"$2,856,316 "
2025,Operating Fund Transfers,Texas Public Finance Authority,7013 - Tpfa Go Ser 2002a Int & Sink Fd,7986 - Unexpended Cash Balance Forward – Operating Transfers Out,"$66,715 "
2025,Operating Fund Transfers,Texas Public Finance Authority,7020 - Tpfa Go Ser2002b Coml Pap Colonia Rebate,7986 - Unexpended Cash Balance Forward – Operating Transfers Out,"$120,519 "
2025,Operating Fund Transfers,Texas Public Finance Authority,7030 - Tpfa Go Ser2007 Tdcj&Tfc Inter & Sink Fd,7986 - Unexpended Cash Balance Forward – Operating Transfers Out,"$57,383 "
2025,Operating Fund Transfers,Texas Public Finance Authority,7201 - Tpfa Go Ser 2002a Coml Paper Tdh Proj A,7986 - Unexpended Cash Balance Forward – Operating Transfers Out,"$3,701 "
2025,Operating Fund Transfers,Texas Public Finance Authority,7209 - Tpfa Go Ser2008a Refndg Dps Project Fd,7986 - Unexpended Cash Balance Forward – Operating Transfers Out,"$162,391 "
2025,Operating Fund Transfers,Texas Public Finance Authority,7211 - Tpfa Go Series 2009b Dps Project Fund,7986 - Unexpended Cash Balance Forward – Operating Transfers Out,"$207,284 "
2025,Operating Fund Transfers,Texas Public Finance Authority,7618 - Tpfa Go Ser2002a Coml Paper Dps Prj B Fd,7986 - Unexpended Cash Balance Forward – Operating Transfers Out,"$607,013 "
2025,Operating Fund Transfers,Texas Public Finance Authority,7648 - Tpfa Go Coml Papr Ser2008 Dps Proj 1b Fd,7986 - Unexpended Cash Balance Forward – Operating Transfers Out,"$442,948 "
2025,Operating Fund Transfers,Texas Public Finance Authority,7651 - Tpfa Go Cml Paper Ser2008 Dshs Prj 1c Fd,7986 - Unexpended Cash Balance Forward – Operating Transfers Out,"$298,143 "
2025,Operating Fund Transfers,Texas Public Finance Authority,7662 - Tpfa Go Cml Paper Ser2008 Thc Proj 1d Fd,7986 - Unexpended Cash Balance Forward – Operating Transfers Out,"$19,938 "
2025,Operating Fund Transfers,Texas Public Finance Authority,7800 - Tpfa Rv Com Pap Srs 16 Tfc Project Fund,7986 - Unexpended Cash Balance Forward – Operating Transfers Out,"$906,682 "
2025,Operating Fund Transfers,Texas State Library and Archives Commission,0001 - General Revenue Fund,7986 - Unexpended Cash Balance Forward – Operating Transfers Out,"$307,111 "
2025,Operating Fund Transfers,Texas Tech University,0214 - Available Texas University Fund,7986 - Unexpended Cash Balance Forward – Operating Transfers Out,$513 
2025,Operating Fund Transfers,Texas Veterans Commission,0368 - Fund For Veterans' Assistance,7986 - Unexpended Cash Balance Forward – Operating Transfers Out,"$15,186,723 "
2025,Operating Fund Transfers,Texas Water Development Board,0175 - Texas Infrastructure Resiliency Fund,7986 - Unexpended Cash Balance Forward – Operating Transfers Out,"$39,297,512 "
2025,Operating Fund Transfers,Texas Water Development Board,0194 - Flood Infrastructure Fund,7986 - Unexpended Cash Balance Forward – Operating Transfers Out,"($1,071,525)"
2025,Operating Fund Transfers,Texas Water Development Board,0301 - Rural Water Assistance Fund,7986 - Unexpended Cash Balance Forward – Operating Transfers Out,"$853,860 "
2025,Operating Fund Transfers,Texas Water Development Board,0302 - Water Infrastructure Fund,7986 - Unexpended Cash Balance Forward – Operating Transfers Out,"$33,901,683 "
2025,Operating Fund Transfers,Texas Water Development Board,0356 - Economicaly Distrs Areas Cl Fd,7986 - Unexpended Cash Balance Forward – Operating Transfers Out,"$8,037 "
2025,Operating Fund Transfers,Texas Water Development Board,0357 - Economic Distrs Area Cl I&S Fd,7986 - Unexpended Cash Balance Forward – Operating Transfers Out,"$2,197,404 "
2025,Operating Fund Transfers,Texas Water Development Board,0358 - Agrig Water Conservation Fd,7986 - Unexpended Cash Balance Forward – Operating Transfers Out,"$1,000,000 "
2025,Operating Fund Transfers,Texas Water Development Board,0370 - Tx Water Development Fd Ii Clearance Fd,7986 - Unexpended Cash Balance Forward – Operating Transfers Out,"$177,021,790 "
2025,Operating Fund Transfers,Texas Water Development Board,0371 - Tx Water Development Fd Ii,7986 - Unexpended Cash Balance Forward – Operating Transfers Out,"$51,907,360 "
2025,Operating Fund Transfers,Texas Water Development Board,0480 - Water Assistance Fund,7986 - Unexpended Cash Balance Forward – Operating Transfers Out,"($889,995)"
2025,Operating Fund Transfers,Texas Water Development Board,0484 - Texas Water Fund,7986 - Unexpended Cash Balance Forward – Operating Transfers Out,"$1,027,991,885 "
2025,Operating Fund Transfers,Texas Water Development Board,5180 - Gr Account - Strategic Mapping,7986 - Unexpended Cash Balance Forward – Operating Transfers Out,"$3,697 "
2025,Operating Fund Transfers,Texas Workforce Commission,0925 - Career School/College Tuition Trust Acct,7986 - Unexpended Cash Balance Forward – Operating Transfers Out,"$3,025,142 "
2025,Operating Fund Transfers,Texas Workforce Commission,5043 - Gr Acct-Business Enterprise Prog Trust,7986 - Unexpended Cash Balance Forward – Operating Transfers Out,"$186,852 "
2025,Operating Fund Transfers,Texas Workforce Commission,5143 - Gr Account -Jobs & Educ For Texans (Jet),7986 - Unexpended Cash Balance Forward – Operating Transfers Out,"$1,148,544 "
2025,Operating Fund Transfers,University of Houston,0214 - Available Texas University Fund,7986 - Unexpended Cash Balance Forward – Operating Transfers Out,"$12,249,807 "
2025,Operating Fund Transfers,University of Texas at Arlington,0214 - Available Texas University Fund,7986 - Unexpended Cash Balance Forward – Operating Transfers Out,"$1,000,000 "
2025,Operating Fund Transfers,University of Texas at Dallas,0214 - Available Texas University Fund,7986 - Unexpended Cash Balance Forward – Operating Transfers Out,"$1,856,561 "
2025,Operating Fund Transfers,University of Texas at San Antonio,0214 - Available Texas University Fund,7986 - Unexpended Cash Balance Forward – Operating Transfers Out,"$5,544,821 "
2025,Operating Fund Transfers,University of Texas Health Science Center at Houston,0810 - Permanent Health Fund For Higher Ed,7986 - Unexpended Cash Balance Forward – Operating Transfers Out,"$627,735 "
2025,Operating Fund Transfers,University of Texas Health Science Center at Houston,0822 - Perm Endowmnt Fd Ut Reg Acad Health Ctr,7986 - Unexpended Cash Balance Forward – Operating Transfers Out,"$2,869,801 "
2025,Operating Fund Transfers,University of Texas Health Science Center at San Antonio,5189 - Gr Acct-Opioid Abatement,7986 - Unexpended Cash Balance Forward – Operating Transfers Out,"$5,046,043 "
2025,Operating Fund Transfers,University of Texas of the Permian Basin,0210 - Support Military/Veterans Exemption,7986 - Unexpended Cash Balance Forward – Operating Transfers Out,"$4,789 "
2025,Operating Fund Transfers,University of Texas System,0011 - Available University Fund,7986 - Unexpended Cash Balance Forward – Operating Transfers Out,"$681,849 "
2024,Operating Fund Transfers,Attorney General,5010 - Gr Acct - Sexual Assault Program,7986 - Unexpended Cash Balance Forward – Operating Transfers Out,"$798,792 "
2024,Operating Fund Transfers,Cancer Prevention & Research Institute of Texas,0001 - General Revenue Fund,7986 - Unexpended Cash Balance Forward – Operating Transfers Out,$0 
2024,Operating Fund Transfers,Cancer Prevention & Research Institute of Texas,0802 - License Plate Trust Fund,7986 - Unexpended Cash Balance Forward – Operating Transfers Out,"$182,493 "
2024,Operating Fund Transfers,Cancer Prevention & Research Institute of Texas,5136 - Gr Acct - Cancer Prevention And Research,7986 - Unexpended Cash Balance Forward – Operating Transfers Out,"$1,636,419 "
2024,Operating Fund Transfers,Cancer Prevention & Research Institute of Texas,5168 - Gr Acct-Cancer Prevention Research I&S,7986 - Unexpended Cash Balance Forward – Operating Transfers Out,"$6,485,312 "
2024,Operating Fund Transfers,Cancer Prevention & Research Institute of Texas,7639 - Tpfa Cprit Project Fund,7986 - Unexpended Cash Balance Forward – Operating Transfers Out,"$208,154,621 "
2024,Operating Fund Transfers,Commission on Jail Standards,5172 - Gr Acct-Prisoner Safety,7986 - Unexpended Cash Balance Forward – Operating Transfers Out,"$626,292 "
2024,Operating Fund Transfers,Commission on State Emergency Communications,5007 - Gr Acct Comm On State Emergency Comm,7986 - Unexpended Cash Balance Forward – Operating Transfers Out,"$25,000,000 "
2024,Operating Fund Transfers,Commission on State Emergency Communications,5050 - Gr Acct-911 Service Fees,7986 - Unexpended Cash Balance Forward – Operating Transfers Out,"$30,000,000 "
2024,Operating Fund Transfers,Comptroller-State Energy Conservation Office,0001 - General Revenue Fund,7986 - Unexpended Cash Balance Forward – Operating Transfers Out,"$57,659,200 "
2024,Operating Fund Transfers,Comptroller-State Energy Conservation Office,5005 - Gr Acct - Oil Overcharge,7986 - Unexpended Cash Balance Forward – Operating Transfers Out,"$70,946,446 "
2024,Operating Fund Transfers,Comptroller-State Fiscal,0599 - Economic Stabilization Fund,7986 - Unexpended Cash Balance Forward – Operating Transfers Out,"$1,170,952,702 "
2024,Operating Fund Transfers,Comptroller-State Fiscal,5040 - Gr Acct-Tobacco Settlement,7986 - Unexpended Cash Balance Forward – Operating Transfers Out,"$690,409,014 "
2024,Operating Fund Transfers,Comptroller-State Fiscal,5189 - Gr Acct-Opioid Abatement,7986 - Unexpended Cash Balance Forward – Operating Transfers Out,"$128,436,318 "
2024,Operating Fund Transfers,Department of Agriculture,0001 - General Revenue Fund,7986 - Unexpended Cash Balance Forward – Operating Transfers Out,"$5,558,732 "
2024,Operating Fund Transfers,Department of Agriculture,0183 - Tx Economic Development Fund,7986 - Unexpended Cash Balance Forward – Operating Transfers Out,"$21,578,928 "
2024,Operating Fund Transfers,Department of Agriculture,0186 - Pesticide Disposal Fund,7986 - Unexpended Cash Balance Forward – Operating Transfers Out,"$460,309 "
2024,Operating Fund Transfers,Department of Agriculture,0325 - Coronavirus Relief Fund,7986 - Unexpended Cash Balance Forward – Operating Transfers Out,"$6,328,967 "
2024,Operating Fund Transfers,Department of Agriculture,0683 - Tex Agricultural Fund,7986 - Unexpended Cash Balance Forward – Operating Transfers Out,"$16,626,369 "
2024,Operating Fund Transfers,Department of Agriculture,0802 - License Plate Trust Fund,7986 - Unexpended Cash Balance Forward – Operating Transfers Out,"$105,690 "
2024,Operating Fund Transfers,Department of Agriculture,0974 - Produce Recovery Trust Fund,7986 - Unexpended Cash Balance Forward – Operating Transfers Out,"$2,090,605 "
2024,Operating Fund Transfers,Department of Agriculture,5047 - Gr Acct-Perm Fd Rural Health Fac Cap Imp,7986 - Unexpended Cash Balance Forward – Operating Transfers Out,"$5,045,405 "
2024,Operating Fund Transfers,Department of Agriculture,5091 - Gr Acct-Orca Federal,7986 - Unexpended Cash Balance Forward – Operating Transfers Out,"$8,029,678 "
2024,Operating Fund Transfers,Department of Agriculture,5178 - Gr Acct - State Hemp Program,7986 - Unexpended Cash Balance Forward – Operating Transfers Out,"$346,855 "
2024,Operating Fund Transfers,Department of Family and Protective Services,5085 - Gr Acct-Child Abuse Neg/Prev Trust,7986 - Unexpended Cash Balance Forward – Operating Transfers Out,"$1,218,449 "
2024,Operating Fund Transfers,Department of State Health Services,0019 - Gr Acct-Vital Statistics,7986 - Unexpended Cash Balance Forward – Operating Transfers Out,"$10,118,306 "
2024,Operating Fund Transfers,Department of State Health Services,0129 - Gr Acct-Hospital Licensing,7986 - Unexpended Cash Balance Forward – Operating Transfers Out,"$49,752 "
2024,Operating Fund Transfers,Department of State Health Services,0273 - Gr Acct-Fed Health & Health Lab Funding,7986 - Unexpended Cash Balance Forward – Operating Transfers Out,"$995,150 "
2024,Operating Fund Transfers,Department of State Health Services,0325 - Coronavirus Relief Fund,7986 - Unexpended Cash Balance Forward – Operating Transfers Out,"$87,440 "
2024,Operating Fund Transfers,Department of State Health Services,0341 - Gr Acct-Food & Drug Retail Fees,7986 - Unexpended Cash Balance Forward – Operating Transfers Out,"$14,331,354 "
2024,Operating Fund Transfers,Department of State Health Services,0512 - Gr Acct-Bureau Of Emergcy Mgt,7986 - Unexpended Cash Balance Forward – Operating Transfers Out,"$1,908,312 "
2024,Operating Fund Transfers,Department of State Health Services,0524 - Gr Acct-Public Health Svcs Fee,7986 - Unexpended Cash Balance Forward – Operating Transfers Out,"$547,837 "
2024,Operating Fund Transfers,Department of State Health Services,0802 - License Plate Trust Fund,7986 - Unexpended Cash Balance Forward – Operating Transfers Out,"$148,521 "
2024,Operating Fund Transfers,Department of State Health Services,5017 - Gr Acct-Asbestos Removal Licensure,7986 - Unexpended Cash Balance Forward – Operating Transfers Out,"$26,158,910 "
2024,Operating Fund Transfers,Department of State Health Services,5020 - Gr Acct-Workplace Chemicals List,7986 - Unexpended Cash Balance Forward – Operating Transfers Out,"$26,256 "
2024,Operating Fund Transfers,Department of State Health Services,5021 - Gr Acct-Cert Of Mammography Systems,7986 - Unexpended Cash Balance Forward – Operating Transfers Out,"$3,997,288 "
2024,Operating Fund Transfers,Department of State Health Services,5022 - Gr Acct - Oysters Sales,7986 - Unexpended Cash Balance Forward – Operating Transfers Out,$916 
2024,Operating Fund Transfers,Department of State Health Services,5024 - Gr Acct-Food & Drug Registration,7986 - Unexpended Cash Balance Forward – Operating Transfers Out,"$33,703,663 "
2024,Operating Fund Transfers,Department of State Health Services,5048 - Gr Acct-Perm Hosp Cptl Imp/Ctr Infec Dis,7986 - Unexpended Cash Balance Forward – Operating Transfers Out,"$61,934 "
2024,Operating Fund Transfers,Department of State Health Services,5096 - Gr Acct - Perpetual Care,7986 - Unexpended Cash Balance Forward – Operating Transfers Out,"$7,563,033 "
2024,Operating Fund Transfers,Department of State Health Services,"5108 - Gr Acct - Ems, Trauma Fac, Trauma Sys",7986 - Unexpended Cash Balance Forward – Operating Transfers Out,"$20,241,811 "
2024,Operating Fund Transfers,Department of State Health Services,5125 - Gr Acct - Childhood Immunization,7986 - Unexpended Cash Balance Forward – Operating Transfers Out,"$156,593 "
2024,Operating Fund Transfers,Department of State Health Services,7639 - Tpfa Cprit Project Fund,7986 - Unexpended Cash Balance Forward – Operating Transfers Out,"$402,260 "
2024,Operating Fund Transfers,Employees Retirement System of Texas,0929 - Social Security Admin Tr Acct,7986 - Unexpended Cash Balance Forward – Operating Transfers Out,"$11,000 "
2024,Operating Fund Transfers,Employees Retirement System of Texas,"0945 - Def Compensation Trust Fd, Ers",7986 - Unexpended Cash Balance Forward – Operating Transfers Out,"$901,363 "
2024,Operating Fund Transfers,General Land Office,0374 - Vlb-Veterans Financial Asst Prog Fund,7986 - Unexpended Cash Balance Forward – Operating Transfers Out,"($76,845)"
2024,Operating Fund Transfers,General Land Office,0522 - Veterans Land Program Admin Fd,7986 - Unexpended Cash Balance Forward – Operating Transfers Out,"$3,167,903 "
2024,Operating Fund Transfers,General Land Office,0599 - Economic Stabilization Fund,7986 - Unexpended Cash Balance Forward – Operating Transfers Out,"$11,555,121 "
2024,Operating Fund Transfers,General Land Office,5176 - Gr Acct - Coastal Erosion Response,7986 - Unexpended Cash Balance Forward – Operating Transfers Out,"$66,597,846 "
2024,Operating Fund Transfers,Governor-Fiscal,0001 - General Revenue Fund,7986 - Unexpended Cash Balance Forward – Operating Transfers Out,"$15,434,593 "
2024,Operating Fund Transfers,Governor-Fiscal,0325 - Coronavirus Relief Fund,7986 - Unexpended Cash Balance Forward – Operating Transfers Out,"$146,255,470 "
2024,Operating Fund Transfers,Governor-Fiscal,0421 - Gr Acct-Crim Justice Planning,7986 - Unexpended Cash Balance Forward – Operating Transfers Out,"$51,513,061 "
2024,Operating Fund Transfers,Governor-Fiscal,0599 - Economic Stabilization Fund,7986 - Unexpended Cash Balance Forward – Operating Transfers Out,"$126,912,694 "
2024,Operating Fund Transfers,Governor-Fiscal,0802 - License Plate Trust Fund,7986 - Unexpended Cash Balance Forward – Operating Transfers Out,"$75,829 "
2024,Operating Fund Transfers,Governor-Fiscal,0806 - Spaceport Trust Fund,7986 - Unexpended Cash Balance Forward – Operating Transfers Out,"$1,279,105 "
2024,Operating Fund Transfers,Governor-Fiscal,0830 - Events Trust Fd For Certain Muni/Countys,7986 - Unexpended Cash Balance Forward – Operating Transfers Out,"$27,347,908 "
2024,Operating Fund Transfers,Governor-Fiscal,0869 - Major Events Reimbursement Program,7986 - Unexpended Cash Balance Forward – Operating Transfers Out,"$46,742,150 "
2024,Operating Fund Transfers,Governor-Fiscal,5003 - Gr Acct-Hotel Occ Tax For Economic Devel,7986 - Unexpended Cash Balance Forward – Operating Transfers Out,"$10,856,978 "
2024,Operating Fund Transfers,Governor-Fiscal,5010 - Gr Acct - Sexual Assault Program,7986 - Unexpended Cash Balance Forward – Operating Transfers Out,"$1,212,351 "
2024,Operating Fund Transfers,Governor-Fiscal,5012 - Gr Acct - Crime Stoppers Assistance,7986 - Unexpended Cash Balance Forward – Operating Transfers Out,"$946,650 "
2024,Operating Fund Transfers,Governor-Fiscal,5106 - Gr Acct - Economic Dev Bank,7986 - Unexpended Cash Balance Forward – Operating Transfers Out,"$32,229,820 "
2024,Operating Fund Transfers,Governor-Fiscal,5107 - Gr Acct - Texas Enterprise,7986 - Unexpended Cash Balance Forward – Operating Transfers Out,"$334,431,076 "
2024,Operating Fund Transfers,Governor-Fiscal,5114 - Gr Acct-Tx Military Value Revolving Loan,7986 - Unexpended Cash Balance Forward – Operating Transfers Out,"$77,966 "
2024,Operating Fund Transfers,Governor-Fiscal,5153 - Gr Acct-Emergency Radio Infrastructure,7986 - Unexpended Cash Balance Forward – Operating Transfers Out,"$8,301,697 "
2024,Operating Fund Transfers,Governor-Fiscal,5161 - Gr-Acct Governor'S Univ Research Initive,7986 - Unexpended Cash Balance Forward – Operating Transfers Out,"$66,129,604 "
2024,Operating Fund Transfers,Governor-Fiscal,5164 - Gr Acct-Youth Diversion,7986 - Unexpended Cash Balance Forward – Operating Transfers Out,"$11,359,555 "
2024,Operating Fund Transfers,Governor-Fiscal,5170 - Gr Acct-Evidence Testing,7986 - Unexpended Cash Balance Forward – Operating Transfers Out,"$4,245,852 "
2024,Operating Fund Transfers,Governor-Fiscal,5184 - Gr Account - Specialty Court,7986 - Unexpended Cash Balance Forward – Operating Transfers Out,"$29,995,612 "
2024,Operating Fund Transfers,Health and Human Services Commission,0107 - Gr Acct-Comprehensive Rehabilitation,7986 - Unexpended Cash Balance Forward – Operating Transfers Out,$2 
2024,Operating Fund Transfers,Health and Human Services Commission,0129 - Gr Acct-Hospital Licensing,7986 - Unexpended Cash Balance Forward – Operating Transfers Out,"$20,659,853 "
2024,Operating Fund Transfers,Health and Human Services Commission,0373 - Freestanding Emerg Med Care Fac Lic Fund,7986 - Unexpended Cash Balance Forward – Operating Transfers Out,"$306,998 "
2024,Operating Fund Transfers,Health and Human Services Commission,0599 - Economic Stabilization Fund,7986 - Unexpended Cash Balance Forward – Operating Transfers Out,"$38,631,148 "
2024,Operating Fund Transfers,Health and Human Services Commission,0857 - Assisted Living Facility Trust Fd,7986 - Unexpended Cash Balance Forward – Operating Transfers Out,"$520,838 "
2024,Operating Fund Transfers,Health and Human Services Commission,0992 - Nursing/Convales Home Trst Fd,7986 - Unexpended Cash Balance Forward – Operating Transfers Out,"$10,416,764 "
2024,Operating Fund Transfers,Health and Human Services Commission,5018 - Gr Acct - Home Health Services,7986 - Unexpended Cash Balance Forward – Operating Transfers Out,"$905,017 "
2024,Operating Fund Transfers,Health and Human Services Commission,7802 - Tpfa Rv Com Pap Srs 2019a Hhsc Def Maint,7986 - Unexpended Cash Balance Forward – Operating Transfers Out,"$57,008,694 "
2024,Operating Fund Transfers,Lamar State College-Orange,0599 - Economic Stabilization Fund,7986 - Unexpended Cash Balance Forward – Operating Transfers Out,"$105,599 "
2024,Operating Fund Transfers,Parks and Wildlife Department,0001 - General Revenue Fund,7986 - Unexpended Cash Balance Forward – Operating Transfers Out,"$15,653 "
2024,Operating Fund Transfers,Parks and Wildlife Department,"0009 - Gr Account-Game, Fish, Water Safety",7986 - Unexpended Cash Balance Forward – Operating Transfers Out,"$2,663,148 "
2024,Operating Fund Transfers,Parks and Wildlife Department,0064 - Gr Acct-State Parks,7986 - Unexpended Cash Balance Forward – Operating Transfers Out,"$2,443,899 "
2024,Operating Fund Transfers,Parks and Wildlife Department,0467 - Gr Acct-Tx Recreation & Parks,7986 - Unexpended Cash Balance Forward – Operating Transfers Out,"$21,001,098 "
2024,Operating Fund Transfers,Parks and Wildlife Department,0506 - Gr Acct-Non-Game/Endanger Spec,7986 - Unexpended Cash Balance Forward – Operating Transfers Out,$37 
2024,Operating Fund Transfers,Parks and Wildlife Department,0599 - Economic Stabilization Fund,7986 - Unexpended Cash Balance Forward – Operating Transfers Out,"$7,199 "
2024,Operating Fund Transfers,Parks and Wildlife Department,0679 - Gr Acct-Artificial Reef,7986 - Unexpended Cash Balance Forward – Operating Transfers Out,"$9,144,452 "
2024,Operating Fund Transfers,Parks and Wildlife Department,0885 - State Parks Endowment Trust Account,7986 - Unexpended Cash Balance Forward – Operating Transfers Out,"$721,977 "
2024,Operating Fund Transfers,Parks and Wildlife Department,5004 - Gr Acct-Pks/ Wildlife Conserv Atn/Capt'L,7986 - Unexpended Cash Balance Forward – Operating Transfers Out,"$29,686,176 "
2024,Operating Fund Transfers,Parks and Wildlife Department,5150 - Gr Acct-Large Count & Munic Rec & Parks,7986 - Unexpended Cash Balance Forward – Operating Transfers Out,"$1,803,057 "
2024,Operating Fund Transfers,Parks and Wildlife Department,7647 - Tpfa Go Coml Papr Ser2008 Tpwd Prj 1b Fd,7986 - Unexpended Cash Balance Forward – Operating Transfers Out,"$3,566 "
2024,Operating Fund Transfers,Parks and Wildlife Department,7654 - Tpfa Go Cml Papr Ser2008 Tpwd Proj 1c Fd,7986 - Unexpended Cash Balance Forward – Operating Transfers Out,"$255,241 "
2024,Operating Fund Transfers,Parks and Wildlife Department,7659 - Tpfa Go Cml Papr Ser2008 Tpwd Proj 1d Fd,7986 - Unexpended Cash Balance Forward – Operating Transfers Out,"$727,971 "
2024,Operating Fund Transfers,Prairie View A&M University,0047 - Texas A&M Univ Available Fund,7986 - Unexpended Cash Balance Forward – Operating Transfers Out,"$42,344,780 "
2024,Operating Fund Transfers,Prairie View A&M University,0802 - License Plate Trust Fund,7986 - Unexpended Cash Balance Forward – Operating Transfers Out,"$32,489 "
2024,Operating Fund Transfers,State Preservation Board,0804 - Governor'S Mansion Renewal Trust,7986 - Unexpended Cash Balance Forward – Operating Transfers Out,"$487,524 "
2024,Operating Fund Transfers,State Preservation Board,0849 - Bob Bullock Tx St His Museum Local Tr Fd,7986 - Unexpended Cash Balance Forward – Operating Transfers Out,"$588,454 "
2024,Operating Fund Transfers,State Preservation Board,0854 - Capital Renewal Trust Fund,7986 - Unexpended Cash Balance Forward – Operating Transfers Out,"$2,745,728 "
2024,Operating Fund Transfers,State Preservation Board,0879 - Capitol Local Trust Fund,7986 - Unexpended Cash Balance Forward – Operating Transfers Out,"$1,017,063 "
2024,Operating Fund Transfers,State Preservation Board,0902 - State Cemetery Preservation Trust,7986 - Unexpended Cash Balance Forward – Operating Transfers Out,"$10,919,071 "
2024,Operating Fund Transfers,Texas A&M Forest Service,5064 - Gr Acct - Volunteer Fire Dept Assistance,7986 - Unexpended Cash Balance Forward – Operating Transfers Out,"$8,396,621 "
2024,Operating Fund Transfers,Texas A&M University (Main University),0047 - Texas A&M Univ Available Fund,7986 - Unexpended Cash Balance Forward – Operating Transfers Out,"$162,205,680 "
2024,Operating Fund Transfers,Texas A&M University System,0047 - Texas A&M Univ Available Fund,7986 - Unexpended Cash Balance Forward – Operating Transfers Out,"($402,650)"
2024,Operating Fund Transfers,Texas A&M University System Health Science Center,0047 - Texas A&M Univ Available Fund,7986 - Unexpended Cash Balance Forward – Operating Transfers Out,"$18,005,689 "
2024,Operating Fund Transfers,Texas A&M University-Kingsville,0802 - License Plate Trust Fund,7986 - Unexpended Cash Balance Forward – Operating Transfers Out,$255 
2024,Operating Fund Transfers,Texas A&M University-Texarkana,0210 - Support Military/Veterans Exemption,7986 - Unexpended Cash Balance Forward – Operating Transfers Out,"$40,477 "
2024,Operating Fund Transfers,Texas Broadband Development Office,5187 - Gr Acct - Broadband Development,7986 - Unexpended Cash Balance Forward – Operating Transfers Out,"$8,591 "
2024,Operating Fund Transfers,Texas Commission on Environmental Quality,0088 - Gr-Acct Low-Level Radioactive Waste,7986 - Unexpended Cash Balance Forward – Operating Transfers Out,"$17,325,979 "
2024,Operating Fund Transfers,Texas Commission on Environmental Quality,5071 - Gr Acct-Emissions Reduction Plan,7986 - Unexpended Cash Balance Forward – Operating Transfers Out,"$1,341,864,897 "
2024,Operating Fund Transfers,Texas Department of Criminal Justice,0599 - Economic Stabilization Fund,7986 - Unexpended Cash Balance Forward – Operating Transfers Out,"$13,471,434 "
2024,Operating Fund Transfers,Texas Department of Criminal Justice,5060 - Gr Acct-Private Sector Prison Industries,7986 - Unexpended Cash Balance Forward – Operating Transfers Out,"$43,937 "
2024,Operating Fund Transfers,Texas Department of Public Safety,0001 - General Revenue Fund,7986 - Unexpended Cash Balance Forward – Operating Transfers Out,"$101,066 "
2024,Operating Fund Transfers,Texas Department of Public Safety,5010 - Gr Acct - Sexual Assault Program,7986 - Unexpended Cash Balance Forward – Operating Transfers Out,"$1,052,676 "
2024,Operating Fund Transfers,Texas Department of Public Safety,5013 - Gr Acct - Breath Alcohol Testing,7986 - Unexpended Cash Balance Forward – Operating Transfers Out,"$5,043,801 "
2024,Operating Fund Transfers,Texas Department of Public Safety,7629 - Tpfa Go Coml Paper Ser2008 Dps Prj 1a Fd,7986 - Unexpended Cash Balance Forward – Operating Transfers Out,"$15,097,091 "
2024,Operating Fund Transfers,Texas Department of Public Safety,7656 - Tpfa Go Cml Papr Ser2008 Dps Proj 1c Fd,7986 - Unexpended Cash Balance Forward – Operating Transfers Out,"$4,264,021 "
2024,Operating Fund Transfers,Texas Department of Transportation,7604 - Tpfa Go Ser2002b Coml Pap Colonia Prj Fd,7986 - Unexpended Cash Balance Forward – Operating Transfers Out,"$80,352 "
2024,Operating Fund Transfers,Texas Education Agency,0002 - Available School Fund,7986 - Unexpended Cash Balance Forward – Operating Transfers Out,"$136,805,438 "
2024,Operating Fund Transfers,Texas Education Agency,0003 - State Technology Instructional Materials,7986 - Unexpended Cash Balance Forward – Operating Transfers Out,"$458,354,732 "
2024,Operating Fund Transfers,Texas Education Agency,0193 - Gr Account-Foundation School,7986 - Unexpended Cash Balance Forward – Operating Transfers Out,"$1,944,032,701 "
2024,Operating Fund Transfers,Texas Emergency Services Retirement System,0976 - Tx Emergency Services Retirement Tr Fd,7986 - Unexpended Cash Balance Forward – Operating Transfers Out,"$654,030 "
2024,Operating Fund Transfers,Texas Facilities Commission,0599 - Economic Stabilization Fund,7986 - Unexpended Cash Balance Forward – Operating Transfers Out,"$161,634 "
2024,Operating Fund Transfers,Texas Facilities Commission,5166 - Gr Acct-Deferred Maintenance,7986 - Unexpended Cash Balance Forward – Operating Transfers Out,"$405,236,396 "
2024,Operating Fund Transfers,Texas Facilities Commission,7800 - Tpfa Rv Com Pap Srs 16 Tfc Project Fund,7986 - Unexpended Cash Balance Forward – Operating Transfers Out,"$638,936 "
2024,Operating Fund Transfers,Texas Higher Education Coordinating Board,0387 - Texas Opportunity Plan Fund,7986 - Unexpended Cash Balance Forward – Operating Transfers Out,"$182,836,065 "
2024,Operating Fund Transfers,Texas Higher Education Coordinating Board,0388 - Tx Coll Student Loan Bond I&S,7986 - Unexpended Cash Balance Forward – Operating Transfers Out,"$130,240,601 "
2024,Operating Fund Transfers,Texas Higher Education Coordinating Board,0601 - Student Loan Auxiliary Fund,7986 - Unexpended Cash Balance Forward – Operating Transfers Out,"$104,905,720 "
2024,Operating Fund Transfers,Texas Higher Education Coordinating Board,0802 - License Plate Trust Fund,7986 - Unexpended Cash Balance Forward – Operating Transfers Out,$22 
2024,Operating Fund Transfers,Texas Higher Education Coordinating Board,0825 - Perm Fd Minority Hlth Research/Education,7986 - Unexpended Cash Balance Forward – Operating Transfers Out,"$7,430,599 "
2024,Operating Fund Transfers,Texas Higher Education Coordinating Board,5103 - Gr Acct - Texas B-On-Time Student Loan,7986 - Unexpended Cash Balance Forward – Operating Transfers Out,"$139,536,360 "
2024,Operating Fund Transfers,Texas Higher Education Coordinating Board,5144 - Gr Acct - Physician Educ Loan Repmt Prog,7986 - Unexpended Cash Balance Forward – Operating Transfers Out,"$7,804,270 "
2024,Operating Fund Transfers,Texas Historical Commission,0599 - Economic Stabilization Fund,7986 - Unexpended Cash Balance Forward – Operating Transfers Out,"$7,015,641 "
2024,Operating Fund Transfers,Texas Historical Commission,0664 - Gr Acct-Tx Preservation Trust,7986 - Unexpended Cash Balance Forward – Operating Transfers Out,"$1,349,567 "
2024,Operating Fund Transfers,Texas Historical Commission,5139 - Gr Acct - Historic Site,7986 - Unexpended Cash Balance Forward – Operating Transfers Out,"$10,023,207 "
2024,Operating Fund Transfers,Texas Historical Commission,7213 - Tpfa Go Series 2009b Thc Project Fund,7986 - Unexpended Cash Balance Forward – Operating Transfers Out,"$155,431 "
2024,Operating Fund Transfers,Texas Historical Commission,7636 - Tpfa Go Comml Papr Ser2008thc Prj 1a Fnd,7986 - Unexpended Cash Balance Forward – Operating Transfers Out,"$154,810 "
2024,Operating Fund Transfers,Texas Lottery Commission,0895 - Lotto Prize Trust Fd,7986 - Unexpended Cash Balance Forward – Operating Transfers Out,"$126,717,245 "
2024,Operating Fund Transfers,Texas Lottery Commission,5025 - Gr Acct-Lottery,7986 - Unexpended Cash Balance Forward – Operating Transfers Out,"$30,563,316 "
2024,Operating Fund Transfers,Texas Permanent School Fund Corporation,0044 - Permanent School Fund,7986 - Unexpended Cash Balance Forward – Operating Transfers Out,"$1,369,639 "
2024,Operating Fund Transfers,Texas Public Finance Authority,0733 - Tpfa Master Lease Interest/Sinking Fund,7986 - Unexpended Cash Balance Forward – Operating Transfers Out,"$2,953,333 "
2024,Operating Fund Transfers,Texas Public Finance Authority,0735 - Tpfa Master Lease Project Fund,7986 - Unexpended Cash Balance Forward – Operating Transfers Out,"$51,713 "
2024,Operating Fund Transfers,Texas Public Finance Authority,7013 - Tpfa Go Ser 2002a Int & Sink Fd,7986 - Unexpended Cash Balance Forward – Operating Transfers Out,"$133,431 "
2024,Operating Fund Transfers,Texas Public Finance Authority,7020 - Tpfa Go Ser2002b Coml Pap Colonia Rebate,7986 - Unexpended Cash Balance Forward – Operating Transfers Out,"$241,038 "
2024,Operating Fund Transfers,Texas Public Finance Authority,7030 - Tpfa Go Ser2007 Tdcj&Tfc Inter & Sink Fd,7986 - Unexpended Cash Balance Forward – Operating Transfers Out,"$114,765 "
2024,Operating Fund Transfers,Texas Public Finance Authority,7201 - Tpfa Go Ser 2002a Coml Paper Tdh Proj A,7986 - Unexpended Cash Balance Forward – Operating Transfers Out,"$7,403 "
2024,Operating Fund Transfers,Texas Public Finance Authority,7651 - Tpfa Go Cml Paper Ser2008 Dshs Prj 1c Fd,7986 - Unexpended Cash Balance Forward – Operating Transfers Out,"$596,286 "
2024,Operating Fund Transfers,Texas Public Finance Authority,7652 - Tpfa Go Cml Paper Ser2008 Tfc Proj 1c Fd,7986 - Unexpended Cash Balance Forward – Operating Transfers Out,"$432,729 "
2024,Operating Fund Transfers,Texas Public Finance Authority,7662 - Tpfa Go Cml Paper Ser2008 Thc Proj 1d Fd,7986 - Unexpended Cash Balance Forward – Operating Transfers Out,"$39,876 "
2024,Operating Fund Transfers,Texas Southern University,0210 - Support Military/Veterans Exemption,7986 - Unexpended Cash Balance Forward – Operating Transfers Out,"$75,772 "
2024,Operating Fund Transfers,Texas State Library and Archives Commission,0001 - General Revenue Fund,7986 - Unexpended Cash Balance Forward – Operating Transfers Out,"$653,369 "
2024,Operating Fund Transfers,Texas Tech University,0214 - Available Texas University Fund,7986 - Unexpended Cash Balance Forward – Operating Transfers Out,"$21,344,090 "
2024,Operating Fund Transfers,Texas Veterans Commission,0368 - Fund For Veterans' Assistance,7986 - Unexpended Cash Balance Forward – Operating Transfers Out,"$32,350,197 "
2024,Operating Fund Transfers,Texas Water Development Board,0001 - General Revenue Fund,7986 - Unexpended Cash Balance Forward – Operating Transfers Out,"$1,530,041 "
2024,Operating Fund Transfers,Texas Water Development Board,0175 - Texas Infrastructure Resiliency Fund,7986 - Unexpended Cash Balance Forward – Operating Transfers Out,"$152,139,637 "
2024,Operating Fund Transfers,Texas Water Development Board,0194 - Flood Infrastructure Fund,7986 - Unexpended Cash Balance Forward – Operating Transfers Out,"$336,028,132 "
2024,Operating Fund Transfers,Texas Water Development Board,0301 - Rural Water Assistance Fund,7986 - Unexpended Cash Balance Forward – Operating Transfers Out,"$1,258,930 "
2024,Operating Fund Transfers,Texas Water Development Board,0302 - Water Infrastructure Fund,7986 - Unexpended Cash Balance Forward – Operating Transfers Out,"$109,242,599 "
2024,Operating Fund Transfers,Texas Water Development Board,0356 - Economicaly Distrs Areas Cl Fd,7986 - Unexpended Cash Balance Forward – Operating Transfers Out,"$409,789 "
2024,Operating Fund Transfers,Texas Water Development Board,0357 - Economic Distrs Area Cl I&S Fd,7986 - Unexpended Cash Balance Forward – Operating Transfers Out,"$1,033,361 "
2024,Operating Fund Transfers,Texas Water Development Board,0358 - Agrig Water Conservation Fd,7986 - Unexpended Cash Balance Forward – Operating Transfers Out,"$5,924,800 "
2024,Operating Fund Transfers,Texas Water Development Board,0361 - State Water Implementation,7986 - Unexpended Cash Balance Forward – Operating Transfers Out,"$88,210,912 "
2024,Operating Fund Transfers,Texas Water Development Board,0370 - Tx Water Development Fd Ii Clearance Fd,7986 - Unexpended Cash Balance Forward – Operating Transfers Out,"$114,953,239 "
2024,Operating Fund Transfers,Texas Water Development Board,0371 - Tx Water Development Fd Ii,7986 - Unexpended Cash Balance Forward – Operating Transfers Out,"$146,787,397 "
2024,Operating Fund Transfers,Texas Water Development Board,0372 - Tx Water Devel Fd Ii Int & Sink Fund,7986 - Unexpended Cash Balance Forward – Operating Transfers Out,"$45,934 "
2024,Operating Fund Transfers,Texas Water Development Board,0480 - Water Assistance Fund,7986 - Unexpended Cash Balance Forward – Operating Transfers Out,"$1,123,211 "
2024,Operating Fund Transfers,Texas Water Development Board,5180 - Gr Account - Strategic Mapping,7986 - Unexpended Cash Balance Forward – Operating Transfers Out,"$2,296 "
2024,Operating Fund Transfers,Texas Workforce Commission,0925 - Career School/College Tuition Trust Acct,7986 - Unexpended Cash Balance Forward – Operating Transfers Out,"$5,355,767 "
2024,Operating Fund Transfers,Texas Workforce Commission,5043 - Gr Acct-Business Enterprise Prog Trust,7986 - Unexpended Cash Balance Forward – Operating Transfers Out,"$769,459 "
2024,Operating Fund Transfers,University of Houston,0214 - Available Texas University Fund,7986 - Unexpended Cash Balance Forward – Operating Transfers Out,"$19,271,171 "
2024,Operating Fund Transfers,University of Texas at Arlington,0214 - Available Texas University Fund,7986 - Unexpended Cash Balance Forward – Operating Transfers Out,"$5,000,000 "
2024,Operating Fund Transfers,University of Texas at Austin,0802 - License Plate Trust Fund,7986 - Unexpended Cash Balance Forward – Operating Transfers Out,$418 
2024,Operating Fund Transfers,University of Texas at Dallas,0214 - Available Texas University Fund,7986 - Unexpended Cash Balance Forward – Operating Transfers Out,"$2,839,593 "
2024,Operating Fund Transfers,University of Texas at San Antonio,0214 - Available Texas University Fund,7986 - Unexpended Cash Balance Forward – Operating Transfers Out,"$5,773,726 "
2024,Operating Fund Transfers,University of Texas Health Science Center at Houston,0810 - Permanent Health Fund For Higher Ed,7986 - Unexpended Cash Balance Forward – Operating Transfers Out,"$477,616 "
2024,Operating Fund Transfers,University of Texas Health Science Center at Houston,0822 - Perm Endowmnt Fd Ut Reg Acad Health Ctr,7986 - Unexpended Cash Balance Forward – Operating Transfers Out,"$2,758,948 "
2024,Operating Fund Transfers,University of Texas M.D. Anderson Cancer Center,0210 - Support Military/Veterans Exemption,7986 - Unexpended Cash Balance Forward – Operating Transfers Out,"$2,630 "
2024,Operating Fund Transfers,University of Texas Rio Grande Valley,0822 - Perm Endowmnt Fd Ut Reg Acad Health Ctr,7986 - Unexpended Cash Balance Forward – Operating Transfers Out,"$189,097 "
2024,Operating Fund Transfers,University of Texas System,0011 - Available University Fund,7986 - Unexpended Cash Balance Forward – Operating Transfers Out,"$593,824 "
2024,Operating Fund Transfers,West Texas A&M University,0802 - License Plate Trust Fund,7986 - Unexpended Cash Balance Forward – Operating Transfers Out,$33 
2023,Operating Fund Transfers,Attorney General,5010 - Gr Acct - Sexual Assault Program,7986 - Unexpended Cash Balance Forward – Operating Transfers Out,$501 
2023,Operating Fund Transfers,Cancer Prevention & Research Institute of Texas,0802 - License Plate Trust Fund,7986 - Unexpended Cash Balance Forward – Operating Transfers Out,"$26,660 "
2023,Operating Fund Transfers,Cancer Prevention & Research Institute of Texas,5136 - Gr Acct - Cancer Prevention And Research,7986 - Unexpended Cash Balance Forward – Operating Transfers Out,"$584,764 "
2023,Operating Fund Transfers,Cancer Prevention & Research Institute of Texas,5168 - Gr Acct-Cancer Prevention Research I&S,7986 - Unexpended Cash Balance Forward – Operating Transfers Out,"$4,562,255 "
2023,Operating Fund Transfers,Cancer Prevention & Research Institute of Texas,7639 - Tpfa Cprit Project Fund,7986 - Unexpended Cash Balance Forward – Operating Transfers Out,"$334,974,178 "
2023,Operating Fund Transfers,Commission on Jail Standards,5172 - Gr Acct-Prisoner Safety,7986 - Unexpended Cash Balance Forward – Operating Transfers Out,"$1,878,875 "
2023,Operating Fund Transfers,Commission on State Emergency Communications,5007 - Gr Acct Comm On State Emergency Comm,7986 - Unexpended Cash Balance Forward – Operating Transfers Out,"$78,801,670 "
2023,Operating Fund Transfers,Commission on State Emergency Communications,5050 - Gr Acct-911 Service Fees,7986 - Unexpended Cash Balance Forward – Operating Transfers Out,"$62,513,222 "
2023,Operating Fund Transfers,Comptroller-State Energy Conservation Office,0001 - General Revenue Fund,7986 - Unexpended Cash Balance Forward – Operating Transfers Out,"$50,607,692 "
2023,Operating Fund Transfers,Comptroller-State Energy Conservation Office,5005 - Gr Acct - Oil Overcharge,7986 - Unexpended Cash Balance Forward – Operating Transfers Out,"$69,904,294 "
2023,Operating Fund Transfers,Comptroller-State Fiscal,0599 - Economic Stabilization Fund,7986 - Unexpended Cash Balance Forward – Operating Transfers Out,"$2,521,573,666 "
2023,Operating Fund Transfers,Comptroller-State Fiscal,5040 - Gr Acct-Tobacco Settlement,7986 - Unexpended Cash Balance Forward – Operating Transfers Out,"$557,147,271 "
2023,Operating Fund Transfers,Court of Criminal Appeals,0001 - General Revenue Fund,7986 - Unexpended Cash Balance Forward – Operating Transfers Out,"$7,500 "
2023,Operating Fund Transfers,Department of Agriculture,0001 - General Revenue Fund,7986 - Unexpended Cash Balance Forward – Operating Transfers Out,"$3,993,170 "
2023,Operating Fund Transfers,Department of Agriculture,0183 - Tx Economic Development Fund,7986 - Unexpended Cash Balance Forward – Operating Transfers Out,"$9,026,824 "
2023,Operating Fund Transfers,Department of Agriculture,0186 - Pesticide Disposal Fund,7986 - Unexpended Cash Balance Forward – Operating Transfers Out,"$1,386,699 "
2023,Operating Fund Transfers,Department of Agriculture,0364 - Perm Endow Fd Rurl Com Health Care Invst,7986 - Unexpended Cash Balance Forward – Operating Transfers Out,"$313,600 "
2023,Operating Fund Transfers,Department of Agriculture,0683 - Tex Agricultural Fund,7986 - Unexpended Cash Balance Forward – Operating Transfers Out,"$16,920,501 "
2023,Operating Fund Transfers,Department of Agriculture,0802 - License Plate Trust Fund,7986 - Unexpended Cash Balance Forward – Operating Transfers Out,"$437,847 "
2023,Operating Fund Transfers,Department of Agriculture,0974 - Produce Recovery Trust Fund,7986 - Unexpended Cash Balance Forward – Operating Transfers Out,"$1,958,183 "
2023,Operating Fund Transfers,Department of Agriculture,5047 - Gr Acct-Perm Fd Rural Health Fac Cap Imp,7986 - Unexpended Cash Balance Forward – Operating Transfers Out,"$75,000 "
2023,Operating Fund Transfers,Department of Agriculture,5051 - Gr Acct-Go Texan Partner Program,7986 - Unexpended Cash Balance Forward – Operating Transfers Out,"$80,677 "
2023,Operating Fund Transfers,Department of Agriculture,5178 - Gr Acct - State Hemp Program,7986 - Unexpended Cash Balance Forward – Operating Transfers Out,"$720,532 "
2023,Operating Fund Transfers,Department of Family and Protective Services,5085 - Gr Acct-Child Abuse Neg/Prev Trust,7986 - Unexpended Cash Balance Forward – Operating Transfers Out,"$3,732,560 "
2023,Operating Fund Transfers,Department of State Health Services,0001 - General Revenue Fund,7986 - Unexpended Cash Balance Forward – Operating Transfers Out,"$3,059,741 "
2023,Operating Fund Transfers,Department of State Health Services,0019 - Gr Acct-Vital Statistics,7986 - Unexpended Cash Balance Forward – Operating Transfers Out,"$8,117,380 "
2023,Operating Fund Transfers,Department of State Health Services,0273 - Gr Acct-Fed Health & Health Lab Funding,7986 - Unexpended Cash Balance Forward – Operating Transfers Out,"$9,894,857 "
2023,Operating Fund Transfers,Department of State Health Services,0325 - Coronavirus Relief Fund,7986 - Unexpended Cash Balance Forward – Operating Transfers Out,"$203,872 "
2023,Operating Fund Transfers,Department of State Health Services,0341 - Gr Acct-Food & Drug Retail Fees,7986 - Unexpended Cash Balance Forward – Operating Transfers Out,"$13,565,284 "
2023,Operating Fund Transfers,Department of State Health Services,0512 - Gr Acct-Bureau Of Emergcy Mgt,7986 - Unexpended Cash Balance Forward – Operating Transfers Out,"$1,310,370 "
2023,Operating Fund Transfers,Department of State Health Services,0524 - Gr Acct-Public Health Svcs Fee,7986 - Unexpended Cash Balance Forward – Operating Transfers Out,"($2,000,000)"
2023,Operating Fund Transfers,Department of State Health Services,0802 - License Plate Trust Fund,7986 - Unexpended Cash Balance Forward – Operating Transfers Out,"$148,521 "
2023,Operating Fund Transfers,Department of State Health Services,5009 - Gr Acct-Children W/Spec Healthcare Needs,7986 - Unexpended Cash Balance Forward – Operating Transfers Out,"$390,575 "
2023,Operating Fund Transfers,Department of State Health Services,5017 - Gr Acct-Asbestos Removal Licensure,7986 - Unexpended Cash Balance Forward – Operating Transfers Out,"$27,057,811 "
2023,Operating Fund Transfers,Department of State Health Services,5020 - Gr Acct-Workplace Chemicals List,7986 - Unexpended Cash Balance Forward – Operating Transfers Out,"$22,206 "
2023,Operating Fund Transfers,Department of State Health Services,5021 - Gr Acct-Cert Of Mammography Systems,7986 - Unexpended Cash Balance Forward – Operating Transfers Out,"$3,512,600 "
2023,Operating Fund Transfers,Department of State Health Services,5022 - Gr Acct - Oysters Sales,7986 - Unexpended Cash Balance Forward – Operating Transfers Out,"$116,000 "
2023,Operating Fund Transfers,Department of State Health Services,5024 - Gr Acct-Food & Drug Registration,7986 - Unexpended Cash Balance Forward – Operating Transfers Out,"$30,329,780 "
2023,Operating Fund Transfers,Department of State Health Services,5048 - Gr Acct-Perm Hosp Cptl Imp/Ctr Infec Dis,7986 - Unexpended Cash Balance Forward – Operating Transfers Out,"$153,247 "
2023,Operating Fund Transfers,Department of State Health Services,5096 - Gr Acct - Perpetual Care,7986 - Unexpended Cash Balance Forward – Operating Transfers Out,"$7,563,033 "
2023,Operating Fund Transfers,Department of State Health Services,"5108 - Gr Acct - Ems, Trauma Fac, Trauma Sys",7986 - Unexpended Cash Balance Forward – Operating Transfers Out,"$21,129,214 "
2023,Operating Fund Transfers,Department of State Health Services,5111 - Gr Acct - Trauma Facility & Ems,7986 - Unexpended Cash Balance Forward – Operating Transfers Out,"$1,968,724 "
2023,Operating Fund Transfers,Department of State Health Services,5125 - Gr Acct - Childhood Immunization,7986 - Unexpended Cash Balance Forward – Operating Transfers Out,"$156,593 "
2023,Operating Fund Transfers,Department of State Health Services,7639 - Tpfa Cprit Project Fund,7986 - Unexpended Cash Balance Forward – Operating Transfers Out,"$1,537,669 "
2023,Operating Fund Transfers,Employees Retirement System of Texas,"0945 - Def Compensation Trust Fd, Ers",7986 - Unexpended Cash Balance Forward – Operating Transfers Out,"$901,363 "
2023,Operating Fund Transfers,General Land Office,0374 - Vlb-Veterans Financial Asst Prog Fund,7986 - Unexpended Cash Balance Forward – Operating Transfers Out,"$239,558 "
2023,Operating Fund Transfers,General Land Office,0522 - Veterans Land Program Admin Fd,7986 - Unexpended Cash Balance Forward – Operating Transfers Out,"$246,493 "
2023,Operating Fund Transfers,General Land Office,0599 - Economic Stabilization Fund,7986 - Unexpended Cash Balance Forward – Operating Transfers Out,"$37,383,238 "
2023,Operating Fund Transfers,Governor-Fiscal,0001 - General Revenue Fund,7986 - Unexpended Cash Balance Forward – Operating Transfers Out,"$17,013,349 "
2023,Operating Fund Transfers,Governor-Fiscal,0224 - Gr Acct-Governors Ofc Federal Proj,7986 - Unexpended Cash Balance Forward – Operating Transfers Out,"($11,205,433)"
2023,Operating Fund Transfers,Governor-Fiscal,0325 - Coronavirus Relief Fund,7986 - Unexpended Cash Balance Forward – Operating Transfers Out,"($14,987,028,834)"
2023,Operating Fund Transfers,Governor-Fiscal,0421 - Gr Acct-Crim Justice Planning,7986 - Unexpended Cash Balance Forward – Operating Transfers Out,"$13,649,977 "
2023,Operating Fund Transfers,Governor-Fiscal,0588 - Small Business Incubator Fund,7986 - Unexpended Cash Balance Forward – Operating Transfers Out,"$18,673,331 "
2023,Operating Fund Transfers,Governor-Fiscal,0589 - Texas Product Development Fund,7986 - Unexpended Cash Balance Forward – Operating Transfers Out,"$25,683,618 "
2023,Operating Fund Transfers,Governor-Fiscal,0599 - Economic Stabilization Fund,7986 - Unexpended Cash Balance Forward – Operating Transfers Out,"$24,138,676 "
2023,Operating Fund Transfers,Governor-Fiscal,0802 - License Plate Trust Fund,7986 - Unexpended Cash Balance Forward – Operating Transfers Out,"$51,330 "
2023,Operating Fund Transfers,Governor-Fiscal,0830 - Events Trust Fd For Certain Muni/Countys,7986 - Unexpended Cash Balance Forward – Operating Transfers Out,"$17,038,897 "
2023,Operating Fund Transfers,Governor-Fiscal,0869 - Major Events Reimbursement Program,7986 - Unexpended Cash Balance Forward – Operating Transfers Out,"$41,318,064 "
2023,Operating Fund Transfers,Governor-Fiscal,5003 - Gr Acct-Hotel Occ Tax For Economic Devel,7986 - Unexpended Cash Balance Forward – Operating Transfers Out,"$181,115,059 "
2023,Operating Fund Transfers,Governor-Fiscal,5010 - Gr Acct - Sexual Assault Program,7986 - Unexpended Cash Balance Forward – Operating Transfers Out,"$2,470,338 "
2023,Operating Fund Transfers,Governor-Fiscal,5012 - Gr Acct - Crime Stoppers Assistance,7986 - Unexpended Cash Balance Forward – Operating Transfers Out,"$966,629 "
2023,Operating Fund Transfers,Governor-Fiscal,5106 - Gr Acct - Economic Dev Bank,7986 - Unexpended Cash Balance Forward – Operating Transfers Out,"$2,500,000 "
2023,Operating Fund Transfers,Governor-Fiscal,5107 - Gr Acct - Texas Enterprise,7986 - Unexpended Cash Balance Forward – Operating Transfers Out,"$73,314,324 "
2023,Operating Fund Transfers,Governor-Fiscal,5153 - Gr Acct-Emergency Radio Infrastructure,7986 - Unexpended Cash Balance Forward – Operating Transfers Out,"$14,123,094 "
2023,Operating Fund Transfers,Governor-Fiscal,5161 - Gr-Acct Governor'S Univ Research Initive,7986 - Unexpended Cash Balance Forward – Operating Transfers Out,"$56,148,411 "
2023,Operating Fund Transfers,Governor-Fiscal,5164 - Gr Acct-Youth Diversion,7986 - Unexpended Cash Balance Forward – Operating Transfers Out,"$10,452,310 "
2023,Operating Fund Transfers,Governor-Fiscal,5170 - Gr Acct-Evidence Testing,7986 - Unexpended Cash Balance Forward – Operating Transfers Out,"$3,397,635 "
2023,Operating Fund Transfers,Governor-Fiscal,5184 - Gr Account - Specialty Court,7986 - Unexpended Cash Balance Forward – Operating Transfers Out,"$15,436,139 "
2023,Operating Fund Transfers,Health and Human Services Commission,0107 - Gr Acct-Comprehensive Rehabilitation,7986 - Unexpended Cash Balance Forward – Operating Transfers Out,"$1,548,024 "
2023,Operating Fund Transfers,Health and Human Services Commission,0129 - Gr Acct-Hospital Licensing,7986 - Unexpended Cash Balance Forward – Operating Transfers Out,"$17,439,857 "
2023,Operating Fund Transfers,Health and Human Services Commission,0543 - Gr Acct-Tx Capital Trust,7986 - Unexpended Cash Balance Forward – Operating Transfers Out,"$215,109 "
2023,Operating Fund Transfers,Health and Human Services Commission,0599 - Economic Stabilization Fund,7986 - Unexpended Cash Balance Forward – Operating Transfers Out,"$45,098,265 "
2023,Operating Fund Transfers,Health and Human Services Commission,0802 - License Plate Trust Fund,7986 - Unexpended Cash Balance Forward – Operating Transfers Out,"($3,490)"
2023,Operating Fund Transfers,Health and Human Services Commission,0857 - Assisted Living Facility Trust Fd,7986 - Unexpended Cash Balance Forward – Operating Transfers Out,"$502,515 "
2023,Operating Fund Transfers,Health and Human Services Commission,0992 - Nursing/Convales Home Trst Fd,7986 - Unexpended Cash Balance Forward – Operating Transfers Out,"$10,050,305 "
2023,Operating Fund Transfers,Health and Human Services Commission,5010 - Gr Acct - Sexual Assault Program,7986 - Unexpended Cash Balance Forward – Operating Transfers Out,"$7,172 "
2023,Operating Fund Transfers,Health and Human Services Commission,5018 - Gr Acct - Home Health Services,7986 - Unexpended Cash Balance Forward – Operating Transfers Out,"($2,000,000)"
2023,Operating Fund Transfers,Health and Human Services Commission,7802 - Tpfa Rv Com Pap Srs 2019a Hhsc Def Maint,7986 - Unexpended Cash Balance Forward – Operating Transfers Out,"$49,518,241 "
2023,Operating Fund Transfers,Lamar State College-Orange,0599 - Economic Stabilization Fund,7986 - Unexpended Cash Balance Forward – Operating Transfers Out,"$343,000 "
2023,Operating Fund Transfers,Lamar University,0325 - Coronavirus Relief Fund,7986 - Unexpended Cash Balance Forward – Operating Transfers Out,"($600,000)"
2023,Operating Fund Transfers,Lamar University,0599 - Economic Stabilization Fund,7986 - Unexpended Cash Balance Forward – Operating Transfers Out,"$3,193,483 "
2023,Operating Fund Transfers,Parks and Wildlife Department,0001 - General Revenue Fund,7986 - Unexpended Cash Balance Forward – Operating Transfers Out,"$15,653 "
2023,Operating Fund Transfers,Parks and Wildlife Department,"0009 - Gr Account-Game, Fish, Water Safety",7986 - Unexpended Cash Balance Forward – Operating Transfers Out,"$8,441,005 "
2023,Operating Fund Transfers,Parks and Wildlife Department,0064 - Gr Acct-State Parks,7986 - Unexpended Cash Balance Forward – Operating Transfers Out,"$2,371,035 "
2023,Operating Fund Transfers,Parks and Wildlife Department,0467 - Gr Acct-Tx Recreation & Parks,7986 - Unexpended Cash Balance Forward – Operating Transfers Out,"$28,401,341 "
2023,Operating Fund Transfers,Parks and Wildlife Department,0506 - Gr Acct-Non-Game/Endanger Spec,7986 - Unexpended Cash Balance Forward – Operating Transfers Out,"$256,351 "
2023,Operating Fund Transfers,Parks and Wildlife Department,0679 - Gr Acct-Artificial Reef,7986 - Unexpended Cash Balance Forward – Operating Transfers Out,"$10,697,190 "
2023,Operating Fund Transfers,Parks and Wildlife Department,0802 - License Plate Trust Fund,7986 - Unexpended Cash Balance Forward – Operating Transfers Out,$59 
2023,Operating Fund Transfers,Parks and Wildlife Department,5004 - Gr Acct-Pks/ Wildlife Conserv Atn/Capt'L,7986 - Unexpended Cash Balance Forward – Operating Transfers Out,"$11,705,831 "
2023,Operating Fund Transfers,Parks and Wildlife Department,5150 - Gr Acct-Large Count & Munic Rec & Parks,7986 - Unexpended Cash Balance Forward – Operating Transfers Out,"$10,935,938 "
2023,Operating Fund Transfers,Parks and Wildlife Department,7647 - Tpfa Go Coml Papr Ser2008 Tpwd Prj 1b Fd,7986 - Unexpended Cash Balance Forward – Operating Transfers Out,"$19,582 "
2023,Operating Fund Transfers,Parks and Wildlife Department,7654 - Tpfa Go Cml Papr Ser2008 Tpwd Proj 1c Fd,7986 - Unexpended Cash Balance Forward – Operating Transfers Out,"$679,083 "
2023,Operating Fund Transfers,Parks and Wildlife Department,7659 - Tpfa Go Cml Papr Ser2008 Tpwd Proj 1d Fd,7986 - Unexpended Cash Balance Forward – Operating Transfers Out,"$343,466 "
2023,Operating Fund Transfers,Prairie View A&M University,0047 - Texas A&M Univ Available Fund,7986 - Unexpended Cash Balance Forward – Operating Transfers Out,"$33,253,978 "
2023,Operating Fund Transfers,Prairie View A&M University,0802 - License Plate Trust Fund,7986 - Unexpended Cash Balance Forward – Operating Transfers Out,"$24,632 "
2023,Operating Fund Transfers,State Preservation Board,0804 - Governor'S Mansion Renewal Trust,7986 - Unexpended Cash Balance Forward – Operating Transfers Out,"$733,487 "
2023,Operating Fund Transfers,State Preservation Board,0849 - Bob Bullock Tx St His Museum Local Tr Fd,7986 - Unexpended Cash Balance Forward – Operating Transfers Out,"$1,405,829 "
2023,Operating Fund Transfers,State Preservation Board,0854 - Capital Renewal Trust Fund,7986 - Unexpended Cash Balance Forward – Operating Transfers Out,"$2,638,677 "
2023,Operating Fund Transfers,State Preservation Board,0879 - Capitol Local Trust Fund,7986 - Unexpended Cash Balance Forward – Operating Transfers Out,"$422,910 "
2023,Operating Fund Transfers,State Preservation Board,0902 - State Cemetery Preservation Trust,7986 - Unexpended Cash Balance Forward – Operating Transfers Out,"$10,508,872 "
2023,Operating Fund Transfers,Texas A&M Forest Service,5064 - Gr Acct - Volunteer Fire Dept Assistance,7986 - Unexpended Cash Balance Forward – Operating Transfers Out,"$28,703,614 "
2023,Operating Fund Transfers,Texas A&M Forest Service,5066 - Gr Acct-Rural Volunteer Fire Dept Insura,7986 - Unexpended Cash Balance Forward – Operating Transfers Out,"$2,861,324 "
2023,Operating Fund Transfers,Texas A&M University (Main University),0047 - Texas A&M Univ Available Fund,7986 - Unexpended Cash Balance Forward – Operating Transfers Out,"$203,975,287 "
2023,Operating Fund Transfers,Texas A&M University (Main University),0210 - Support Military/Veterans Exemption,7986 - Unexpended Cash Balance Forward – Operating Transfers Out,"$354,467 "
2023,Operating Fund Transfers,Texas A&M University at Galveston,0210 - Support Military/Veterans Exemption,7986 - Unexpended Cash Balance Forward – Operating Transfers Out,"$46,017 "
2023,Operating Fund Transfers,Texas A&M University System,0047 - Texas A&M Univ Available Fund,7986 - Unexpended Cash Balance Forward – Operating Transfers Out,"$447,096,781 "
2023,Operating Fund Transfers,Texas A&M University System Health Science Center,0047 - Texas A&M Univ Available Fund,7986 - Unexpended Cash Balance Forward – Operating Transfers Out,"$156,479,325 "
2023,Operating Fund Transfers,Texas A&M University-Central Texas,0210 - Support Military/Veterans Exemption,7986 - Unexpended Cash Balance Forward – Operating Transfers Out,"$12,579 "
2023,Operating Fund Transfers,Texas A&M University-Kingsville,0802 - License Plate Trust Fund,7986 - Unexpended Cash Balance Forward – Operating Transfers Out,$23 
2023,Operating Fund Transfers,Texas A&M University-Texarkana,0210 - Support Military/Veterans Exemption,7986 - Unexpended Cash Balance Forward – Operating Transfers Out,"$23,501 "
2023,Operating Fund Transfers,Texas Commission on Environmental Quality,0088 - Gr-Acct Low-Level Radioactive Waste,7986 - Unexpended Cash Balance Forward – Operating Transfers Out,"$32,543,922 "
2023,Operating Fund Transfers,Texas Commission on Environmental Quality,0151 - Gr Acct-Clean Air,7986 - Unexpended Cash Balance Forward – Operating Transfers Out,"$3,698,407 "
2023,Operating Fund Transfers,Texas Commission on Environmental Quality,5071 - Gr Acct-Emissions Reduction Plan,7986 - Unexpended Cash Balance Forward – Operating Transfers Out,"$3,175,126,188 "
2023,Operating Fund Transfers,Texas Department of Criminal Justice,0599 - Economic Stabilization Fund,7986 - Unexpended Cash Balance Forward – Operating Transfers Out,"$27,659,890 "
2023,Operating Fund Transfers,Texas Department of Criminal Justice,5060 - Gr Acct-Private Sector Prison Industries,7986 - Unexpended Cash Balance Forward – Operating Transfers Out,"$46,425 "
2023,Operating Fund Transfers,Texas Department of Public Safety,0599 - Economic Stabilization Fund,7986 - Unexpended Cash Balance Forward – Operating Transfers Out,"$3,510,400 "
2023,Operating Fund Transfers,Texas Department of Public Safety,5013 - Gr Acct - Breath Alcohol Testing,7986 - Unexpended Cash Balance Forward – Operating Transfers Out,"$5,487,499 "
2023,Operating Fund Transfers,Texas Department of Public Safety,7629 - Tpfa Go Coml Paper Ser2008 Dps Prj 1a Fd,7986 - Unexpended Cash Balance Forward – Operating Transfers Out,"$3,337,454 "
2023,Operating Fund Transfers,Texas Department of Public Safety,7656 - Tpfa Go Cml Papr Ser2008 Dps Proj 1c Fd,7986 - Unexpended Cash Balance Forward – Operating Transfers Out,"$528,824 "
2023,Operating Fund Transfers,Texas Department of Transportation,0006 - State Highway Fund,7986 - Unexpended Cash Balance Forward – Operating Transfers Out,"$6,151,244 "
2023,Operating Fund Transfers,Texas Department of Transportation,0599 - Economic Stabilization Fund,7986 - Unexpended Cash Balance Forward – Operating Transfers Out,"($19,079,616)"
2023,Operating Fund Transfers,Texas Department of Transportation,7604 - Tpfa Go Ser2002b Coml Pap Colonia Prj Fd,7986 - Unexpended Cash Balance Forward – Operating Transfers Out,"$1,018,527 "
2023,Operating Fund Transfers,Texas Education Agency,0002 - Available School Fund,7986 - Unexpended Cash Balance Forward – Operating Transfers Out,"$146,656,023 "
2023,Operating Fund Transfers,Texas Education Agency,0003 - State Technology Instructional Materials,7986 - Unexpended Cash Balance Forward – Operating Transfers Out,"$657,891,281 "
2023,Operating Fund Transfers,Texas Education Agency,0193 - Gr Account-Foundation School,7986 - Unexpended Cash Balance Forward – Operating Transfers Out,"$1,008,571,371 "
2023,Operating Fund Transfers,Texas Emergency Services Retirement System,0976 - Tx Emergency Services Retirement Tr Fd,7986 - Unexpended Cash Balance Forward – Operating Transfers Out,"$297,480 "
2023,Operating Fund Transfers,Texas Facilities Commission,0599 - Economic Stabilization Fund,7986 - Unexpended Cash Balance Forward – Operating Transfers Out,"$56,532,193 "
2023,Operating Fund Transfers,Texas Facilities Commission,5166 - Gr Acct-Deferred Maintenance,7986 - Unexpended Cash Balance Forward – Operating Transfers Out,"$20,430,222 "
2023,Operating Fund Transfers,Texas Facilities Commission,7516 - Lease Rev&Ref Bonds (Tfc) T/E Proj Fund,7986 - Unexpended Cash Balance Forward – Operating Transfers Out,"$1,198,858 "
2023,Operating Fund Transfers,Texas Facilities Commission,7800 - Tpfa Rv Com Pap Srs 16 Tfc Project Fund,7986 - Unexpended Cash Balance Forward – Operating Transfers Out,"$19,677,556 "
2023,Operating Fund Transfers,Texas Higher Education Coordinating Board,0387 - Texas Opportunity Plan Fund,7986 - Unexpended Cash Balance Forward – Operating Transfers Out,"$171,281,628 "
2023,Operating Fund Transfers,Texas Higher Education Coordinating Board,0388 - Tx Coll Student Loan Bond I&S,7986 - Unexpended Cash Balance Forward – Operating Transfers Out,"$122,518,617 "
2023,Operating Fund Transfers,Texas Higher Education Coordinating Board,0601 - Student Loan Auxiliary Fund,7986 - Unexpended Cash Balance Forward – Operating Transfers Out,"$99,488,448 "
2023,Operating Fund Transfers,Texas Higher Education Coordinating Board,0802 - License Plate Trust Fund,7986 - Unexpended Cash Balance Forward – Operating Transfers Out,$22 
2023,Operating Fund Transfers,Texas Higher Education Coordinating Board,0824 - Perm Fd Hied Nursing/Allied/Other Health,7986 - Unexpended Cash Balance Forward – Operating Transfers Out,"$7,333,552 "
2023,Operating Fund Transfers,Texas Higher Education Coordinating Board,0825 - Perm Fd Minority Hlth Research/Education,7986 - Unexpended Cash Balance Forward – Operating Transfers Out,"$4,335,906 "
2023,Operating Fund Transfers,Texas Higher Education Coordinating Board,5103 - Gr Acct - Texas B-On-Time Student Loan,7986 - Unexpended Cash Balance Forward – Operating Transfers Out,"$141,556,143 "
2023,Operating Fund Transfers,Texas Higher Education Coordinating Board,5144 - Gr Acct - Physician Educ Loan Repmt Prog,7986 - Unexpended Cash Balance Forward – Operating Transfers Out,"$15,608,539 "
2023,Operating Fund Transfers,Texas Historical Commission,0599 - Economic Stabilization Fund,7986 - Unexpended Cash Balance Forward – Operating Transfers Out,"$1,732,086 "
2023,Operating Fund Transfers,Texas Historical Commission,0802 - License Plate Trust Fund,7986 - Unexpended Cash Balance Forward – Operating Transfers Out,$467 
2023,Operating Fund Transfers,Texas Historical Commission,5139 - Gr Acct - Historic Site,7986 - Unexpended Cash Balance Forward – Operating Transfers Out,"$3,577,456 "
2023,Operating Fund Transfers,Texas Historical Commission,7213 - Tpfa Go Series 2009b Thc Project Fund,7986 - Unexpended Cash Balance Forward – Operating Transfers Out,"$59,217 "
2023,Operating Fund Transfers,Texas Lottery Commission,0895 - Lotto Prize Trust Fd,7986 - Unexpended Cash Balance Forward – Operating Transfers Out,"$145,551,041 "
2023,Operating Fund Transfers,Texas Lottery Commission,5025 - Gr Acct-Lottery,7986 - Unexpended Cash Balance Forward – Operating Transfers Out,"$23,618,439 "
2023,Operating Fund Transfers,Texas Public Finance Authority,0507 - Gr Acct-State Lease,7986 - Unexpended Cash Balance Forward – Operating Transfers Out,"$27,214,972 "
2023,Operating Fund Transfers,Texas Public Finance Authority,0733 - Tpfa Master Lease Interest/Sinking Fund,7986 - Unexpended Cash Balance Forward – Operating Transfers Out,"$4,077,667 "
2023,Operating Fund Transfers,Texas Public Finance Authority,0735 - Tpfa Master Lease Project Fund,7986 - Unexpended Cash Balance Forward – Operating Transfers Out,"$263,886 "
2023,Operating Fund Transfers,Texas Public Finance Authority,7353 - Tpfa Rv Com Pap Srs 16 Tfc Cst Of Iss Fd,7986 - Unexpended Cash Balance Forward – Operating Transfers Out,$889 
2023,Operating Fund Transfers,Texas Racing Commission,0876 - Horse Industry Escrow Trust Account,7986 - Unexpended Cash Balance Forward – Operating Transfers Out,"$3,109,815 "
2023,Operating Fund Transfers,Texas State Library and Archives Commission,0001 - General Revenue Fund,7986 - Unexpended Cash Balance Forward – Operating Transfers Out,"$545,126 "
2023,Operating Fund Transfers,Texas Tech University,0214 - Available Texas University Fund,7986 - Unexpended Cash Balance Forward – Operating Transfers Out,"$22,475,210 "
2023,Operating Fund Transfers,Texas Veterans Commission,0368 - Fund For Veterans' Assistance,7986 - Unexpended Cash Balance Forward – Operating Transfers Out,"$20,531,654 "
2023,Operating Fund Transfers,Texas Water Development Board,0001 - General Revenue Fund,7986 - Unexpended Cash Balance Forward – Operating Transfers Out,"$19,224,705 "
2023,Operating Fund Transfers,Texas Water Development Board,0175 - Texas Infrastructure Resiliency Fund,7986 - Unexpended Cash Balance Forward – Operating Transfers Out,"$236,009,445 "
2023,Operating Fund Transfers,Texas Water Development Board,0194 - Flood Infrastructure Fund,7986 - Unexpended Cash Balance Forward – Operating Transfers Out,"$414,758,726 "
2023,Operating Fund Transfers,Texas Water Development Board,0301 - Rural Water Assistance Fund,7986 - Unexpended Cash Balance Forward – Operating Transfers Out,"$3,022,275 "
2023,Operating Fund Transfers,Texas Water Development Board,0302 - Water Infrastructure Fund,7986 - Unexpended Cash Balance Forward – Operating Transfers Out,"$109,722,244 "
2023,Operating Fund Transfers,Texas Water Development Board,0356 - Economicaly Distrs Areas Cl Fd,7986 - Unexpended Cash Balance Forward – Operating Transfers Out,"$630,504 "
2023,Operating Fund Transfers,Texas Water Development Board,0357 - Economic Distrs Area Cl I&S Fd,7986 - Unexpended Cash Balance Forward – Operating Transfers Out,"$15,426 "
2023,Operating Fund Transfers,Texas Water Development Board,0358 - Agrig Water Conservation Fd,7986 - Unexpended Cash Balance Forward – Operating Transfers Out,"$9,015,849 "
2023,Operating Fund Transfers,Texas Water Development Board,0361 - State Water Implementation,7986 - Unexpended Cash Balance Forward – Operating Transfers Out,"$102,325,528 "
2023,Operating Fund Transfers,Texas Water Development Board,0370 - Tx Water Development Fd Ii Clearance Fd,7986 - Unexpended Cash Balance Forward – Operating Transfers Out,"$98,042,245 "
2023,Operating Fund Transfers,Texas Water Development Board,0371 - Tx Water Development Fd Ii,7986 - Unexpended Cash Balance Forward – Operating Transfers Out,"$30,952,417 "
2023,Operating Fund Transfers,Texas Water Development Board,0372 - Tx Water Devel Fd Ii Int & Sink Fund,7986 - Unexpended Cash Balance Forward – Operating Transfers Out,"$63,394 "
2023,Operating Fund Transfers,Texas Water Development Board,0480 - Water Assistance Fund,7986 - Unexpended Cash Balance Forward – Operating Transfers Out,"$9,617,116 "
2023,Operating Fund Transfers,Texas Water Development Board,5180 - Gr Account - Strategic Mapping,7986 - Unexpended Cash Balance Forward – Operating Transfers Out,"$140,000 "
2023,Operating Fund Transfers,Texas Workforce Commission,0925 - Career School/College Tuition Trust Acct,7986 - Unexpended Cash Balance Forward – Operating Transfers Out,"$2,598,946 "
2023,Operating Fund Transfers,Texas Workforce Commission,5043 - Gr Acct-Business Enterprise Prog Trust,7986 - Unexpended Cash Balance Forward – Operating Transfers Out,"$1,252,475 "
2023,Operating Fund Transfers,University of Houston,0214 - Available Texas University Fund,7986 - Unexpended Cash Balance Forward – Operating Transfers Out,"$17,542,112 "
2023,Operating Fund Transfers,University of Texas at Arlington,0214 - Available Texas University Fund,7986 - Unexpended Cash Balance Forward – Operating Transfers Out,"$13,718,482 "
2023,Operating Fund Transfers,University of Texas at Dallas,0214 - Available Texas University Fund,7986 - Unexpended Cash Balance Forward – Operating Transfers Out,"$1,425,108 "
2023,Operating Fund Transfers,University of Texas Health Science Center at Houston,0810 - Permanent Health Fund For Higher Ed,7986 - Unexpended Cash Balance Forward – Operating Transfers Out,"$462,365 "
2023,Operating Fund Transfers,University of Texas Health Science Center at Houston,0822 - Perm Endowmnt Fd Ut Reg Acad Health Ctr,7986 - Unexpended Cash Balance Forward – Operating Transfers Out,"$2,745,472 "
2023,Operating Fund Transfers,University of Texas M.D. Anderson Cancer Center,0210 - Support Military/Veterans Exemption,7986 - Unexpended Cash Balance Forward – Operating Transfers Out,"$2,413 "
2023,Operating Fund Transfers,University of Texas of the Permian Basin,0210 - Support Military/Veterans Exemption,7986 - Unexpended Cash Balance Forward – Operating Transfers Out,"$65,445 "
2023,Operating Fund Transfers,University of Texas Rio Grande Valley,0001 - General Revenue Fund,7986 - Unexpended Cash Balance Forward – Operating Transfers Out,"$578,540 "
2023,Operating Fund Transfers,University of Texas Rio Grande Valley,0822 - Perm Endowmnt Fd Ut Reg Acad Health Ctr,7986 - Unexpended Cash Balance Forward – Operating Transfers Out,"$170,594 "
2023,Operating Fund Transfers,University of Texas System,0011 - Available University Fund,7986 - Unexpended Cash Balance Forward – Operating Transfers Out,"$333,960 "
2023,Operating Fund Transfers,West Texas A&M University,0802 - License Plate Trust Fund,7986 - Unexpended Cash Balance Forward – Operating Transfers Out,$29 
2022,Operating Fund Transfers,Attorney General,5010 - Gr Acct - Sexual Assault Program,7986 - Unexpended Cash Balance Forward – Operating Transfers Out,"$5,663,332 "
2022,Operating Fund Transfers,Cancer Prevention & Research Institute of Texas,5136 - Gr Acct - Cancer Prevention And Research,7986 - Unexpended Cash Balance Forward – Operating Transfers Out,"$985,129 "
2022,Operating Fund Transfers,Cancer Prevention & Research Institute of Texas,5168 - Gr Acct-Cancer Prevention Research I&S,7986 - Unexpended Cash Balance Forward – Operating Transfers Out,"$3,245,971 "
2022,Operating Fund Transfers,Cancer Prevention & Research Institute of Texas,7639 - Tpfa Cprit Project Fund,7986 - Unexpended Cash Balance Forward – Operating Transfers Out,"$101,023,865 "
2022,Operating Fund Transfers,Commission on State Emergency Communications,5007 - Gr Acct Comm On State Emergency Comm,7986 - Unexpended Cash Balance Forward – Operating Transfers Out,"$5,269,662 "
2022,Operating Fund Transfers,Commission on State Emergency Communications,5050 - Gr Acct-911 Service Fees,7986 - Unexpended Cash Balance Forward – Operating Transfers Out,"$2,284,209 "
2022,Operating Fund Transfers,Comptroller of Public Accounts,0001 - General Revenue Fund,7986 - Unexpended Cash Balance Forward – Operating Transfers Out,"$718,491 "
2022,Operating Fund Transfers,Comptroller-State Energy Conservation Office,0001 - General Revenue Fund,7986 - Unexpended Cash Balance Forward – Operating Transfers Out,"$37,360,201 "
2022,Operating Fund Transfers,Comptroller-State Energy Conservation Office,5005 - Gr Acct - Oil Overcharge,7986 - Unexpended Cash Balance Forward – Operating Transfers Out,"$61,999,463 "
2022,Operating Fund Transfers,Comptroller-State Fiscal,0599 - Economic Stabilization Fund,7986 - Unexpended Cash Balance Forward – Operating Transfers Out,"$3,421,377,126 "
2022,Operating Fund Transfers,Comptroller-State Fiscal,5040 - Gr Acct-Tobacco Settlement,7986 - Unexpended Cash Balance Forward – Operating Transfers Out,"$386,025,189 "
2022,Operating Fund Transfers,Department of Agriculture,0001 - General Revenue Fund,7986 - Unexpended Cash Balance Forward – Operating Transfers Out,"$3,077,347 "
2022,Operating Fund Transfers,Department of Agriculture,0183 - Tx Economic Development Fund,7986 - Unexpended Cash Balance Forward – Operating Transfers Out,"$4,782,236 "
2022,Operating Fund Transfers,Department of Agriculture,0364 - Perm Endow Fd Rurl Com Health Care Invst,7986 - Unexpended Cash Balance Forward – Operating Transfers Out,"$536,943 "
2022,Operating Fund Transfers,Department of Agriculture,0683 - Tex Agricultural Fund,7986 - Unexpended Cash Balance Forward – Operating Transfers Out,"$7,754,617 "
2022,Operating Fund Transfers,Department of Agriculture,0802 - License Plate Trust Fund,7986 - Unexpended Cash Balance Forward – Operating Transfers Out,"$28,780 "
2022,Operating Fund Transfers,Department of Agriculture,0974 - Produce Recovery Trust Fund,7986 - Unexpended Cash Balance Forward – Operating Transfers Out,"$1,969,585 "
2022,Operating Fund Transfers,Department of Agriculture,5047 - Gr Acct-Perm Fd Rural Health Fac Cap Imp,7986 - Unexpended Cash Balance Forward – Operating Transfers Out,"$2,312,910 "
2022,Operating Fund Transfers,Department of Agriculture,5091 - Gr Acct-Orca Federal,7986 - Unexpended Cash Balance Forward – Operating Transfers Out,"$2,745,536 "
2022,Operating Fund Transfers,Department of Agriculture,5178 - Gr Acct - State Hemp Program,7986 - Unexpended Cash Balance Forward – Operating Transfers Out,"$1,247,925 "
2022,Operating Fund Transfers,Department of State Health Services,0001 - General Revenue Fund,7986 - Unexpended Cash Balance Forward – Operating Transfers Out,"$7,852,497 "
2022,Operating Fund Transfers,Department of State Health Services,0019 - Gr Acct-Vital Statistics,7986 - Unexpended Cash Balance Forward – Operating Transfers Out,"$9,100,000 "
2022,Operating Fund Transfers,Department of State Health Services,0273 - Gr Acct-Fed Health & Health Lab Funding,7986 - Unexpended Cash Balance Forward – Operating Transfers Out,"$2,068,065 "
2022,Operating Fund Transfers,Department of State Health Services,0341 - Gr Acct-Food & Drug Retail Fees,7986 - Unexpended Cash Balance Forward – Operating Transfers Out,"$15,038,615 "
2022,Operating Fund Transfers,Department of State Health Services,0512 - Gr Acct-Bureau Of Emergcy Mgt,7986 - Unexpended Cash Balance Forward – Operating Transfers Out,"$3,109,145 "
2022,Operating Fund Transfers,Department of State Health Services,0802 - License Plate Trust Fund,7986 - Unexpended Cash Balance Forward – Operating Transfers Out,"$148,521 "
2022,Operating Fund Transfers,Department of State Health Services,5009 - Gr Acct-Children W/Spec Healthcare Needs,7986 - Unexpended Cash Balance Forward – Operating Transfers Out,"$371,667 "
2022,Operating Fund Transfers,Department of State Health Services,5017 - Gr Acct-Asbestos Removal Licensure,7986 - Unexpended Cash Balance Forward – Operating Transfers Out,"$25,757,742 "
2022,Operating Fund Transfers,Department of State Health Services,5020 - Gr Acct-Workplace Chemicals List,7986 - Unexpended Cash Balance Forward – Operating Transfers Out,"$46,869 "
2022,Operating Fund Transfers,Department of State Health Services,5021 - Gr Acct-Cert Of Mammography Systems,7986 - Unexpended Cash Balance Forward – Operating Transfers Out,"$3,219,273 "
2022,Operating Fund Transfers,Department of State Health Services,5022 - Gr Acct - Oysters Sales,7986 - Unexpended Cash Balance Forward – Operating Transfers Out,"$289,938 "
2022,Operating Fund Transfers,Department of State Health Services,5024 - Gr Acct-Food & Drug Registration,7986 - Unexpended Cash Balance Forward – Operating Transfers Out,"$35,243,044 "
2022,Operating Fund Transfers,Department of State Health Services,5044 - Gr Acct-Perm Fd Health/Tobacco Ed/Enforc,7986 - Unexpended Cash Balance Forward – Operating Transfers Out,"$731,985 "
2022,Operating Fund Transfers,Department of State Health Services,5045 - Gr Acct-Perm Fd Children & Public Health,7986 - Unexpended Cash Balance Forward – Operating Transfers Out,"$418,423 "
2022,Operating Fund Transfers,Department of State Health Services,5046 - Gr Acct-Perm Fd For Ems And Trauma Care,7986 - Unexpended Cash Balance Forward – Operating Transfers Out,"$865,213 "
2022,Operating Fund Transfers,Department of State Health Services,5048 - Gr Acct-Perm Hosp Cptl Imp/Ctr Infec Dis,7986 - Unexpended Cash Balance Forward – Operating Transfers Out,"$188,566 "
2022,Operating Fund Transfers,Department of State Health Services,5096 - Gr Acct - Perpetual Care,7986 - Unexpended Cash Balance Forward – Operating Transfers Out,"$7,563,033 "
2022,Operating Fund Transfers,Department of State Health Services,"5108 - Gr Acct - Ems, Trauma Fac, Trauma Sys",7986 - Unexpended Cash Balance Forward – Operating Transfers Out,"$20,155,343 "
2022,Operating Fund Transfers,Department of State Health Services,5125 - Gr Acct - Childhood Immunization,7986 - Unexpended Cash Balance Forward – Operating Transfers Out,"$156,593 "
2022,Operating Fund Transfers,Department of State Health Services,7639 - Tpfa Cprit Project Fund,7986 - Unexpended Cash Balance Forward – Operating Transfers Out,"$3,481,201 "
2022,Operating Fund Transfers,Employees Retirement System of Texas,"0945 - Def Compensation Trust Fd, Ers",7986 - Unexpended Cash Balance Forward – Operating Transfers Out,"$901,363 "
2022,Operating Fund Transfers,General Land Office,0374 - Vlb-Veterans Financial Asst Prog Fund,7986 - Unexpended Cash Balance Forward – Operating Transfers Out,"$272,676 "
2022,Operating Fund Transfers,General Land Office,0522 - Veterans Land Program Admin Fd,7986 - Unexpended Cash Balance Forward – Operating Transfers Out,"$2,065,027 "
2022,Operating Fund Transfers,General Land Office,0599 - Economic Stabilization Fund,7986 - Unexpended Cash Balance Forward – Operating Transfers Out,"$255,803,280 "
2022,Operating Fund Transfers,Governor-Fiscal,0001 - General Revenue Fund,7986 - Unexpended Cash Balance Forward – Operating Transfers Out,"$65,523,058 "
2022,Operating Fund Transfers,Governor-Fiscal,0224 - Gr Acct-Governors Ofc Federal Proj,7986 - Unexpended Cash Balance Forward – Operating Transfers Out,"$10,198,934 "
2022,Operating Fund Transfers,Governor-Fiscal,0325 - Coronavirus Relief Fund,7986 - Unexpended Cash Balance Forward – Operating Transfers Out,"$17,563,100,513 "
2022,Operating Fund Transfers,Governor-Fiscal,0421 - Gr Acct-Crim Justice Planning,7986 - Unexpended Cash Balance Forward – Operating Transfers Out,"$30,924,964 "
2022,Operating Fund Transfers,Governor-Fiscal,0588 - Small Business Incubator Fund,7986 - Unexpended Cash Balance Forward – Operating Transfers Out,"$18,852,375 "
2022,Operating Fund Transfers,Governor-Fiscal,0589 - Texas Product Development Fund,7986 - Unexpended Cash Balance Forward – Operating Transfers Out,"$25,752,747 "
2022,Operating Fund Transfers,Governor-Fiscal,0599 - Economic Stabilization Fund,7986 - Unexpended Cash Balance Forward – Operating Transfers Out,"$23,973,989 "
2022,Operating Fund Transfers,Governor-Fiscal,0802 - License Plate Trust Fund,7986 - Unexpended Cash Balance Forward – Operating Transfers Out,"$63,019 "
2022,Operating Fund Transfers,Governor-Fiscal,0806 - Spaceport Trust Fund,7986 - Unexpended Cash Balance Forward – Operating Transfers Out,"$1,239,534 "
2022,Operating Fund Transfers,Governor-Fiscal,0830 - Events Trust Fd For Certain Muni/Countys,7986 - Unexpended Cash Balance Forward – Operating Transfers Out,"$15,966,045 "
2022,Operating Fund Transfers,Governor-Fiscal,0869 - Major Events Reimbursement Program,7986 - Unexpended Cash Balance Forward – Operating Transfers Out,"$4,913,817 "
2022,Operating Fund Transfers,Governor-Fiscal,5003 - Gr Acct-Hotel Occ Tax For Economic Devel,7986 - Unexpended Cash Balance Forward – Operating Transfers Out,"$109,914,381 "
2022,Operating Fund Transfers,Governor-Fiscal,5010 - Gr Acct - Sexual Assault Program,7986 - Unexpended Cash Balance Forward – Operating Transfers Out,"$1,934,472 "
2022,Operating Fund Transfers,Governor-Fiscal,5012 - Gr Acct - Crime Stoppers Assistance,7986 - Unexpended Cash Balance Forward – Operating Transfers Out,"$1,669,549 "
2022,Operating Fund Transfers,Governor-Fiscal,5106 - Gr Acct - Economic Dev Bank,7986 - Unexpended Cash Balance Forward – Operating Transfers Out,"$17,299,697 "
2022,Operating Fund Transfers,Governor-Fiscal,5107 - Gr Acct - Texas Enterprise,7986 - Unexpended Cash Balance Forward – Operating Transfers Out,"$321,626,617 "
2022,Operating Fund Transfers,Governor-Fiscal,5114 - Gr Acct-Tx Military Value Revolving Loan,7986 - Unexpended Cash Balance Forward – Operating Transfers Out,"$3,400 "
2022,Operating Fund Transfers,Governor-Fiscal,5153 - Gr Acct-Emergency Radio Infrastructure,7986 - Unexpended Cash Balance Forward – Operating Transfers Out,"$20,525,805 "
2022,Operating Fund Transfers,Governor-Fiscal,5161 - Gr-Acct Governor'S Univ Research Initive,7986 - Unexpended Cash Balance Forward – Operating Transfers Out,"$92,359,975 "
2022,Operating Fund Transfers,Governor-Fiscal,5164 - Gr Acct-Youth Diversion,7986 - Unexpended Cash Balance Forward – Operating Transfers Out,"$12,729,148 "
2022,Operating Fund Transfers,Governor-Fiscal,5170 - Gr Acct-Evidence Testing,7986 - Unexpended Cash Balance Forward – Operating Transfers Out,"$2,751,002 "
2022,Operating Fund Transfers,Governor-Fiscal,5174 - Gr Acct-Drug Court,7986 - Unexpended Cash Balance Forward – Operating Transfers Out,"$19,578 "
2022,Operating Fund Transfers,Governor-Fiscal,5184 - Gr Account - Specialty Court,7986 - Unexpended Cash Balance Forward – Operating Transfers Out,"$3,727,551 "
2022,Operating Fund Transfers,Health and Human Services Commission,0107 - Gr Acct-Comprehensive Rehabilitation,7986 - Unexpended Cash Balance Forward – Operating Transfers Out,"$3,038,968 "
2022,Operating Fund Transfers,Health and Human Services Commission,0129 - Gr Acct-Hospital Licensing,7986 - Unexpended Cash Balance Forward – Operating Transfers Out,"$74,557,720 "
2022,Operating Fund Transfers,Health and Human Services Commission,0599 - Economic Stabilization Fund,7986 - Unexpended Cash Balance Forward – Operating Transfers Out,"$130,917,828 "
2022,Operating Fund Transfers,Health and Human Services Commission,0802 - License Plate Trust Fund,7986 - Unexpended Cash Balance Forward – Operating Transfers Out,"$3,490 "
2022,Operating Fund Transfers,Health and Human Services Commission,0857 - Assisted Living Facility Trust Fd,7986 - Unexpended Cash Balance Forward – Operating Transfers Out,"$500,000 "
2022,Operating Fund Transfers,Health and Human Services Commission,0992 - Nursing/Convales Home Trst Fd,7986 - Unexpended Cash Balance Forward – Operating Transfers Out,"$10,000,000 "
2022,Operating Fund Transfers,Health and Human Services Commission,5010 - Gr Acct - Sexual Assault Program,7986 - Unexpended Cash Balance Forward – Operating Transfers Out,"$453,967 "
2022,Operating Fund Transfers,Health and Human Services Commission,5018 - Gr Acct - Home Health Services,7986 - Unexpended Cash Balance Forward – Operating Transfers Out,"$14,512,513 "
2022,Operating Fund Transfers,Health and Human Services Commission,7658 - Tpfa Go Cml Paper Ser2008 Dads Prj 1b Fd,7986 - Unexpended Cash Balance Forward – Operating Transfers Out,"$123,298 "
2022,Operating Fund Transfers,Health and Human Services Commission,7660 - Tpfa Go Cml Paper Ser2008 Dshs Prj 1d Fd,7986 - Unexpended Cash Balance Forward – Operating Transfers Out,"$119,948 "
2022,Operating Fund Transfers,Health and Human Services Commission,7802 - Tpfa Rv Com Pap Srs 2019a Hhsc Def Maint,7986 - Unexpended Cash Balance Forward – Operating Transfers Out,"$1,000,000 "
2022,Operating Fund Transfers,Lamar State College-Orange,0599 - Economic Stabilization Fund,7986 - Unexpended Cash Balance Forward – Operating Transfers Out,"$1,472,000 "
2022,Operating Fund Transfers,Lamar University,0325 - Coronavirus Relief Fund,7986 - Unexpended Cash Balance Forward – Operating Transfers Out,"$600,000 "
2022,Operating Fund Transfers,Lamar University,0599 - Economic Stabilization Fund,7986 - Unexpended Cash Balance Forward – Operating Transfers Out,"$5,700,000 "
2022,Operating Fund Transfers,Parks and Wildlife Department,0001 - General Revenue Fund,7986 - Unexpended Cash Balance Forward – Operating Transfers Out,"$15,653 "
2022,Operating Fund Transfers,Parks and Wildlife Department,"0009 - Gr Account-Game, Fish, Water Safety",7986 - Unexpended Cash Balance Forward – Operating Transfers Out,"($9,383,675)"
2022,Operating Fund Transfers,Parks and Wildlife Department,0064 - Gr Acct-State Parks,7986 - Unexpended Cash Balance Forward – Operating Transfers Out,"($8,878,956)"
2022,Operating Fund Transfers,Parks and Wildlife Department,0223 - Gr Acct-Fed Land/Water Conservation,7986 - Unexpended Cash Balance Forward – Operating Transfers Out,"$43,535 "
2022,Operating Fund Transfers,Parks and Wildlife Department,0467 - Gr Acct-Tx Recreation & Parks,7986 - Unexpended Cash Balance Forward – Operating Transfers Out,"$921,355 "
2022,Operating Fund Transfers,Parks and Wildlife Department,0506 - Gr Acct-Non-Game/Endanger Spec,7986 - Unexpended Cash Balance Forward – Operating Transfers Out,"$849,796 "
2022,Operating Fund Transfers,Parks and Wildlife Department,0679 - Gr Acct-Artificial Reef,7986 - Unexpended Cash Balance Forward – Operating Transfers Out,"$10,621,329 "
2022,Operating Fund Transfers,Parks and Wildlife Department,0802 - License Plate Trust Fund,7986 - Unexpended Cash Balance Forward – Operating Transfers Out,"$12,431 "
2022,Operating Fund Transfers,Parks and Wildlife Department,0885 - State Parks Endowment Trust Account,7986 - Unexpended Cash Balance Forward – Operating Transfers Out,"$417,781 "
2022,Operating Fund Transfers,Parks and Wildlife Department,5004 - Gr Acct-Pks/ Wildlife Conserv Atn/Capt'L,7986 - Unexpended Cash Balance Forward – Operating Transfers Out,"$2,082,482 "
2022,Operating Fund Transfers,Parks and Wildlife Department,5150 - Gr Acct-Large Count & Munic Rec & Parks,7986 - Unexpended Cash Balance Forward – Operating Transfers Out,"$1,486,923 "
2022,Operating Fund Transfers,Parks and Wildlife Department,5166 - Gr Acct-Deferred Maintenance,7986 - Unexpended Cash Balance Forward – Operating Transfers Out,"$8,982,939 "
2022,Operating Fund Transfers,Parks and Wildlife Department,7647 - Tpfa Go Coml Papr Ser2008 Tpwd Prj 1b Fd,7986 - Unexpended Cash Balance Forward – Operating Transfers Out,$27 
2022,Operating Fund Transfers,Parks and Wildlife Department,7659 - Tpfa Go Cml Papr Ser2008 Tpwd Proj 1d Fd,7986 - Unexpended Cash Balance Forward – Operating Transfers Out,"$68,535 "
2022,Operating Fund Transfers,Prairie View A&M University,0047 - Texas A&M Univ Available Fund,7986 - Unexpended Cash Balance Forward – Operating Transfers Out,"$42,057,759 "
2022,Operating Fund Transfers,Prairie View A&M University,0802 - License Plate Trust Fund,7986 - Unexpended Cash Balance Forward – Operating Transfers Out,"$117,167 "
2022,Operating Fund Transfers,State Preservation Board,0325 - Coronavirus Relief Fund,7986 - Unexpended Cash Balance Forward – Operating Transfers Out,"($2,694)"
2022,Operating Fund Transfers,State Preservation Board,0804 - Governor'S Mansion Renewal Trust,7986 - Unexpended Cash Balance Forward – Operating Transfers Out,"$786,116 "
2022,Operating Fund Transfers,State Preservation Board,0849 - Bob Bullock Tx St His Museum Local Tr Fd,7986 - Unexpended Cash Balance Forward – Operating Transfers Out,"$2,196,678 "
2022,Operating Fund Transfers,State Preservation Board,0854 - Capital Renewal Trust Fund,7986 - Unexpended Cash Balance Forward – Operating Transfers Out,"$2,632,004 "
2022,Operating Fund Transfers,State Preservation Board,0879 - Capitol Local Trust Fund,7986 - Unexpended Cash Balance Forward – Operating Transfers Out,"$571,252 "
2022,Operating Fund Transfers,State Preservation Board,0902 - State Cemetery Preservation Trust,7986 - Unexpended Cash Balance Forward – Operating Transfers Out,"$10,441,768 "
2022,Operating Fund Transfers,Texas A&M University (Main University),0047 - Texas A&M Univ Available Fund,7986 - Unexpended Cash Balance Forward – Operating Transfers Out,"$137,383,392 "
2022,Operating Fund Transfers,Texas A&M University (Main University),0210 - Support Military/Veterans Exemption,7986 - Unexpended Cash Balance Forward – Operating Transfers Out,"$619,834 "
2022,Operating Fund Transfers,Texas A&M University at Galveston,0210 - Support Military/Veterans Exemption,7986 - Unexpended Cash Balance Forward – Operating Transfers Out,"$57,978 "
2022,Operating Fund Transfers,Texas A&M University System,0047 - Texas A&M Univ Available Fund,7986 - Unexpended Cash Balance Forward – Operating Transfers Out,"$36,423,231 "
2022,Operating Fund Transfers,Texas A&M University System Health Science Center,0001 - General Revenue Fund,7986 - Unexpended Cash Balance Forward – Operating Transfers Out,"($500,000)"
2022,Operating Fund Transfers,Texas A&M University System Health Science Center,0047 - Texas A&M Univ Available Fund,7986 - Unexpended Cash Balance Forward – Operating Transfers Out,"$102,094,309 "
2022,Operating Fund Transfers,Texas A&M University-Texarkana,0210 - Support Military/Veterans Exemption,7986 - Unexpended Cash Balance Forward – Operating Transfers Out,"$17,531 "
2022,Operating Fund Transfers,Texas Commission on Environmental Quality,0088 - Gr-Acct Low-Level Radioactive Waste,7986 - Unexpended Cash Balance Forward – Operating Transfers Out,"$10,922,552 "
2022,Operating Fund Transfers,Texas Commission on Environmental Quality,5071 - Gr Acct-Emissions Reduction Plan,7986 - Unexpended Cash Balance Forward – Operating Transfers Out,"$1,043,207,845 "
2022,Operating Fund Transfers,Texas Department of Criminal Justice,0599 - Economic Stabilization Fund,7986 - Unexpended Cash Balance Forward – Operating Transfers Out,"$50,068,591 "
2022,Operating Fund Transfers,Texas Department of Criminal Justice,5060 - Gr Acct-Private Sector Prison Industries,7986 - Unexpended Cash Balance Forward – Operating Transfers Out,"$1,839 "
2022,Operating Fund Transfers,Texas Department of Public Safety,0453 - Gr Acct-Disaster Contingency,7986 - Unexpended Cash Balance Forward – Operating Transfers Out,"$745,514 "
2022,Operating Fund Transfers,Texas Department of Public Safety,0599 - Economic Stabilization Fund,7986 - Unexpended Cash Balance Forward – Operating Transfers Out,"$25,000,000 "
2022,Operating Fund Transfers,Texas Department of Public Safety,5010 - Gr Acct - Sexual Assault Program,7986 - Unexpended Cash Balance Forward – Operating Transfers Out,"$696,368 "
2022,Operating Fund Transfers,Texas Department of Public Safety,5013 - Gr Acct - Breath Alcohol Testing,7986 - Unexpended Cash Balance Forward – Operating Transfers Out,"$7,000,000 "
2022,Operating Fund Transfers,Texas Department of Public Safety,7629 - Tpfa Go Coml Paper Ser2008 Dps Prj 1a Fd,7986 - Unexpended Cash Balance Forward – Operating Transfers Out,"($900,683)"
2022,Operating Fund Transfers,Texas Department of Public Safety,7656 - Tpfa Go Cml Papr Ser2008 Dps Proj 1c Fd,7986 - Unexpended Cash Balance Forward – Operating Transfers Out,"($640,392)"
2022,Operating Fund Transfers,Texas Department of Transportation,0599 - Economic Stabilization Fund,7986 - Unexpended Cash Balance Forward – Operating Transfers Out,"($78,000,000)"
2022,Operating Fund Transfers,Texas Department of Transportation,7517 - Tpfa Rev Txbl Ser2021 Txdot Proj,7986 - Unexpended Cash Balance Forward – Operating Transfers Out,"$675,000 "
2022,Operating Fund Transfers,Texas Department of Transportation,7604 - Tpfa Go Ser2002b Coml Pap Colonia Prj Fd,7986 - Unexpended Cash Balance Forward – Operating Transfers Out,"$1,637,660 "
2022,Operating Fund Transfers,Texas Education Agency,0002 - Available School Fund,7986 - Unexpended Cash Balance Forward – Operating Transfers Out,"$107,890,675 "
2022,Operating Fund Transfers,Texas Education Agency,0003 - State Technology Instructional Materials,7986 - Unexpended Cash Balance Forward – Operating Transfers Out,"$300,439,069 "
2022,Operating Fund Transfers,Texas Education Agency,0193 - Gr Account-Foundation School,7986 - Unexpended Cash Balance Forward – Operating Transfers Out,"$897,816,066 "
2022,Operating Fund Transfers,Texas Education Agency,0326 - Charter School Liquidation Fund,7986 - Unexpended Cash Balance Forward – Operating Transfers Out,"$83,378 "
2022,Operating Fund Transfers,Texas Education Agency,0599 - Economic Stabilization Fund,7986 - Unexpended Cash Balance Forward – Operating Transfers Out,"$13,663,794 "
2022,Operating Fund Transfers,Texas Emergency Services Retirement System,0976 - Tx Emergency Services Retirement Tr Fd,7986 - Unexpended Cash Balance Forward – Operating Transfers Out,"$990,134 "
2022,Operating Fund Transfers,Texas Facilities Commission,0599 - Economic Stabilization Fund,7986 - Unexpended Cash Balance Forward – Operating Transfers Out,"$113,640,814 "
2022,Operating Fund Transfers,Texas Facilities Commission,5166 - Gr Acct-Deferred Maintenance,7986 - Unexpended Cash Balance Forward – Operating Transfers Out,"$14,998,546 "
2022,Operating Fund Transfers,Texas Facilities Commission,7516 - Lease Rev&Ref Bonds (Tfc) T/E Proj Fund,7986 - Unexpended Cash Balance Forward – Operating Transfers Out,"$211,589 "
2022,Operating Fund Transfers,Texas Facilities Commission,7800 - Tpfa Rv Com Pap Srs 16 Tfc Project Fund,7986 - Unexpended Cash Balance Forward – Operating Transfers Out,"$27,165,480 "
2022,Operating Fund Transfers,Texas Higher Education Coordinating Board,0387 - Texas Opportunity Plan Fund,7986 - Unexpended Cash Balance Forward – Operating Transfers Out,"$94,785,772 "
2022,Operating Fund Transfers,Texas Higher Education Coordinating Board,0388 - Tx Coll Student Loan Bond I&S,7986 - Unexpended Cash Balance Forward – Operating Transfers Out,"$119,615,788 "
2022,Operating Fund Transfers,Texas Higher Education Coordinating Board,0601 - Student Loan Auxiliary Fund,7986 - Unexpended Cash Balance Forward – Operating Transfers Out,"$202,617,625 "
2022,Operating Fund Transfers,Texas Higher Education Coordinating Board,0802 - License Plate Trust Fund,7986 - Unexpended Cash Balance Forward – Operating Transfers Out,$22 
2022,Operating Fund Transfers,Texas Higher Education Coordinating Board,0824 - Perm Fd Hied Nursing/Allied/Other Health,7986 - Unexpended Cash Balance Forward – Operating Transfers Out,"$3,966,350 "
2022,Operating Fund Transfers,Texas Higher Education Coordinating Board,0825 - Perm Fd Minority Hlth Research/Education,7986 - Unexpended Cash Balance Forward – Operating Transfers Out,"$6,132,018 "
2022,Operating Fund Transfers,Texas Higher Education Coordinating Board,5103 - Gr Acct - Texas B-On-Time Student Loan,7986 - Unexpended Cash Balance Forward – Operating Transfers Out,"$145,286,608 "
2022,Operating Fund Transfers,Texas Historical Commission,0599 - Economic Stabilization Fund,7986 - Unexpended Cash Balance Forward – Operating Transfers Out,"$29,378,087 "
2022,Operating Fund Transfers,Texas Historical Commission,0802 - License Plate Trust Fund,7986 - Unexpended Cash Balance Forward – Operating Transfers Out,$467 
2022,Operating Fund Transfers,Texas Historical Commission,5139 - Gr Acct - Historic Site,7986 - Unexpended Cash Balance Forward – Operating Transfers Out,"$3,052,278 "
2022,Operating Fund Transfers,Texas Historical Commission,7213 - Tpfa Go Series 2009b Thc Project Fund,7986 - Unexpended Cash Balance Forward – Operating Transfers Out,"$196,536 "
2022,Operating Fund Transfers,Texas Historical Commission,7636 - Tpfa Go Comml Papr Ser2008thc Prj 1a Fnd,7986 - Unexpended Cash Balance Forward – Operating Transfers Out,"$43,500 "
2022,Operating Fund Transfers,Texas Juvenile Justice Department,0599 - Economic Stabilization Fund,7986 - Unexpended Cash Balance Forward – Operating Transfers Out,"$487,926 "
2022,Operating Fund Transfers,Texas Lottery Commission,0895 - Lotto Prize Trust Fd,7986 - Unexpended Cash Balance Forward – Operating Transfers Out,"$170,572,808 "
2022,Operating Fund Transfers,Texas Lottery Commission,5025 - Gr Acct-Lottery,7986 - Unexpended Cash Balance Forward – Operating Transfers Out,"$100,606,037 "
2022,Operating Fund Transfers,Texas Public Finance Authority,0001 - General Revenue Fund,7986 - Unexpended Cash Balance Forward – Operating Transfers Out,"$1,000 "
2022,Operating Fund Transfers,Texas Public Finance Authority,0733 - Tpfa Master Lease Interest/Sinking Fund,7986 - Unexpended Cash Balance Forward – Operating Transfers Out,"$4,651,993 "
2022,Operating Fund Transfers,Texas Public Finance Authority,0735 - Tpfa Master Lease Project Fund,7986 - Unexpended Cash Balance Forward – Operating Transfers Out,"$445,591 "
2022,Operating Fund Transfers,Texas Public Finance Authority,7013 - Tpfa Go Ser 2002a Int & Sink Fd,7986 - Unexpended Cash Balance Forward – Operating Transfers Out,"$48,943 "
2022,Operating Fund Transfers,Texas Public Finance Authority,7020 - Tpfa Go Ser2002b Coml Pap Colonia Rebate,7986 - Unexpended Cash Balance Forward – Operating Transfers Out,"$120,519 "
2022,Operating Fund Transfers,Texas Public Finance Authority,7201 - Tpfa Go Ser 2002a Coml Paper Tdh Proj A,7986 - Unexpended Cash Balance Forward – Operating Transfers Out,"$3,701 "
2022,Operating Fund Transfers,Texas Public Finance Authority,7362 - Tpfa Lease Rev Txbl Ser2021 Txdot I&S,7986 - Unexpended Cash Balance Forward – Operating Transfers Out,$64 
2022,Operating Fund Transfers,Texas Public Finance Authority,7651 - Tpfa Go Cml Paper Ser2008 Dshs Prj 1c Fd,7986 - Unexpended Cash Balance Forward – Operating Transfers Out,"$298,143 "
2022,Operating Fund Transfers,Texas Public Finance Authority,7652 - Tpfa Go Cml Paper Ser2008 Tfc Proj 1c Fd,7986 - Unexpended Cash Balance Forward – Operating Transfers Out,"$3,125 "
2022,Operating Fund Transfers,Texas Racing Commission,0876 - Horse Industry Escrow Trust Account,7986 - Unexpended Cash Balance Forward – Operating Transfers Out,"$331,375 "
2022,Operating Fund Transfers,Texas Southern University,0802 - License Plate Trust Fund,7986 - Unexpended Cash Balance Forward – Operating Transfers Out,"$3,975 "
2022,Operating Fund Transfers,Texas State Library and Archives Commission,0001 - General Revenue Fund,7986 - Unexpended Cash Balance Forward – Operating Transfers Out,"$240,727 "
2022,Operating Fund Transfers,Texas Tech University,0214 - Available Texas University Fund,7986 - Unexpended Cash Balance Forward – Operating Transfers Out,"$24,013,342 "
2022,Operating Fund Transfers,Texas Tech University Health Sciences Center - El Paso,0210 - Support Military/Veterans Exemption,7986 - Unexpended Cash Balance Forward – Operating Transfers Out,$320 
2022,Operating Fund Transfers,Texas Veterans Commission,0368 - Fund For Veterans' Assistance,7986 - Unexpended Cash Balance Forward – Operating Transfers Out,"$18,540,025 "
2022,Operating Fund Transfers,Texas Water Development Board,0001 - General Revenue Fund,7986 - Unexpended Cash Balance Forward – Operating Transfers Out,"$3,296,144 "
2022,Operating Fund Transfers,Texas Water Development Board,0175 - Texas Infrastructure Resiliency Fund,7986 - Unexpended Cash Balance Forward – Operating Transfers Out,"($4,967,513)"
2022,Operating Fund Transfers,Texas Water Development Board,0194 - Flood Infrastructure Fund,7986 - Unexpended Cash Balance Forward – Operating Transfers Out,"$585,119,794 "
2022,Operating Fund Transfers,Texas Water Development Board,0301 - Rural Water Assistance Fund,7986 - Unexpended Cash Balance Forward – Operating Transfers Out,"$2,003,070 "
2022,Operating Fund Transfers,Texas Water Development Board,0302 - Water Infrastructure Fund,7986 - Unexpended Cash Balance Forward – Operating Transfers Out,"$143,890,441 "
2022,Operating Fund Transfers,Texas Water Development Board,0356 - Economicaly Distrs Areas Cl Fd,7986 - Unexpended Cash Balance Forward – Operating Transfers Out,"$621,779 "
2022,Operating Fund Transfers,Texas Water Development Board,0357 - Economic Distrs Area Cl I&S Fd,7986 - Unexpended Cash Balance Forward – Operating Transfers Out,"$2,914 "
2022,Operating Fund Transfers,Texas Water Development Board,0358 - Agrig Water Conservation Fd,7986 - Unexpended Cash Balance Forward – Operating Transfers Out,"$2,414,156 "
2022,Operating Fund Transfers,Texas Water Development Board,0361 - State Water Implementation,7986 - Unexpended Cash Balance Forward – Operating Transfers Out,"$135,658,646 "
2022,Operating Fund Transfers,Texas Water Development Board,0370 - Tx Water Development Fd Ii Clearance Fd,7986 - Unexpended Cash Balance Forward – Operating Transfers Out,"$102,380,539 "
2022,Operating Fund Transfers,Texas Water Development Board,0371 - Tx Water Development Fd Ii,7986 - Unexpended Cash Balance Forward – Operating Transfers Out,"$87,923,952 "
2022,Operating Fund Transfers,Texas Water Development Board,0372 - Tx Water Devel Fd Ii Int & Sink Fund,7986 - Unexpended Cash Balance Forward – Operating Transfers Out,"$6,519 "
2022,Operating Fund Transfers,Texas Water Development Board,0480 - Water Assistance Fund,7986 - Unexpended Cash Balance Forward – Operating Transfers Out,"$4,837,050 "
2022,Operating Fund Transfers,Texas Water Development Board,0483 - Research & Planning Fund,7986 - Unexpended Cash Balance Forward – Operating Transfers Out,"$286,154 "
2022,Operating Fund Transfers,Texas Workforce Commission,0925 - Career School/College Tuition Trust Acct,7986 - Unexpended Cash Balance Forward – Operating Transfers Out,"$2,246,668 "
2022,Operating Fund Transfers,Texas Workforce Commission,5043 - Gr Acct-Business Enterprise Prog Trust,7986 - Unexpended Cash Balance Forward – Operating Transfers Out,"$989,315 "
2022,Operating Fund Transfers,Texas Workforce Commission,5143 - Gr Account -Jobs & Educ For Texans (Jet),7986 - Unexpended Cash Balance Forward – Operating Transfers Out,"$8,039,805 "
2022,Operating Fund Transfers,University of Houston,0214 - Available Texas University Fund,7986 - Unexpended Cash Balance Forward – Operating Transfers Out,"$17,927,209 "
2022,Operating Fund Transfers,University of Houston,0599 - Economic Stabilization Fund,7986 - Unexpended Cash Balance Forward – Operating Transfers Out,"$174,920 "
2022,Operating Fund Transfers,University of Houston-Victoria,0599 - Economic Stabilization Fund,7986 - Unexpended Cash Balance Forward – Operating Transfers Out,"$69,046 "
2022,Operating Fund Transfers,University of Texas at Austin,0599 - Economic Stabilization Fund,7986 - Unexpended Cash Balance Forward – Operating Transfers Out,"$797,664 "
2022,Operating Fund Transfers,University of Texas at Austin,0802 - License Plate Trust Fund,7986 - Unexpended Cash Balance Forward – Operating Transfers Out,"$3,344 "
2022,Operating Fund Transfers,University of Texas at Dallas,0214 - Available Texas University Fund,7986 - Unexpended Cash Balance Forward – Operating Transfers Out,"$1,578,691 "
2022,Operating Fund Transfers,University of Texas Health Science Center at Houston,0810 - Permanent Health Fund For Higher Ed,7986 - Unexpended Cash Balance Forward – Operating Transfers Out,"$612,455 "
2022,Operating Fund Transfers,University of Texas Health Science Center at Houston,0815 - Permanent Endowment Fd Uthsc At Houston,7986 - Unexpended Cash Balance Forward – Operating Transfers Out,"$1,322,306 "
2022,Operating Fund Transfers,University of Texas Health Science Center at Houston,0822 - Perm Endowmnt Fd Ut Reg Acad Health Ctr,7986 - Unexpended Cash Balance Forward – Operating Transfers Out,"$2,535,806 "
2022,Operating Fund Transfers,University of Texas M.D. Anderson Cancer Center,0210 - Support Military/Veterans Exemption,7986 - Unexpended Cash Balance Forward – Operating Transfers Out,"$2,413 "
2022,Operating Fund Transfers,University of Texas of the Permian Basin,0210 - Support Military/Veterans Exemption,7986 - Unexpended Cash Balance Forward – Operating Transfers Out,"$32,723 "
2022,Operating Fund Transfers,University of Texas Rio Grande Valley,0001 - General Revenue Fund,7986 - Unexpended Cash Balance Forward – Operating Transfers Out,"$433,905 "
2022,Operating Fund Transfers,University of Texas System,0011 - Available University Fund,7986 - Unexpended Cash Balance Forward – Operating Transfers Out,"$302,850 "
2022,Operating Fund Transfers,West Texas A&M University,0802 - License Plate Trust Fund,7986 - Unexpended Cash Balance Forward – Operating Transfers Out,$3 
2021,Operating Fund Transfers,Attorney General,5010 - Gr Acct - Sexual Assault Program,7986 - Unexpended Cash Balance Forward – Operating Transfers Out,"$16,959 "
2021,Operating Fund Transfers,Cancer Prevention & Research Institute of Texas,0802 - License Plate Trust Fund,7986 - Unexpended Cash Balance Forward – Operating Transfers Out,"$28,810 "
2021,Operating Fund Transfers,Cancer Prevention & Research Institute of Texas,5136 - Gr Acct - Cancer Prevention And Research,7986 - Unexpended Cash Balance Forward – Operating Transfers Out,"$47,600 "
2021,Operating Fund Transfers,Cancer Prevention & Research Institute of Texas,7639 - Tpfa Cprit Project Fund,7986 - Unexpended Cash Balance Forward – Operating Transfers Out,"$97,303,587 "
2021,Operating Fund Transfers,Commission on State Emergency Communications,5007 - Gr Acct Comm On State Emergency Comm,7986 - Unexpended Cash Balance Forward – Operating Transfers Out,"$19,948,354 "
2021,Operating Fund Transfers,Commission on State Emergency Communications,5050 - Gr Acct-911 Service Fees,7986 - Unexpended Cash Balance Forward – Operating Transfers Out,"($16,777,601)"
2021,Operating Fund Transfers,Comptroller of Public Accounts,0001 - General Revenue Fund,7986 - Unexpended Cash Balance Forward – Operating Transfers Out,"$6,004,760 "
2021,Operating Fund Transfers,Comptroller-Prepaid Higher Education Tuition Board,0892 - Tx Tomorrow Constitutional Trust Fd,7986 - Unexpended Cash Balance Forward – Operating Transfers Out,"$38,864 "
2021,Operating Fund Transfers,Comptroller-State Energy Conservation Office,0001 - General Revenue Fund,7986 - Unexpended Cash Balance Forward – Operating Transfers Out,"$31,484,151 "
2021,Operating Fund Transfers,Comptroller-State Energy Conservation Office,5005 - Gr Acct - Oil Overcharge,7986 - Unexpended Cash Balance Forward – Operating Transfers Out,"$78,261,461 "
2021,Operating Fund Transfers,Comptroller-State Fiscal,0599 - Economic Stabilization Fund,7986 - Unexpended Cash Balance Forward – Operating Transfers Out,"$4,283,619,785 "
2021,Operating Fund Transfers,Comptroller-State Fiscal,5040 - Gr Acct-Tobacco Settlement,7986 - Unexpended Cash Balance Forward – Operating Transfers Out,"$70,417,237 "
2021,Operating Fund Transfers,Court of Criminal Appeals,0001 - General Revenue Fund,7986 - Unexpended Cash Balance Forward – Operating Transfers Out,"$14,990 "
2021,Operating Fund Transfers,Department of Agriculture,0001 - General Revenue Fund,7986 - Unexpended Cash Balance Forward – Operating Transfers Out,"$2,585,054 "
2021,Operating Fund Transfers,Department of Agriculture,0183 - Tx Economic Development Fund,7986 - Unexpended Cash Balance Forward – Operating Transfers Out,"$4,769,526 "
2021,Operating Fund Transfers,Department of Agriculture,0364 - Perm Endow Fd Rurl Com Health Care Invst,7986 - Unexpended Cash Balance Forward – Operating Transfers Out,"$109,522 "
2021,Operating Fund Transfers,Department of Agriculture,0683 - Tex Agricultural Fund,7986 - Unexpended Cash Balance Forward – Operating Transfers Out,"$14,200,835 "
2021,Operating Fund Transfers,Department of Agriculture,0802 - License Plate Trust Fund,7986 - Unexpended Cash Balance Forward – Operating Transfers Out,"$25,665 "
2021,Operating Fund Transfers,Department of Agriculture,0974 - Produce Recovery Trust Fund,7986 - Unexpended Cash Balance Forward – Operating Transfers Out,"$1,926,915 "
2021,Operating Fund Transfers,Department of Agriculture,5047 - Gr Acct-Perm Fd Rural Health Fac Cap Imp,7986 - Unexpended Cash Balance Forward – Operating Transfers Out,"$384,001 "
2021,Operating Fund Transfers,Department of Agriculture,5091 - Gr Acct-Orca Federal,7986 - Unexpended Cash Balance Forward – Operating Transfers Out,"$1,471,040 "
2021,Operating Fund Transfers,Department of Family and Protective Services,5085 - Gr Acct-Child Abuse Neg/Prev Trust,7986 - Unexpended Cash Balance Forward – Operating Transfers Out,"$4,160,237 "
2021,Operating Fund Transfers,Department of State Health Services,0001 - General Revenue Fund,7986 - Unexpended Cash Balance Forward – Operating Transfers Out,"$1,400,536 "
2021,Operating Fund Transfers,Department of State Health Services,0019 - Gr Acct-Vital Statistics,7986 - Unexpended Cash Balance Forward – Operating Transfers Out,"$9,950,722 "
2021,Operating Fund Transfers,Department of State Health Services,0273 - Gr Acct-Fed Health & Health Lab Funding,7986 - Unexpended Cash Balance Forward – Operating Transfers Out,"$288,100 "
2021,Operating Fund Transfers,Department of State Health Services,0341 - Gr Acct-Food & Drug Retail Fees,7986 - Unexpended Cash Balance Forward – Operating Transfers Out,"$14,633,832 "
2021,Operating Fund Transfers,Department of State Health Services,0512 - Gr Acct-Bureau Of Emergcy Mgt,7986 - Unexpended Cash Balance Forward – Operating Transfers Out,"$3,581,771 "
2021,Operating Fund Transfers,Department of State Health Services,0802 - License Plate Trust Fund,7986 - Unexpended Cash Balance Forward – Operating Transfers Out,"$148,521 "
2021,Operating Fund Transfers,Department of State Health Services,5009 - Gr Acct-Children W/Spec Healthcare Needs,7986 - Unexpended Cash Balance Forward – Operating Transfers Out,"$371,667 "
2021,Operating Fund Transfers,Department of State Health Services,5017 - Gr Acct-Asbestos Removal Licensure,7986 - Unexpended Cash Balance Forward – Operating Transfers Out,"$26,018,725 "
2021,Operating Fund Transfers,Department of State Health Services,5020 - Gr Acct-Workplace Chemicals List,7986 - Unexpended Cash Balance Forward – Operating Transfers Out,"$92,842 "
2021,Operating Fund Transfers,Department of State Health Services,5021 - Gr Acct-Cert Of Mammography Systems,7986 - Unexpended Cash Balance Forward – Operating Transfers Out,"$3,323,754 "
2021,Operating Fund Transfers,Department of State Health Services,5022 - Gr Acct - Oysters Sales,7986 - Unexpended Cash Balance Forward – Operating Transfers Out,"$767,835 "
2021,Operating Fund Transfers,Department of State Health Services,5024 - Gr Acct-Food & Drug Registration,7986 - Unexpended Cash Balance Forward – Operating Transfers Out,"$34,628,285 "
2021,Operating Fund Transfers,Department of State Health Services,5044 - Gr Acct-Perm Fd Health/Tobacco Ed/Enforc,7986 - Unexpended Cash Balance Forward – Operating Transfers Out,"$1,113,194 "
2021,Operating Fund Transfers,Department of State Health Services,5045 - Gr Acct-Perm Fd Children & Public Health,7986 - Unexpended Cash Balance Forward – Operating Transfers Out,"$148,405 "
2021,Operating Fund Transfers,Department of State Health Services,5046 - Gr Acct-Perm Fd For Ems And Trauma Care,7986 - Unexpended Cash Balance Forward – Operating Transfers Out,"$1,037,832 "
2021,Operating Fund Transfers,Department of State Health Services,5048 - Gr Acct-Perm Hosp Cptl Imp/Ctr Infec Dis,7986 - Unexpended Cash Balance Forward – Operating Transfers Out,"$89,385 "
2021,Operating Fund Transfers,Department of State Health Services,5096 - Gr Acct - Perpetual Care,7986 - Unexpended Cash Balance Forward – Operating Transfers Out,"$6,606,849 "
2021,Operating Fund Transfers,Department of State Health Services,"5108 - Gr Acct - Ems, Trauma Fac, Trauma Sys",7986 - Unexpended Cash Balance Forward – Operating Transfers Out,"$19,623,859 "
2021,Operating Fund Transfers,Department of State Health Services,5111 - Gr Acct - Trauma Facility & Ems,7986 - Unexpended Cash Balance Forward – Operating Transfers Out,"$27,890 "
2021,Operating Fund Transfers,Department of State Health Services,5125 - Gr Acct - Childhood Immunization,7986 - Unexpended Cash Balance Forward – Operating Transfers Out,"$156,593 "
2021,Operating Fund Transfers,Department of State Health Services,7639 - Tpfa Cprit Project Fund,7986 - Unexpended Cash Balance Forward – Operating Transfers Out,"$3,173,049 "
2021,Operating Fund Transfers,Employees Retirement System of Texas,"0945 - Def Compensation Trust Fd, Ers",7986 - Unexpended Cash Balance Forward – Operating Transfers Out,"$901,363 "
2021,Operating Fund Transfers,General Land Office,0044 - Permanent School Fund,7986 - Unexpended Cash Balance Forward – Operating Transfers Out,"$13,787,261 "
2021,Operating Fund Transfers,General Land Office,0374 - Vlb-Veterans Financial Asst Prog Fund,7986 - Unexpended Cash Balance Forward – Operating Transfers Out,"$25,496 "
2021,Operating Fund Transfers,General Land Office,0522 - Veterans Land Program Admin Fd,7986 - Unexpended Cash Balance Forward – Operating Transfers Out,"$2,707,002 "
2021,Operating Fund Transfers,General Land Office,0599 - Economic Stabilization Fund,7986 - Unexpended Cash Balance Forward – Operating Transfers Out,"$163,313,761 "
2021,Operating Fund Transfers,Governor-Fiscal,0001 - General Revenue Fund,7986 - Unexpended Cash Balance Forward – Operating Transfers Out,"$2,278,095 "
2021,Operating Fund Transfers,Governor-Fiscal,0224 - Gr Acct-Governors Ofc Federal Proj,7986 - Unexpended Cash Balance Forward – Operating Transfers Out,"$22,357,079 "
2021,Operating Fund Transfers,Governor-Fiscal,0325 - Coronavirus Relief Fund,7986 - Unexpended Cash Balance Forward – Operating Transfers Out,"$6,521,583,731 "
2021,Operating Fund Transfers,Governor-Fiscal,0421 - Gr Acct-Crim Justice Planning,7986 - Unexpended Cash Balance Forward – Operating Transfers Out,"$20,252,587 "
2021,Operating Fund Transfers,Governor-Fiscal,0588 - Small Business Incubator Fund,7986 - Unexpended Cash Balance Forward – Operating Transfers Out,"$21,146,706 "
2021,Operating Fund Transfers,Governor-Fiscal,0589 - Texas Product Development Fund,7986 - Unexpended Cash Balance Forward – Operating Transfers Out,"$9,620,056 "
2021,Operating Fund Transfers,Governor-Fiscal,0599 - Economic Stabilization Fund,7986 - Unexpended Cash Balance Forward – Operating Transfers Out,"$127,930,573 "
2021,Operating Fund Transfers,Governor-Fiscal,0802 - License Plate Trust Fund,7986 - Unexpended Cash Balance Forward – Operating Transfers Out,"$74,925 "
2021,Operating Fund Transfers,Governor-Fiscal,0830 - Events Trust Fd For Certain Muni/Countys,7986 - Unexpended Cash Balance Forward – Operating Transfers Out,"$18,792,679 "
2021,Operating Fund Transfers,Governor-Fiscal,0869 - Major Events Reimbursement Program,7986 - Unexpended Cash Balance Forward – Operating Transfers Out,"$5,804,841 "
2021,Operating Fund Transfers,Governor-Fiscal,5003 - Gr Acct-Hotel Occ Tax For Economic Devel,7986 - Unexpended Cash Balance Forward – Operating Transfers Out,"$78,395,354 "
2021,Operating Fund Transfers,Governor-Fiscal,5010 - Gr Acct - Sexual Assault Program,7986 - Unexpended Cash Balance Forward – Operating Transfers Out,"$1,705,843 "
2021,Operating Fund Transfers,Governor-Fiscal,5012 - Gr Acct - Crime Stoppers Assistance,7986 - Unexpended Cash Balance Forward – Operating Transfers Out,"$294,203 "
2021,Operating Fund Transfers,Governor-Fiscal,5106 - Gr Acct - Economic Dev Bank,7986 - Unexpended Cash Balance Forward – Operating Transfers Out,"$5,000,375 "
2021,Operating Fund Transfers,Governor-Fiscal,5107 - Gr Acct - Texas Enterprise,7986 - Unexpended Cash Balance Forward – Operating Transfers Out,"$315,683,804 "
2021,Operating Fund Transfers,Governor-Fiscal,5153 - Gr Acct-Emergency Radio Infrastructure,7986 - Unexpended Cash Balance Forward – Operating Transfers Out,"$10,035,548 "
2021,Operating Fund Transfers,Governor-Fiscal,5161 - Gr-Acct Governor'S Univ Research Initive,7986 - Unexpended Cash Balance Forward – Operating Transfers Out,"$75,395,149 "
2021,Operating Fund Transfers,Governor-Fiscal,5164 - Gr Acct-Youth Diversion,7986 - Unexpended Cash Balance Forward – Operating Transfers Out,"$13,244,546 "
2021,Operating Fund Transfers,Governor-Fiscal,5170 - Gr Acct-Evidence Testing,7986 - Unexpended Cash Balance Forward – Operating Transfers Out,"$1,673,869 "
2021,Operating Fund Transfers,Governor-Fiscal,5174 - Gr Acct-Drug Court,7986 - Unexpended Cash Balance Forward – Operating Transfers Out,"$3,776,439 "
2021,Operating Fund Transfers,Governor-Fiscal,5184 - Gr Account - Specialty Court,7986 - Unexpended Cash Balance Forward – Operating Transfers Out,"$1,017,109 "
2021,Operating Fund Transfers,Health and Human Services Commission,0107 - Gr Acct-Comprehensive Rehabilitation,7986 - Unexpended Cash Balance Forward – Operating Transfers Out,"$6,243,550 "
2021,Operating Fund Transfers,Health and Human Services Commission,0599 - Economic Stabilization Fund,7986 - Unexpended Cash Balance Forward – Operating Transfers Out,"$70,713,970 "
2021,Operating Fund Transfers,Health and Human Services Commission,0802 - License Plate Trust Fund,7986 - Unexpended Cash Balance Forward – Operating Transfers Out,"$58,170 "
2021,Operating Fund Transfers,Health and Human Services Commission,0857 - Assisted Living Facility Trust Fd,7986 - Unexpended Cash Balance Forward – Operating Transfers Out,"$556,929 "
2021,Operating Fund Transfers,Health and Human Services Commission,0992 - Nursing/Convales Home Trst Fd,7986 - Unexpended Cash Balance Forward – Operating Transfers Out,"$10,617,092 "
2021,Operating Fund Transfers,Health and Human Services Commission,5018 - Gr Acct - Home Health Services,7986 - Unexpended Cash Balance Forward – Operating Transfers Out,"$8,874,220 "
2021,Operating Fund Transfers,Health and Human Services Commission,7658 - Tpfa Go Cml Paper Ser2008 Dads Prj 1b Fd,7986 - Unexpended Cash Balance Forward – Operating Transfers Out,$810 
2021,Operating Fund Transfers,Health and Human Services Commission,7660 - Tpfa Go Cml Paper Ser2008 Dshs Prj 1d Fd,7986 - Unexpended Cash Balance Forward – Operating Transfers Out,"$5,541 "
2021,Operating Fund Transfers,Health and Human Services Commission,7802 - Tpfa Rv Com Pap Srs 2019a Hhsc Def Maint,7986 - Unexpended Cash Balance Forward – Operating Transfers Out,"$3,000,000 "
2021,Operating Fund Transfers,Lamar State College-Port Arthur,0599 - Economic Stabilization Fund,7986 - Unexpended Cash Balance Forward – Operating Transfers Out,"$5,982,274 "
2021,Operating Fund Transfers,Lamar University,0599 - Economic Stabilization Fund,7986 - Unexpended Cash Balance Forward – Operating Transfers Out,"$1,307,908 "
2021,Operating Fund Transfers,Parks and Wildlife Department,0001 - General Revenue Fund,7986 - Unexpended Cash Balance Forward – Operating Transfers Out,"$15,653 "
2021,Operating Fund Transfers,Parks and Wildlife Department,"0009 - Gr Account-Game, Fish, Water Safety",7986 - Unexpended Cash Balance Forward – Operating Transfers Out,"$13,542,963 "
2021,Operating Fund Transfers,Parks and Wildlife Department,0064 - Gr Acct-State Parks,7986 - Unexpended Cash Balance Forward – Operating Transfers Out,"$8,798,006 "
2021,Operating Fund Transfers,Parks and Wildlife Department,0467 - Gr Acct-Tx Recreation & Parks,7986 - Unexpended Cash Balance Forward – Operating Transfers Out,"$665,046 "
2021,Operating Fund Transfers,Parks and Wildlife Department,0506 - Gr Acct-Non-Game/Endanger Spec,7986 - Unexpended Cash Balance Forward – Operating Transfers Out,"$127,788 "
2021,Operating Fund Transfers,Parks and Wildlife Department,0599 - Economic Stabilization Fund,7986 - Unexpended Cash Balance Forward – Operating Transfers Out,"$6,300,847 "
2021,Operating Fund Transfers,Parks and Wildlife Department,0679 - Gr Acct-Artificial Reef,7986 - Unexpended Cash Balance Forward – Operating Transfers Out,"$10,384,789 "
2021,Operating Fund Transfers,Parks and Wildlife Department,0802 - License Plate Trust Fund,7986 - Unexpended Cash Balance Forward – Operating Transfers Out,"$38,430 "
2021,Operating Fund Transfers,Parks and Wildlife Department,0885 - State Parks Endowment Trust Account,7986 - Unexpended Cash Balance Forward – Operating Transfers Out,"$656,538 "
2021,Operating Fund Transfers,Parks and Wildlife Department,5004 - Gr Acct-Pks/ Wildlife Conserv Atn/Capt'L,7986 - Unexpended Cash Balance Forward – Operating Transfers Out,"($454,407)"
2021,Operating Fund Transfers,Parks and Wildlife Department,5150 - Gr Acct-Large Count & Munic Rec & Parks,7986 - Unexpended Cash Balance Forward – Operating Transfers Out,"$4,248 "
2021,Operating Fund Transfers,Parks and Wildlife Department,7647 - Tpfa Go Coml Papr Ser2008 Tpwd Prj 1b Fd,7986 - Unexpended Cash Balance Forward – Operating Transfers Out,"$38,864 "
2021,Operating Fund Transfers,Parks and Wildlife Department,7654 - Tpfa Go Cml Papr Ser2008 Tpwd Proj 1c Fd,7986 - Unexpended Cash Balance Forward – Operating Transfers Out,"$4,124,910 "
2021,Operating Fund Transfers,Parks and Wildlife Department,7659 - Tpfa Go Cml Papr Ser2008 Tpwd Proj 1d Fd,7986 - Unexpended Cash Balance Forward – Operating Transfers Out,"$2,136,948 "
2021,Operating Fund Transfers,Prairie View A&M University,0047 - Texas A&M Univ Available Fund,7986 - Unexpended Cash Balance Forward – Operating Transfers Out,"$41,684,959 "
2021,Operating Fund Transfers,Prairie View A&M University,0802 - License Plate Trust Fund,7986 - Unexpended Cash Balance Forward – Operating Transfers Out,"$140,640 "
2021,Operating Fund Transfers,Railroad Commission of Texas,0599 - Economic Stabilization Fund,7986 - Unexpended Cash Balance Forward – Operating Transfers Out,"$15,047,868 "
2021,Operating Fund Transfers,Soil and Water Conservation Board,0599 - Economic Stabilization Fund,7986 - Unexpended Cash Balance Forward – Operating Transfers Out,"$243,524,682 "
2021,Operating Fund Transfers,State Preservation Board,0804 - Governor'S Mansion Renewal Trust,7986 - Unexpended Cash Balance Forward – Operating Transfers Out,"$782,810 "
2021,Operating Fund Transfers,State Preservation Board,0849 - Bob Bullock Tx St His Museum Local Tr Fd,7986 - Unexpended Cash Balance Forward – Operating Transfers Out,"$1,526,250 "
2021,Operating Fund Transfers,State Preservation Board,0854 - Capital Renewal Trust Fund,7986 - Unexpended Cash Balance Forward – Operating Transfers Out,"$2,660,029 "
2021,Operating Fund Transfers,State Preservation Board,0879 - Capitol Local Trust Fund,7986 - Unexpended Cash Balance Forward – Operating Transfers Out,"$749,172 "
2021,Operating Fund Transfers,State Preservation Board,0902 - State Cemetery Preservation Trust,7986 - Unexpended Cash Balance Forward – Operating Transfers Out,"$10,397,864 "
2021,Operating Fund Transfers,Texas A&M University (Main University),0047 - Texas A&M Univ Available Fund,7986 - Unexpended Cash Balance Forward – Operating Transfers Out,"$2,867,291 "
2021,Operating Fund Transfers,Texas A&M University System,0047 - Texas A&M Univ Available Fund,7986 - Unexpended Cash Balance Forward – Operating Transfers Out,"$1,000,000 "
2021,Operating Fund Transfers,Texas A&M University System Health Science Center,0001 - General Revenue Fund,7986 - Unexpended Cash Balance Forward – Operating Transfers Out,"$500,000 "
2021,Operating Fund Transfers,Texas A&M University System Health Science Center,0047 - Texas A&M Univ Available Fund,7986 - Unexpended Cash Balance Forward – Operating Transfers Out,"$76,708,417 "
2021,Operating Fund Transfers,Texas A&M University-Central Texas,0210 - Support Military/Veterans Exemption,7986 - Unexpended Cash Balance Forward – Operating Transfers Out,$830 
2021,Operating Fund Transfers,Texas A&M University-Texarkana,0210 - Support Military/Veterans Exemption,7986 - Unexpended Cash Balance Forward – Operating Transfers Out,$620 
2021,Operating Fund Transfers,Texas Commission on Environmental Quality,0088 - Gr-Acct Low-Level Radioactive Waste,7986 - Unexpended Cash Balance Forward – Operating Transfers Out,"$23,101,750 "
2021,Operating Fund Transfers,Texas Commission on Environmental Quality,5071 - Gr Acct-Emissions Reduction Plan,7986 - Unexpended Cash Balance Forward – Operating Transfers Out,"$1,700,000,000 "
2021,Operating Fund Transfers,Texas Department of Criminal Justice,0599 - Economic Stabilization Fund,7986 - Unexpended Cash Balance Forward – Operating Transfers Out,"$37,502,682 "
2021,Operating Fund Transfers,Texas Department of Criminal Justice,5060 - Gr Acct-Private Sector Prison Industries,7986 - Unexpended Cash Balance Forward – Operating Transfers Out,"$230,934 "
2021,Operating Fund Transfers,Texas Department of Public Safety,0222 - Gr Acct-Dept Pub Safety Federal,7986 - Unexpended Cash Balance Forward – Operating Transfers Out,($3)
2021,Operating Fund Transfers,Texas Department of Public Safety,5010 - Gr Acct - Sexual Assault Program,7986 - Unexpended Cash Balance Forward – Operating Transfers Out,"$1,364,499 "
2021,Operating Fund Transfers,Texas Department of Public Safety,7629 - Tpfa Go Coml Paper Ser2008 Dps Prj 1a Fd,7986 - Unexpended Cash Balance Forward – Operating Transfers Out,"$3,653,184 "
2021,Operating Fund Transfers,Texas Department of Public Safety,7656 - Tpfa Go Cml Papr Ser2008 Dps Proj 1c Fd,7986 - Unexpended Cash Balance Forward – Operating Transfers Out,"$1,194,830 "
2021,Operating Fund Transfers,Texas Department of Transportation,0599 - Economic Stabilization Fund,7986 - Unexpended Cash Balance Forward – Operating Transfers Out,"$233,000,000 "
2021,Operating Fund Transfers,Texas Education Agency,0002 - Available School Fund,7986 - Unexpended Cash Balance Forward – Operating Transfers Out,"$87,085,529 "
2021,Operating Fund Transfers,Texas Education Agency,0003 - State Technology Instructional Materials,7986 - Unexpended Cash Balance Forward – Operating Transfers Out,"$653,768,642 "
2021,Operating Fund Transfers,Texas Education Agency,0193 - Gr Account-Foundation School,7986 - Unexpended Cash Balance Forward – Operating Transfers Out,"$538,967,541 "
2021,Operating Fund Transfers,Texas Education Agency,0599 - Economic Stabilization Fund,7986 - Unexpended Cash Balance Forward – Operating Transfers Out,"$242,822,590 "
2021,Operating Fund Transfers,Texas Emergency Services Retirement System,0976 - Tx Emergency Services Retirement Tr Fd,7986 - Unexpended Cash Balance Forward – Operating Transfers Out,"$1,143,944 "
2021,Operating Fund Transfers,Texas Facilities Commission,0599 - Economic Stabilization Fund,7986 - Unexpended Cash Balance Forward – Operating Transfers Out,"$11,473,999 "
2021,Operating Fund Transfers,Texas Facilities Commission,5166 - Gr Acct-Deferred Maintenance,7986 - Unexpended Cash Balance Forward – Operating Transfers Out,"$87,786,563 "
2021,Operating Fund Transfers,Texas Facilities Commission,7217 - Tpfa Go Ser2011 Refundg Tfc Project Fd,7986 - Unexpended Cash Balance Forward – Operating Transfers Out,$403 
2021,Operating Fund Transfers,Texas Facilities Commission,7516 - Lease Rev&Ref Bonds (Tfc) T/E Proj Fund,7986 - Unexpended Cash Balance Forward – Operating Transfers Out,"$8,298,330 "
2021,Operating Fund Transfers,Texas Facilities Commission,7657 - Tpfa Go Cml Paper Ser2008 Tfc Proj 1d Fd,7986 - Unexpended Cash Balance Forward – Operating Transfers Out,"$888,891 "
2021,Operating Fund Transfers,Texas Facilities Commission,7800 - Tpfa Rv Com Pap Srs 16 Tfc Project Fund,7986 - Unexpended Cash Balance Forward – Operating Transfers Out,"$3,890,337 "
2021,Operating Fund Transfers,Texas Higher Education Coordinating Board,0001 - General Revenue Fund,7986 - Unexpended Cash Balance Forward – Operating Transfers Out,"$243,753 "
2021,Operating Fund Transfers,Texas Higher Education Coordinating Board,0387 - Texas Opportunity Plan Fund,7986 - Unexpended Cash Balance Forward – Operating Transfers Out,"$79,805,724 "
2021,Operating Fund Transfers,Texas Higher Education Coordinating Board,0388 - Tx Coll Student Loan Bond I&S,7986 - Unexpended Cash Balance Forward – Operating Transfers Out,"$117,625,623 "
2021,Operating Fund Transfers,Texas Higher Education Coordinating Board,0601 - Student Loan Auxiliary Fund,7986 - Unexpended Cash Balance Forward – Operating Transfers Out,"$123,643,811 "
2021,Operating Fund Transfers,Texas Higher Education Coordinating Board,0802 - License Plate Trust Fund,7986 - Unexpended Cash Balance Forward – Operating Transfers Out,$22 
2021,Operating Fund Transfers,Texas Higher Education Coordinating Board,0824 - Perm Fd Hied Nursing/Allied/Other Health,7986 - Unexpended Cash Balance Forward – Operating Transfers Out,"$6,923,465 "
2021,Operating Fund Transfers,Texas Higher Education Coordinating Board,0825 - Perm Fd Minority Hlth Research/Education,7986 - Unexpended Cash Balance Forward – Operating Transfers Out,"$3,616,680 "
2021,Operating Fund Transfers,Texas Higher Education Coordinating Board,5103 - Gr Acct - Texas B-On-Time Student Loan,7986 - Unexpended Cash Balance Forward – Operating Transfers Out,"$136,700,265 "
2021,Operating Fund Transfers,Texas Historical Commission,0599 - Economic Stabilization Fund,7986 - Unexpended Cash Balance Forward – Operating Transfers Out,"$1,779,990 "
2021,Operating Fund Transfers,Texas Historical Commission,0802 - License Plate Trust Fund,7986 - Unexpended Cash Balance Forward – Operating Transfers Out,$467 
2021,Operating Fund Transfers,Texas Historical Commission,5139 - Gr Acct - Historic Site,7986 - Unexpended Cash Balance Forward – Operating Transfers Out,"$295,941 "
2021,Operating Fund Transfers,Texas Juvenile Justice Department,0599 - Economic Stabilization Fund,7986 - Unexpended Cash Balance Forward – Operating Transfers Out,"$5,312,553 "
2021,Operating Fund Transfers,Texas Lottery Commission,0895 - Lotto Prize Trust Fd,7986 - Unexpended Cash Balance Forward – Operating Transfers Out,"$200,422,032 "
2021,Operating Fund Transfers,Texas Lottery Commission,5025 - Gr Acct-Lottery,7986 - Unexpended Cash Balance Forward – Operating Transfers Out,"$40,000,000 "
2021,Operating Fund Transfers,Texas Public Finance Authority,0001 - General Revenue Fund,7986 - Unexpended Cash Balance Forward – Operating Transfers Out,"$2,000 "
2021,Operating Fund Transfers,Texas Public Finance Authority,0733 - Tpfa Master Lease Interest/Sinking Fund,7986 - Unexpended Cash Balance Forward – Operating Transfers Out,"$5,028,914 "
2021,Operating Fund Transfers,Texas Public Finance Authority,7013 - Tpfa Go Ser 2002a Int & Sink Fd,7986 - Unexpended Cash Balance Forward – Operating Transfers Out,"$3,468 "
2021,Operating Fund Transfers,Texas Public Finance Authority,7020 - Tpfa Go Ser2002b Coml Pap Colonia Rebate,7986 - Unexpended Cash Balance Forward – Operating Transfers Out,"$120,519 "
2021,Operating Fund Transfers,Texas Public Finance Authority,7035 - Tpfa Go Coml Paper Series 2008 Rebate Fd,7986 - Unexpended Cash Balance Forward – Operating Transfers Out,$48 
2021,Operating Fund Transfers,Texas Public Finance Authority,7201 - Tpfa Go Ser 2002a Coml Paper Tdh Proj A,7986 - Unexpended Cash Balance Forward – Operating Transfers Out,"$3,701 "
2021,Operating Fund Transfers,Texas Public Finance Authority,7350 - Tpfa Rev Refund Ser2015e Dshs I&S Fund,7986 - Unexpended Cash Balance Forward – Operating Transfers Out,$29 
2021,Operating Fund Transfers,Texas Public Finance Authority,7651 - Tpfa Go Cml Paper Ser2008 Dshs Prj 1c Fd,7986 - Unexpended Cash Balance Forward – Operating Transfers Out,"$298,143 "
2021,Operating Fund Transfers,Texas Public Finance Authority,7652 - Tpfa Go Cml Paper Ser2008 Tfc Proj 1c Fd,7986 - Unexpended Cash Balance Forward – Operating Transfers Out,"$3,125 "
2021,Operating Fund Transfers,Texas Racing Commission,0876 - Horse Industry Escrow Trust Account,7986 - Unexpended Cash Balance Forward – Operating Transfers Out,"$1,337,814 "
2021,Operating Fund Transfers,Texas Southern University,0599 - Economic Stabilization Fund,7986 - Unexpended Cash Balance Forward – Operating Transfers Out,"$10,235,555 "
2021,Operating Fund Transfers,Texas Southern University,0802 - License Plate Trust Fund,7986 - Unexpended Cash Balance Forward – Operating Transfers Out,"$3,975 "
2021,Operating Fund Transfers,Texas State Library and Archives Commission,0001 - General Revenue Fund,7986 - Unexpended Cash Balance Forward – Operating Transfers Out,"$19,940 "
2021,Operating Fund Transfers,Texas State Library and Archives Commission,0599 - Economic Stabilization Fund,7986 - Unexpended Cash Balance Forward – Operating Transfers Out,"$419,021 "
2021,Operating Fund Transfers,Texas Tech University,0214 - Available Texas University Fund,7986 - Unexpended Cash Balance Forward – Operating Transfers Out,"$24,503,230 "
2021,Operating Fund Transfers,Texas Veterans Commission,0368 - Fund For Veterans' Assistance,7986 - Unexpended Cash Balance Forward – Operating Transfers Out,"$19,172,408 "
2021,Operating Fund Transfers,Texas Water Development Board,0001 - General Revenue Fund,7986 - Unexpended Cash Balance Forward – Operating Transfers Out,"$14,784,848 "
2021,Operating Fund Transfers,Texas Water Development Board,0175 - Texas Infrastructure Resiliency Fund,7986 - Unexpended Cash Balance Forward – Operating Transfers Out,"$621,524,626 "
2021,Operating Fund Transfers,Texas Water Development Board,0194 - Flood Infrastructure Fund,7986 - Unexpended Cash Balance Forward – Operating Transfers Out,"$797,471,000 "
2021,Operating Fund Transfers,Texas Water Development Board,0301 - Rural Water Assistance Fund,7986 - Unexpended Cash Balance Forward – Operating Transfers Out,"$1,240,325 "
2021,Operating Fund Transfers,Texas Water Development Board,0302 - Water Infrastructure Fund,7986 - Unexpended Cash Balance Forward – Operating Transfers Out,"$75,903,011 "
2021,Operating Fund Transfers,Texas Water Development Board,0330 - Floodplain Management Fund,7986 - Unexpended Cash Balance Forward – Operating Transfers Out,$7 
2021,Operating Fund Transfers,Texas Water Development Board,0356 - Economicaly Distrs Areas Cl Fd,7986 - Unexpended Cash Balance Forward – Operating Transfers Out,"$656,955 "
2021,Operating Fund Transfers,Texas Water Development Board,0357 - Economic Distrs Area Cl I&S Fd,7986 - Unexpended Cash Balance Forward – Operating Transfers Out,"$10,184 "
2021,Operating Fund Transfers,Texas Water Development Board,0358 - Agrig Water Conservation Fd,7986 - Unexpended Cash Balance Forward – Operating Transfers Out,"$8,218,148 "
2021,Operating Fund Transfers,Texas Water Development Board,0361 - State Water Implementation,7986 - Unexpended Cash Balance Forward – Operating Transfers Out,"$175,695,925 "
2021,Operating Fund Transfers,Texas Water Development Board,0370 - Tx Water Development Fd Ii Clearance Fd,7986 - Unexpended Cash Balance Forward – Operating Transfers Out,"$91,210,472 "
2021,Operating Fund Transfers,Texas Water Development Board,0371 - Tx Water Development Fd Ii,7986 - Unexpended Cash Balance Forward – Operating Transfers Out,"$72,140,582 "
2021,Operating Fund Transfers,Texas Water Development Board,0372 - Tx Water Devel Fd Ii Int & Sink Fund,7986 - Unexpended Cash Balance Forward – Operating Transfers Out,"$29,954 "
2021,Operating Fund Transfers,Texas Water Development Board,0480 - Water Assistance Fund,7986 - Unexpended Cash Balance Forward – Operating Transfers Out,"$2,212,585 "
2021,Operating Fund Transfers,Texas Water Development Board,5180 - Gr Account - Strategic Mapping,7986 - Unexpended Cash Balance Forward – Operating Transfers Out,"$40,000 "
2021,Operating Fund Transfers,Texas Workforce Commission,0925 - Career School/College Tuition Trust Acct,7986 - Unexpended Cash Balance Forward – Operating Transfers Out,"$2,562,866 "
2021,Operating Fund Transfers,Texas Workforce Commission,5043 - Gr Acct-Business Enterprise Prog Trust,7986 - Unexpended Cash Balance Forward – Operating Transfers Out,"$843,291 "
2021,Operating Fund Transfers,University of Houston,0214 - Available Texas University Fund,7986 - Unexpended Cash Balance Forward – Operating Transfers Out,"$18,394,036 "
2021,Operating Fund Transfers,University of Houston,0599 - Economic Stabilization Fund,7986 - Unexpended Cash Balance Forward – Operating Transfers Out,"$16,749,811 "
2021,Operating Fund Transfers,University of Houston-Clear Lake,0599 - Economic Stabilization Fund,7986 - Unexpended Cash Balance Forward – Operating Transfers Out,"$83,668 "
2021,Operating Fund Transfers,University of Houston-Downtown,0599 - Economic Stabilization Fund,7986 - Unexpended Cash Balance Forward – Operating Transfers Out,"$194,341 "
2021,Operating Fund Transfers,University of Houston-Victoria,0599 - Economic Stabilization Fund,7986 - Unexpended Cash Balance Forward – Operating Transfers Out,"$1,419,451 "
2021,Operating Fund Transfers,University of Texas at Austin,0599 - Economic Stabilization Fund,7986 - Unexpended Cash Balance Forward – Operating Transfers Out,"$9,000,000 "
2021,Operating Fund Transfers,University of Texas at Dallas,0214 - Available Texas University Fund,7986 - Unexpended Cash Balance Forward – Operating Transfers Out,"$4,973,679 "
2021,Operating Fund Transfers,University of Texas Health Science Center at Houston,0822 - Perm Endowmnt Fd Ut Reg Acad Health Ctr,7986 - Unexpended Cash Balance Forward – Operating Transfers Out,"$2,427,937 "
2021,Operating Fund Transfers,University of Texas M.D. Anderson Cancer Center,0210 - Support Military/Veterans Exemption,7986 - Unexpended Cash Balance Forward – Operating Transfers Out,"$2,240 "
2021,Operating Fund Transfers,University of Texas Rio Grande Valley,0001 - General Revenue Fund,7986 - Unexpended Cash Balance Forward – Operating Transfers Out,"$304,494 "
2021,Operating Fund Transfers,University of Texas Rio Grande Valley,0822 - Perm Endowmnt Fd Ut Reg Acad Health Ctr,7986 - Unexpended Cash Balance Forward – Operating Transfers Out,$61 
2021,Operating Fund Transfers,University of Texas System,0011 - Available University Fund,7986 - Unexpended Cash Balance Forward – Operating Transfers Out,"$290,894 "
2021,Operating Fund Transfers,West Texas A&M University,0802 - License Plate Trust Fund,7986 - Unexpended Cash Balance Forward – Operating Transfers Out,$4 
2020,Operating Fund Transfers,Attorney General,5010 - Gr Acct - Sexual Assault Program,7986 - Unexpended Cash Balance Forward – Operating Transfers Out,"$15,375,134 "
2020,Operating Fund Transfers,Cancer Prevention & Research Institute of Texas,0802 - License Plate Trust Fund,7986 - Unexpended Cash Balance Forward – Operating Transfers Out,"$5,214 "
2020,Operating Fund Transfers,Cancer Prevention & Research Institute of Texas,5136 - Gr Acct - Cancer Prevention And Research,7986 - Unexpended Cash Balance Forward – Operating Transfers Out,"$492,564 "
2020,Operating Fund Transfers,Cancer Prevention & Research Institute of Texas,5168 - Gr Acct-Cancer Prevention Research I&S,7986 - Unexpended Cash Balance Forward – Operating Transfers Out,"$531,764 "
2020,Operating Fund Transfers,Cancer Prevention & Research Institute of Texas,7639 - Tpfa Cprit Project Fund,7986 - Unexpended Cash Balance Forward – Operating Transfers Out,"$63,761,093 "
2020,Operating Fund Transfers,Commission on Jail Standards,5172 - Gr Acct-Prisoner Safety,7986 - Unexpended Cash Balance Forward – Operating Transfers Out,"$760,551 "
2020,Operating Fund Transfers,Commission on State Emergency Communications,5007 - Gr Acct Comm On State Emergency Comm,7986 - Unexpended Cash Balance Forward – Operating Transfers Out,"$30,000,000 "
2020,Operating Fund Transfers,Commission on State Emergency Communications,5050 - Gr Acct-911 Service Fees,7986 - Unexpended Cash Balance Forward – Operating Transfers Out,"$64,896,098 "
2020,Operating Fund Transfers,Comptroller of Public Accounts,0001 - General Revenue Fund,7986 - Unexpended Cash Balance Forward – Operating Transfers Out,"$821,123 "
2020,Operating Fund Transfers,Comptroller-State Energy Conservation Office,0001 - General Revenue Fund,7986 - Unexpended Cash Balance Forward – Operating Transfers Out,"$31,439,130 "
2020,Operating Fund Transfers,Comptroller-State Energy Conservation Office,5005 - Gr Acct - Oil Overcharge,7986 - Unexpended Cash Balance Forward – Operating Transfers Out,"$139,954,516 "
2020,Operating Fund Transfers,Comptroller-State Fiscal,0599 - Economic Stabilization Fund,7986 - Unexpended Cash Balance Forward – Operating Transfers Out,"$5,678,754,738 "
2020,Operating Fund Transfers,Comptroller-State Fiscal,5040 - Gr Acct-Tobacco Settlement,7986 - Unexpended Cash Balance Forward – Operating Transfers Out,"$12,407,364 "
2020,Operating Fund Transfers,Department of Agriculture,0001 - General Revenue Fund,7986 - Unexpended Cash Balance Forward – Operating Transfers Out,"$1,799,812 "
2020,Operating Fund Transfers,Department of Agriculture,0183 - Tx Economic Development Fund,7986 - Unexpended Cash Balance Forward – Operating Transfers Out,"$462,419 "
2020,Operating Fund Transfers,Department of Agriculture,0364 - Perm Endow Fd Rurl Com Health Care Invst,7986 - Unexpended Cash Balance Forward – Operating Transfers Out,"$72,171 "
2020,Operating Fund Transfers,Department of Agriculture,0683 - Tex Agricultural Fund,7986 - Unexpended Cash Balance Forward – Operating Transfers Out,"$13,789,205 "
2020,Operating Fund Transfers,Department of Agriculture,0802 - License Plate Trust Fund,7986 - Unexpended Cash Balance Forward – Operating Transfers Out,"$22,307 "
2020,Operating Fund Transfers,Department of Agriculture,5047 - Gr Acct-Perm Fd Rural Health Fac Cap Imp,7986 - Unexpended Cash Balance Forward – Operating Transfers Out,"$759,654 "
2020,Operating Fund Transfers,Department of Agriculture,5091 - Gr Acct-Orca Federal,7986 - Unexpended Cash Balance Forward – Operating Transfers Out,"$2,288,893 "
2020,Operating Fund Transfers,Department of Family and Protective Services,5085 - Gr Acct-Child Abuse Neg/Prev Trust,7986 - Unexpended Cash Balance Forward – Operating Transfers Out,"$6,525,354 "
2020,Operating Fund Transfers,Department of State Health Services,0001 - General Revenue Fund,7986 - Unexpended Cash Balance Forward – Operating Transfers Out,"$13,984,805 "
2020,Operating Fund Transfers,Department of State Health Services,0019 - Gr Acct-Vital Statistics,7986 - Unexpended Cash Balance Forward – Operating Transfers Out,"$10,000,000 "
2020,Operating Fund Transfers,Department of State Health Services,0273 - Gr Acct-Fed Health & Health Lab Funding,7986 - Unexpended Cash Balance Forward – Operating Transfers Out,"$4,516,072 "
2020,Operating Fund Transfers,Department of State Health Services,0341 - Gr Acct-Food & Drug Retail Fees,7986 - Unexpended Cash Balance Forward – Operating Transfers Out,"$10,000,000 "
2020,Operating Fund Transfers,Department of State Health Services,0512 - Gr Acct-Bureau Of Emergcy Mgt,7986 - Unexpended Cash Balance Forward – Operating Transfers Out,"$4,000,000 "
2020,Operating Fund Transfers,Department of State Health Services,0599 - Economic Stabilization Fund,7986 - Unexpended Cash Balance Forward – Operating Transfers Out,"$29,472,562 "
2020,Operating Fund Transfers,Department of State Health Services,0802 - License Plate Trust Fund,7986 - Unexpended Cash Balance Forward – Operating Transfers Out,"$118,992 "
2020,Operating Fund Transfers,Department of State Health Services,5017 - Gr Acct-Asbestos Removal Licensure,7986 - Unexpended Cash Balance Forward – Operating Transfers Out,"$25,000,000 "
2020,Operating Fund Transfers,Department of State Health Services,5020 - Gr Acct-Workplace Chemicals List,7986 - Unexpended Cash Balance Forward – Operating Transfers Out,"$14,806 "
2020,Operating Fund Transfers,Department of State Health Services,5021 - Gr Acct-Cert Of Mammography Systems,7986 - Unexpended Cash Balance Forward – Operating Transfers Out,"$3,000,000 "
2020,Operating Fund Transfers,Department of State Health Services,5022 - Gr Acct - Oysters Sales,7986 - Unexpended Cash Balance Forward – Operating Transfers Out,($572)
2020,Operating Fund Transfers,Department of State Health Services,5024 - Gr Acct-Food & Drug Registration,7986 - Unexpended Cash Balance Forward – Operating Transfers Out,"$30,000,000 "
2020,Operating Fund Transfers,Department of State Health Services,5044 - Gr Acct-Perm Fd Health/Tobacco Ed/Enforc,7986 - Unexpended Cash Balance Forward – Operating Transfers Out,"$187,604 "
2020,Operating Fund Transfers,Department of State Health Services,5045 - Gr Acct-Perm Fd Children & Public Health,7986 - Unexpended Cash Balance Forward – Operating Transfers Out,"$61,843 "
2020,Operating Fund Transfers,Department of State Health Services,5046 - Gr Acct-Perm Fd For Ems And Trauma Care,7986 - Unexpended Cash Balance Forward – Operating Transfers Out,"$1,075,329 "
2020,Operating Fund Transfers,Department of State Health Services,5048 - Gr Acct-Perm Hosp Cptl Imp/Ctr Infec Dis,7986 - Unexpended Cash Balance Forward – Operating Transfers Out,"$46,964 "
2020,Operating Fund Transfers,Department of State Health Services,"5108 - Gr Acct - Ems, Trauma Fac, Trauma Sys",7986 - Unexpended Cash Balance Forward – Operating Transfers Out,"$8,320,029 "
2020,Operating Fund Transfers,Department of State Health Services,5125 - Gr Acct - Childhood Immunization,7986 - Unexpended Cash Balance Forward – Operating Transfers Out,"$59,151 "
2020,Operating Fund Transfers,Department of State Health Services,7639 - Tpfa Cprit Project Fund,7986 - Unexpended Cash Balance Forward – Operating Transfers Out,"$2,769,344 "
2020,Operating Fund Transfers,District Courts-Comptroller's Judiciary Section,0001 - General Revenue Fund,7986 - Unexpended Cash Balance Forward – Operating Transfers Out,"$10,000,000 "
2020,Operating Fund Transfers,Employees Retirement System of Texas,"0945 - Def Compensation Trust Fd, Ers",7986 - Unexpended Cash Balance Forward – Operating Transfers Out,"$901,363 "
2020,Operating Fund Transfers,General Land Office,0374 - Vlb-Veterans Financial Asst Prog Fund,7986 - Unexpended Cash Balance Forward – Operating Transfers Out,"$2,166,937 "
2020,Operating Fund Transfers,General Land Office,0522 - Veterans Land Program Admin Fd,7986 - Unexpended Cash Balance Forward – Operating Transfers Out,"$111,732 "
2020,Operating Fund Transfers,General Land Office,0599 - Economic Stabilization Fund,7986 - Unexpended Cash Balance Forward – Operating Transfers Out,"$168,705,402 "
2020,Operating Fund Transfers,Governor-Fiscal,0001 - General Revenue Fund,7986 - Unexpended Cash Balance Forward – Operating Transfers Out,"$3,829,143 "
2020,Operating Fund Transfers,Governor-Fiscal,0224 - Gr Acct-Governors Ofc Federal Proj,7986 - Unexpended Cash Balance Forward – Operating Transfers Out,"$22,520,527 "
2020,Operating Fund Transfers,Governor-Fiscal,0421 - Gr Acct-Crim Justice Planning,7986 - Unexpended Cash Balance Forward – Operating Transfers Out,"$27,896,741 "
2020,Operating Fund Transfers,Governor-Fiscal,0588 - Small Business Incubator Fund,7986 - Unexpended Cash Balance Forward – Operating Transfers Out,"$20,930,535 "
2020,Operating Fund Transfers,Governor-Fiscal,0589 - Texas Product Development Fund,7986 - Unexpended Cash Balance Forward – Operating Transfers Out,"$8,420,238 "
2020,Operating Fund Transfers,Governor-Fiscal,0599 - Economic Stabilization Fund,7986 - Unexpended Cash Balance Forward – Operating Transfers Out,"$160,103,975 "
2020,Operating Fund Transfers,Governor-Fiscal,0802 - License Plate Trust Fund,7986 - Unexpended Cash Balance Forward – Operating Transfers Out,"$68,116 "
2020,Operating Fund Transfers,Governor-Fiscal,0806 - Spaceport Trust Fund,7986 - Unexpended Cash Balance Forward – Operating Transfers Out,"$32,248,965 "
2020,Operating Fund Transfers,Governor-Fiscal,0830 - Events Trust Fd For Certain Muni/Countys,7986 - Unexpended Cash Balance Forward – Operating Transfers Out,"$10,328,755 "
2020,Operating Fund Transfers,Governor-Fiscal,0869 - Major Events Reimbursement Program,7986 - Unexpended Cash Balance Forward – Operating Transfers Out,"$7,362,102 "
2020,Operating Fund Transfers,Governor-Fiscal,5003 - Gr Acct-Hotel Occ Tax For Economic Devel,7986 - Unexpended Cash Balance Forward – Operating Transfers Out,"$82,650,153 "
2020,Operating Fund Transfers,Governor-Fiscal,5010 - Gr Acct - Sexual Assault Program,7986 - Unexpended Cash Balance Forward – Operating Transfers Out,"$1,159,327 "
2020,Operating Fund Transfers,Governor-Fiscal,5012 - Gr Acct - Crime Stoppers Assistance,7986 - Unexpended Cash Balance Forward – Operating Transfers Out,"$888,290 "
2020,Operating Fund Transfers,Governor-Fiscal,5106 - Gr Acct - Economic Dev Bank,7986 - Unexpended Cash Balance Forward – Operating Transfers Out,"$9,877,799 "
2020,Operating Fund Transfers,Governor-Fiscal,5107 - Gr Acct - Texas Enterprise,7986 - Unexpended Cash Balance Forward – Operating Transfers Out,"$201,834,429 "
2020,Operating Fund Transfers,Governor-Fiscal,5153 - Gr Acct-Emergency Radio Infrastructure,7986 - Unexpended Cash Balance Forward – Operating Transfers Out,"$4,466,123 "
2020,Operating Fund Transfers,Governor-Fiscal,5161 - Gr-Acct Governor'S Univ Research Initive,7986 - Unexpended Cash Balance Forward – Operating Transfers Out,"$60,586,503 "
2020,Operating Fund Transfers,Governor-Fiscal,5164 - Gr Acct-Youth Diversion,7986 - Unexpended Cash Balance Forward – Operating Transfers Out,"$14,193,705 "
2020,Operating Fund Transfers,Governor-Fiscal,5170 - Gr Acct-Evidence Testing,7986 - Unexpended Cash Balance Forward – Operating Transfers Out,"$767,492 "
2020,Operating Fund Transfers,Governor-Fiscal,5174 - Gr Acct-Drug Court,7986 - Unexpended Cash Balance Forward – Operating Transfers Out,"$2,820,891 "
2020,Operating Fund Transfers,Health and Human Services Commission,0001 - General Revenue Fund,7986 - Unexpended Cash Balance Forward – Operating Transfers Out,"$257,743 "
2020,Operating Fund Transfers,Health and Human Services Commission,0543 - Gr Acct-Tx Capital Trust,7986 - Unexpended Cash Balance Forward – Operating Transfers Out,"$147,533 "
2020,Operating Fund Transfers,Health and Human Services Commission,0599 - Economic Stabilization Fund,7986 - Unexpended Cash Balance Forward – Operating Transfers Out,"$265,287,574 "
2020,Operating Fund Transfers,Health and Human Services Commission,0802 - License Plate Trust Fund,7986 - Unexpended Cash Balance Forward – Operating Transfers Out,"$20,273 "
2020,Operating Fund Transfers,Health and Human Services Commission,0857 - Assisted Living Facility Trust Fd,7986 - Unexpended Cash Balance Forward – Operating Transfers Out,"$500,000 "
2020,Operating Fund Transfers,Health and Human Services Commission,0992 - Nursing/Convales Home Trst Fd,7986 - Unexpended Cash Balance Forward – Operating Transfers Out,"$10,000,000 "
2020,Operating Fund Transfers,Health and Human Services Commission,5018 - Gr Acct - Home Health Services,7986 - Unexpended Cash Balance Forward – Operating Transfers Out,"$5,000,000 "
2020,Operating Fund Transfers,Health and Human Services Commission,7658 - Tpfa Go Cml Paper Ser2008 Dads Prj 1b Fd,7986 - Unexpended Cash Balance Forward – Operating Transfers Out,"$443,817 "
2020,Operating Fund Transfers,Health and Human Services Commission,7660 - Tpfa Go Cml Paper Ser2008 Dshs Prj 1d Fd,7986 - Unexpended Cash Balance Forward – Operating Transfers Out,"$516,913 "
2020,Operating Fund Transfers,Lamar State College-Orange,0599 - Economic Stabilization Fund,7986 - Unexpended Cash Balance Forward – Operating Transfers Out,"$20,897 "
2020,Operating Fund Transfers,Lamar State College-Port Arthur,0599 - Economic Stabilization Fund,7986 - Unexpended Cash Balance Forward – Operating Transfers Out,"$6,319,458 "
2020,Operating Fund Transfers,Lamar University,0599 - Economic Stabilization Fund,7986 - Unexpended Cash Balance Forward – Operating Transfers Out,"$1,418,585 "
2020,Operating Fund Transfers,Parks and Wildlife Department,0001 - General Revenue Fund,7986 - Unexpended Cash Balance Forward – Operating Transfers Out,"($11,529)"
2020,Operating Fund Transfers,Parks and Wildlife Department,"0009 - Gr Account-Game, Fish, Water Safety",7986 - Unexpended Cash Balance Forward – Operating Transfers Out,"$25,280,760 "
2020,Operating Fund Transfers,Parks and Wildlife Department,0064 - Gr Acct-State Parks,7986 - Unexpended Cash Balance Forward – Operating Transfers Out,"$20,310,264 "
2020,Operating Fund Transfers,Parks and Wildlife Department,0223 - Gr Acct-Fed Land/Water Conservation,7986 - Unexpended Cash Balance Forward – Operating Transfers Out,"$17,414 "
2020,Operating Fund Transfers,Parks and Wildlife Department,0467 - Gr Acct-Tx Recreation & Parks,7986 - Unexpended Cash Balance Forward – Operating Transfers Out,"$1,672,638 "
2020,Operating Fund Transfers,Parks and Wildlife Department,0506 - Gr Acct-Non-Game/Endanger Spec,7986 - Unexpended Cash Balance Forward – Operating Transfers Out,"$124,487 "
2020,Operating Fund Transfers,Parks and Wildlife Department,0544 - Gr Acct-Lifetime Lic Endowmt,7986 - Unexpended Cash Balance Forward – Operating Transfers Out,"$128,289,821 "
2020,Operating Fund Transfers,Parks and Wildlife Department,0599 - Economic Stabilization Fund,7986 - Unexpended Cash Balance Forward – Operating Transfers Out,"$6,865,490 "
2020,Operating Fund Transfers,Parks and Wildlife Department,0679 - Gr Acct-Artificial Reef,7986 - Unexpended Cash Balance Forward – Operating Transfers Out,"$11,470,749 "
2020,Operating Fund Transfers,Parks and Wildlife Department,0802 - License Plate Trust Fund,7986 - Unexpended Cash Balance Forward – Operating Transfers Out,"$81,188 "
2020,Operating Fund Transfers,Parks and Wildlife Department,0885 - State Parks Endowment Trust Account,7986 - Unexpended Cash Balance Forward – Operating Transfers Out,"$656,538 "
2020,Operating Fund Transfers,Parks and Wildlife Department,5004 - Gr Acct-Pks/ Wildlife Conserv Atn/Capt'L,7986 - Unexpended Cash Balance Forward – Operating Transfers Out,"$27,992,771 "
2020,Operating Fund Transfers,Parks and Wildlife Department,5150 - Gr Acct-Large Count & Munic Rec & Parks,7986 - Unexpended Cash Balance Forward – Operating Transfers Out,"$5,469,025 "
2020,Operating Fund Transfers,Parks and Wildlife Department,5166 - Gr Acct-Deferred Maintenance,7986 - Unexpended Cash Balance Forward – Operating Transfers Out,"$220,980 "
2020,Operating Fund Transfers,Parks and Wildlife Department,7647 - Tpfa Go Coml Papr Ser2008 Tpwd Prj 1b Fd,7986 - Unexpended Cash Balance Forward – Operating Transfers Out,"$66,999 "
2020,Operating Fund Transfers,Parks and Wildlife Department,7654 - Tpfa Go Cml Papr Ser2008 Tpwd Proj 1c Fd,7986 - Unexpended Cash Balance Forward – Operating Transfers Out,"($1,336,473)"
2020,Operating Fund Transfers,Parks and Wildlife Department,7659 - Tpfa Go Cml Papr Ser2008 Tpwd Proj 1d Fd,7986 - Unexpended Cash Balance Forward – Operating Transfers Out,"$425,099 "
2020,Operating Fund Transfers,Prairie View A&M University,0047 - Texas A&M Univ Available Fund,7986 - Unexpended Cash Balance Forward – Operating Transfers Out,"$62,295,009 "
2020,Operating Fund Transfers,Prairie View A&M University,0802 - License Plate Trust Fund,7986 - Unexpended Cash Balance Forward – Operating Transfers Out,"$281,280 "
2020,Operating Fund Transfers,Railroad Commission of Texas,0599 - Economic Stabilization Fund,7986 - Unexpended Cash Balance Forward – Operating Transfers Out,"$33,340,454 "
2020,Operating Fund Transfers,Soil and Water Conservation Board,0599 - Economic Stabilization Fund,7986 - Unexpended Cash Balance Forward – Operating Transfers Out,"$33,000,000 "
2020,Operating Fund Transfers,State Preservation Board,0804 - Governor'S Mansion Renewal Trust,7986 - Unexpended Cash Balance Forward – Operating Transfers Out,"$809,711 "
2020,Operating Fund Transfers,State Preservation Board,0849 - Bob Bullock Tx St His Museum Local Tr Fd,7986 - Unexpended Cash Balance Forward – Operating Transfers Out,"$691,538 "
2020,Operating Fund Transfers,State Preservation Board,0854 - Capital Renewal Trust Fund,7986 - Unexpended Cash Balance Forward – Operating Transfers Out,"$3,139,890 "
2020,Operating Fund Transfers,State Preservation Board,0879 - Capitol Local Trust Fund,7986 - Unexpended Cash Balance Forward – Operating Transfers Out,"$1,038,412 "
2020,Operating Fund Transfers,State Preservation Board,0902 - State Cemetery Preservation Trust,7986 - Unexpended Cash Balance Forward – Operating Transfers Out,"$10,233,206 "
2020,Operating Fund Transfers,Texas A&M University (Main University),0047 - Texas A&M Univ Available Fund,7986 - Unexpended Cash Balance Forward – Operating Transfers Out,"$15,891,722 "
2020,Operating Fund Transfers,Texas A&M University System,0047 - Texas A&M Univ Available Fund,7986 - Unexpended Cash Balance Forward – Operating Transfers Out,"$91,508 "
2020,Operating Fund Transfers,Texas A&M University System Health Science Center,0047 - Texas A&M Univ Available Fund,7986 - Unexpended Cash Balance Forward – Operating Transfers Out,"$57,721,863 "
2020,Operating Fund Transfers,Texas A&M University-Central Texas,0210 - Support Military/Veterans Exemption,7986 - Unexpended Cash Balance Forward – Operating Transfers Out,"$10,765 "
2020,Operating Fund Transfers,Texas A&M University-Texarkana,0210 - Support Military/Veterans Exemption,7986 - Unexpended Cash Balance Forward – Operating Transfers Out,"$17,547 "
2020,Operating Fund Transfers,Texas Commission on Environmental Quality,0088 - Gr-Acct Low-Level Radioactive Waste,7986 - Unexpended Cash Balance Forward – Operating Transfers Out,"$31,642,370 "
2020,Operating Fund Transfers,Texas Commission on Environmental Quality,5071 - Gr Acct-Emissions Reduction Plan,7986 - Unexpended Cash Balance Forward – Operating Transfers Out,"$1,092,897,259 "
2020,Operating Fund Transfers,Texas Department of Criminal Justice,0599 - Economic Stabilization Fund,7986 - Unexpended Cash Balance Forward – Operating Transfers Out,"$104,164,000 "
2020,Operating Fund Transfers,Texas Department of Criminal Justice,5060 - Gr Acct-Private Sector Prison Industries,7986 - Unexpended Cash Balance Forward – Operating Transfers Out,"$196,335 "
2020,Operating Fund Transfers,Texas Department of Housing and Community Affairs,0599 - Economic Stabilization Fund,7986 - Unexpended Cash Balance Forward – Operating Transfers Out,"$4,000,000 "
2020,Operating Fund Transfers,Texas Department of Public Safety,0222 - Gr Acct-Dept Pub Safety Federal,7986 - Unexpended Cash Balance Forward – Operating Transfers Out,"$945,214 "
2020,Operating Fund Transfers,Texas Department of Public Safety,0501 - Gr Acct-Motorcycle Education,7986 - Unexpended Cash Balance Forward – Operating Transfers Out,"$109,595 "
2020,Operating Fund Transfers,Texas Department of Public Safety,0599 - Economic Stabilization Fund,7986 - Unexpended Cash Balance Forward – Operating Transfers Out,"$405,894 "
2020,Operating Fund Transfers,Texas Department of Public Safety,5010 - Gr Acct - Sexual Assault Program,7986 - Unexpended Cash Balance Forward – Operating Transfers Out,"$1,418,012 "
2020,Operating Fund Transfers,Texas Department of Public Safety,5013 - Gr Acct - Breath Alcohol Testing,7986 - Unexpended Cash Balance Forward – Operating Transfers Out,"$45,448 "
2020,Operating Fund Transfers,Texas Department of Public Safety,5153 - Gr Acct-Emergency Radio Infrastructure,7986 - Unexpended Cash Balance Forward – Operating Transfers Out,"$24,301,128 "
2020,Operating Fund Transfers,Texas Department of Public Safety,7629 - Tpfa Go Coml Paper Ser2008 Dps Prj 1a Fd,7986 - Unexpended Cash Balance Forward – Operating Transfers Out,"$2,988,700 "
2020,Operating Fund Transfers,Texas Department of Public Safety,7656 - Tpfa Go Cml Papr Ser2008 Dps Proj 1c Fd,7986 - Unexpended Cash Balance Forward – Operating Transfers Out,"$1,426,029 "
2020,Operating Fund Transfers,Texas Education Agency,0002 - Available School Fund,7986 - Unexpended Cash Balance Forward – Operating Transfers Out,"$141,522,410 "
2020,Operating Fund Transfers,Texas Education Agency,0003 - State Technology Instructional Materials,7986 - Unexpended Cash Balance Forward – Operating Transfers Out,"$411,130,342 "
2020,Operating Fund Transfers,Texas Education Agency,0193 - Gr Account-Foundation School,7986 - Unexpended Cash Balance Forward – Operating Transfers Out,"$64,984,306 "
2020,Operating Fund Transfers,Texas Education Agency,0599 - Economic Stabilization Fund,7986 - Unexpended Cash Balance Forward – Operating Transfers Out,"$642,649,953 "
2020,Operating Fund Transfers,Texas Emergency Services Retirement System,0976 - Tx Emergency Services Retirement Tr Fd,7986 - Unexpended Cash Balance Forward – Operating Transfers Out,"$637,346 "
2020,Operating Fund Transfers,Texas Facilities Commission,0599 - Economic Stabilization Fund,7986 - Unexpended Cash Balance Forward – Operating Transfers Out,"$16,758,070 "
2020,Operating Fund Transfers,Texas Facilities Commission,5166 - Gr Acct-Deferred Maintenance,7986 - Unexpended Cash Balance Forward – Operating Transfers Out,"$94,373,643 "
2020,Operating Fund Transfers,Texas Facilities Commission,7516 - Lease Rev&Ref Bonds (Tfc) T/E Proj Fund,7986 - Unexpended Cash Balance Forward – Operating Transfers Out,"$8,000,000 "
2020,Operating Fund Transfers,Texas Facilities Commission,7800 - Tpfa Rv Com Pap Srs 16 Tfc Project Fund,7986 - Unexpended Cash Balance Forward – Operating Transfers Out,"$1,702,472 "
2020,Operating Fund Transfers,Texas Higher Education Coordinating Board,0001 - General Revenue Fund,7986 - Unexpended Cash Balance Forward – Operating Transfers Out,"$60,928 "
2020,Operating Fund Transfers,Texas Higher Education Coordinating Board,0387 - Texas Opportunity Plan Fund,7986 - Unexpended Cash Balance Forward – Operating Transfers Out,"$65,634,338 "
2020,Operating Fund Transfers,Texas Higher Education Coordinating Board,0388 - Tx Coll Student Loan Bond I&S,7986 - Unexpended Cash Balance Forward – Operating Transfers Out,"$113,079,434 "
2020,Operating Fund Transfers,Texas Higher Education Coordinating Board,0601 - Student Loan Auxiliary Fund,7986 - Unexpended Cash Balance Forward – Operating Transfers Out,"$154,753,489 "
2020,Operating Fund Transfers,Texas Higher Education Coordinating Board,0802 - License Plate Trust Fund,7986 - Unexpended Cash Balance Forward – Operating Transfers Out,$22 
2020,Operating Fund Transfers,Texas Higher Education Coordinating Board,0824 - Perm Fd Hied Nursing/Allied/Other Health,7986 - Unexpended Cash Balance Forward – Operating Transfers Out,"$5,608,123 "
2020,Operating Fund Transfers,Texas Higher Education Coordinating Board,0825 - Perm Fd Minority Hlth Research/Education,7986 - Unexpended Cash Balance Forward – Operating Transfers Out,"$4,456,438 "
2020,Operating Fund Transfers,Texas Higher Education Coordinating Board,5103 - Gr Acct - Texas B-On-Time Student Loan,7986 - Unexpended Cash Balance Forward – Operating Transfers Out,"$131,646,727 "
2020,Operating Fund Transfers,Texas Higher Education Coordinating Board,5144 - Gr Acct - Physician Educ Loan Repmt Prog,7986 - Unexpended Cash Balance Forward – Operating Transfers Out,"$2,961,938 "
2020,Operating Fund Transfers,Texas Historical Commission,0599 - Economic Stabilization Fund,7986 - Unexpended Cash Balance Forward – Operating Transfers Out,"$33,081,663 "
2020,Operating Fund Transfers,Texas Historical Commission,0802 - License Plate Trust Fund,7986 - Unexpended Cash Balance Forward – Operating Transfers Out,$888 
2020,Operating Fund Transfers,Texas Historical Commission,7213 - Tpfa Go Series 2009b Thc Project Fund,7986 - Unexpended Cash Balance Forward – Operating Transfers Out,"$2,575,363 "
2020,Operating Fund Transfers,Texas Historical Commission,7650 - Tpfa Go Cml Paper Ser2008 Thc Proj 1c Fd,7986 - Unexpended Cash Balance Forward – Operating Transfers Out,"$59,842 "
2020,Operating Fund Transfers,Texas Historical Commission,7662 - Tpfa Go Cml Paper Ser2008 Thc Proj 1d Fd,7986 - Unexpended Cash Balance Forward – Operating Transfers Out,"$406,851 "
2020,Operating Fund Transfers,Texas Juvenile Justice Department,0599 - Economic Stabilization Fund,7986 - Unexpended Cash Balance Forward – Operating Transfers Out,"$7,547,000 "
2020,Operating Fund Transfers,Texas Lottery Commission,0895 - Lotto Prize Trust Fd,7986 - Unexpended Cash Balance Forward – Operating Transfers Out,"$230,255,942 "
2020,Operating Fund Transfers,Texas Lottery Commission,5025 - Gr Acct-Lottery,7986 - Unexpended Cash Balance Forward – Operating Transfers Out,"$28,953,415 "
2020,Operating Fund Transfers,Texas Public Finance Authority,0001 - General Revenue Fund,7986 - Unexpended Cash Balance Forward – Operating Transfers Out,"$1,000 "
2020,Operating Fund Transfers,Texas Public Finance Authority,0064 - Gr Acct-State Parks,7986 - Unexpended Cash Balance Forward – Operating Transfers Out,"$676,215 "
2020,Operating Fund Transfers,Texas Public Finance Authority,0733 - Tpfa Master Lease Interest/Sinking Fund,7986 - Unexpended Cash Balance Forward – Operating Transfers Out,"$5,098,227 "
2020,Operating Fund Transfers,Texas Public Finance Authority,5044 - Gr Acct-Perm Fd Health/Tobacco Ed/Enforc,7986 - Unexpended Cash Balance Forward – Operating Transfers Out,"$3,714,603 "
2020,Operating Fund Transfers,Texas Public Finance Authority,5045 - Gr Acct-Perm Fd Children & Public Health,7986 - Unexpended Cash Balance Forward – Operating Transfers Out,"$1,856,976 "
2020,Operating Fund Transfers,Texas Public Finance Authority,5046 - Gr Acct-Perm Fd For Ems And Trauma Care,7986 - Unexpended Cash Balance Forward – Operating Transfers Out,"$1,856,992 "
2020,Operating Fund Transfers,Texas Public Finance Authority,7013 - Tpfa Go Ser 2002a Int & Sink Fd,7986 - Unexpended Cash Balance Forward – Operating Transfers Out,"$3,468 "
2020,Operating Fund Transfers,Texas Public Finance Authority,7020 - Tpfa Go Ser2002b Coml Pap Colonia Rebate,7986 - Unexpended Cash Balance Forward – Operating Transfers Out,"$120,519 "
2020,Operating Fund Transfers,Texas Public Finance Authority,7035 - Tpfa Go Coml Paper Series 2008 Rebate Fd,7986 - Unexpended Cash Balance Forward – Operating Transfers Out,$48 
2020,Operating Fund Transfers,Texas Public Finance Authority,7201 - Tpfa Go Ser 2002a Coml Paper Tdh Proj A,7986 - Unexpended Cash Balance Forward – Operating Transfers Out,"$3,701 "
2020,Operating Fund Transfers,Texas Public Finance Authority,7350 - Tpfa Rev Refund Ser2015e Dshs I&S Fund,7986 - Unexpended Cash Balance Forward – Operating Transfers Out,$29 
2020,Operating Fund Transfers,Texas Public Finance Authority,7356 - Tpfa Lease Rev&Ref (Tfc) T/E I&S Funds,7986 - Unexpended Cash Balance Forward – Operating Transfers Out,"$30,248 "
2020,Operating Fund Transfers,Texas Public Finance Authority,7652 - Tpfa Go Cml Paper Ser2008 Tfc Proj 1c Fd,7986 - Unexpended Cash Balance Forward – Operating Transfers Out,"$3,125 "
2020,Operating Fund Transfers,Texas Southern University,0599 - Economic Stabilization Fund,7986 - Unexpended Cash Balance Forward – Operating Transfers Out,"$16,000,000 "
2020,Operating Fund Transfers,Texas Southern University,0802 - License Plate Trust Fund,7986 - Unexpended Cash Balance Forward – Operating Transfers Out,"$3,975 "
2020,Operating Fund Transfers,Texas State Library and Archives Commission,0599 - Economic Stabilization Fund,7986 - Unexpended Cash Balance Forward – Operating Transfers Out,"$1,285,162 "
2020,Operating Fund Transfers,Texas Tech University,0214 - Available Texas University Fund,7986 - Unexpended Cash Balance Forward – Operating Transfers Out,"$25,081,035 "
2020,Operating Fund Transfers,Texas Veterans Commission,0368 - Fund For Veterans' Assistance,7986 - Unexpended Cash Balance Forward – Operating Transfers Out,"$14,512,549 "
2020,Operating Fund Transfers,Texas Water Development Board,0001 - General Revenue Fund,7986 - Unexpended Cash Balance Forward – Operating Transfers Out,"$9,951,160 "
2020,Operating Fund Transfers,Texas Water Development Board,0175 - Texas Infrastructure Resiliency Fund,7986 - Unexpended Cash Balance Forward – Operating Transfers Out,"$686,690,522 "
2020,Operating Fund Transfers,Texas Water Development Board,0194 - Flood Infrastructure Fund,7986 - Unexpended Cash Balance Forward – Operating Transfers Out,"$793,000,000 "
2020,Operating Fund Transfers,Texas Water Development Board,0301 - Rural Water Assistance Fund,7986 - Unexpended Cash Balance Forward – Operating Transfers Out,"$2,453,148 "
2020,Operating Fund Transfers,Texas Water Development Board,0302 - Water Infrastructure Fund,7986 - Unexpended Cash Balance Forward – Operating Transfers Out,"$6,415,224 "
2020,Operating Fund Transfers,Texas Water Development Board,0330 - Floodplain Management Fund,7986 - Unexpended Cash Balance Forward – Operating Transfers Out,"$151,759 "
2020,Operating Fund Transfers,Texas Water Development Board,0356 - Economicaly Distrs Areas Cl Fd,7986 - Unexpended Cash Balance Forward – Operating Transfers Out,"$680,106 "
2020,Operating Fund Transfers,Texas Water Development Board,0357 - Economic Distrs Area Cl I&S Fd,7986 - Unexpended Cash Balance Forward – Operating Transfers Out,"$29,795 "
2020,Operating Fund Transfers,Texas Water Development Board,0358 - Agrig Water Conservation Fd,7986 - Unexpended Cash Balance Forward – Operating Transfers Out,"$9,068,049 "
2020,Operating Fund Transfers,Texas Water Development Board,0361 - State Water Implementation,7986 - Unexpended Cash Balance Forward – Operating Transfers Out,"$192,200,709 "
2020,Operating Fund Transfers,Texas Water Development Board,0370 - Tx Water Development Fd Ii Clearance Fd,7986 - Unexpended Cash Balance Forward – Operating Transfers Out,"$67,578,469 "
2020,Operating Fund Transfers,Texas Water Development Board,0371 - Tx Water Development Fd Ii,7986 - Unexpended Cash Balance Forward – Operating Transfers Out,"$33,578,390 "
2020,Operating Fund Transfers,Texas Water Development Board,0372 - Tx Water Devel Fd Ii Int & Sink Fund,7986 - Unexpended Cash Balance Forward – Operating Transfers Out,"$98,039 "
2020,Operating Fund Transfers,Texas Water Development Board,0480 - Water Assistance Fund,7986 - Unexpended Cash Balance Forward – Operating Transfers Out,"$8,065,993 "
2020,Operating Fund Transfers,Texas Workforce Commission,0925 - Career School/College Tuition Trust Acct,7986 - Unexpended Cash Balance Forward – Operating Transfers Out,"$66,759 "
2020,Operating Fund Transfers,Texas Workforce Commission,5043 - Gr Acct-Business Enterprise Prog Trust,7986 - Unexpended Cash Balance Forward – Operating Transfers Out,"$2,002,413 "
2020,Operating Fund Transfers,University of Houston,0214 - Available Texas University Fund,7986 - Unexpended Cash Balance Forward – Operating Transfers Out,"$14,431,236 "
2020,Operating Fund Transfers,University of Houston,0599 - Economic Stabilization Fund,7986 - Unexpended Cash Balance Forward – Operating Transfers Out,"$20,288,883 "
2020,Operating Fund Transfers,University of Houston-Clear Lake,0599 - Economic Stabilization Fund,7986 - Unexpended Cash Balance Forward – Operating Transfers Out,"$83,668 "
2020,Operating Fund Transfers,University of Houston-Downtown,0599 - Economic Stabilization Fund,7986 - Unexpended Cash Balance Forward – Operating Transfers Out,"$4,000,000 "
2020,Operating Fund Transfers,University of Houston-Victoria,0599 - Economic Stabilization Fund,7986 - Unexpended Cash Balance Forward – Operating Transfers Out,"$1,703,828 "
2020,Operating Fund Transfers,University of Texas at Austin,0599 - Economic Stabilization Fund,7986 - Unexpended Cash Balance Forward – Operating Transfers Out,"$10,049,499 "
2020,Operating Fund Transfers,University of Texas at Dallas,0214 - Available Texas University Fund,7986 - Unexpended Cash Balance Forward – Operating Transfers Out,"$7,478,717 "
2020,Operating Fund Transfers,University of Texas Health Science Center at Houston,0822 - Perm Endowmnt Fd Ut Reg Acad Health Ctr,7986 - Unexpended Cash Balance Forward – Operating Transfers Out,"$2,226,285 "
2020,Operating Fund Transfers,University of Texas M.D. Anderson Cancer Center,0210 - Support Military/Veterans Exemption,7986 - Unexpended Cash Balance Forward – Operating Transfers Out,"$1,740 "
2020,Operating Fund Transfers,University of Texas Southwestern Medical Center,0210 - Support Military/Veterans Exemption,7986 - Unexpended Cash Balance Forward – Operating Transfers Out,"$22,628 "
2020,Operating Fund Transfers,University of Texas System,0011 - Available University Fund,7986 - Unexpended Cash Balance Forward – Operating Transfers Out,"$199,507 "
2020,Operating Fund Transfers,West Texas A&M University,0802 - License Plate Trust Fund,7986 - Unexpended Cash Balance Forward – Operating Transfers Out,$39 
2019,Operating Fund Transfers,Attorney General,5010 - Gr Acct - Sexual Assault Program,7986 - Unexpended Cash Balance Forward – Operating Transfers Out,"$575,989 "
2019,Operating Fund Transfers,Cancer Prevention & Research Institute of Texas,0802 - License Plate Trust Fund,7986 - Unexpended Cash Balance Forward – Operating Transfers Out,"$16,980 "
2019,Operating Fund Transfers,Cancer Prevention & Research Institute of Texas,5136 - Gr Acct - Cancer Prevention And Research,7986 - Unexpended Cash Balance Forward – Operating Transfers Out,"$985,164 "
2019,Operating Fund Transfers,Cancer Prevention & Research Institute of Texas,5168 - Gr Acct-Cancer Prevention Research I&S,7986 - Unexpended Cash Balance Forward – Operating Transfers Out,"$265,461 "
2019,Operating Fund Transfers,Cancer Prevention & Research Institute of Texas,7639 - Tpfa Cprit Project Fund,7986 - Unexpended Cash Balance Forward – Operating Transfers Out,"$107,819,491 "
2019,Operating Fund Transfers,Commission on Jail Standards,5172 - Gr Acct-Prisoner Safety,7986 - Unexpended Cash Balance Forward – Operating Transfers Out,$74 
2019,Operating Fund Transfers,Commission on State Emergency Communications,0875 - Emerg Svs Fee On Wireless Telecom Tr Fnd,7986 - Unexpended Cash Balance Forward – Operating Transfers Out,"$9,665,150 "
2019,Operating Fund Transfers,Commission on State Emergency Communications,5007 - Gr Acct Comm On State Emergency Comm,7986 - Unexpended Cash Balance Forward – Operating Transfers Out,"$30,000,000 "
2019,Operating Fund Transfers,Commission on State Emergency Communications,5050 - Gr Acct-911 Service Fees,7986 - Unexpended Cash Balance Forward – Operating Transfers Out,"$87,801,841 "
2019,Operating Fund Transfers,Comptroller of Public Accounts,0001 - General Revenue Fund,7986 - Unexpended Cash Balance Forward – Operating Transfers Out,"$970,908 "
2019,Operating Fund Transfers,Comptroller of Public Accounts,5010 - Gr Acct - Sexual Assault Program,7986 - Unexpended Cash Balance Forward – Operating Transfers Out,"($117,131)"
2019,Operating Fund Transfers,Comptroller-State Energy Conservation Office,0001 - General Revenue Fund,7986 - Unexpended Cash Balance Forward – Operating Transfers Out,"$38,044,714 "
2019,Operating Fund Transfers,Comptroller-State Energy Conservation Office,5005 - Gr Acct - Oil Overcharge,7986 - Unexpended Cash Balance Forward – Operating Transfers Out,"$8,079,389 "
2019,Operating Fund Transfers,Comptroller-State Fiscal,0599 - Economic Stabilization Fund,7986 - Unexpended Cash Balance Forward – Operating Transfers Out,"$8,115,277,830 "
2019,Operating Fund Transfers,Comptroller-State Fiscal,5040 - Gr Acct-Tobacco Settlement,7986 - Unexpended Cash Balance Forward – Operating Transfers Out,"$10,994,719 "
2019,Operating Fund Transfers,Department of Agriculture,0001 - General Revenue Fund,7986 - Unexpended Cash Balance Forward – Operating Transfers Out,"$5,563,828 "
2019,Operating Fund Transfers,Department of Agriculture,0183 - Tx Economic Development Fund,7986 - Unexpended Cash Balance Forward – Operating Transfers Out,"$5,976,792 "
2019,Operating Fund Transfers,Department of Agriculture,0364 - Perm Endow Fd Rurl Com Health Care Invst,7986 - Unexpended Cash Balance Forward – Operating Transfers Out,"$25,900 "
2019,Operating Fund Transfers,Department of Agriculture,0683 - Tex Agricultural Fund,7986 - Unexpended Cash Balance Forward – Operating Transfers Out,"$8,546,101 "
2019,Operating Fund Transfers,Department of Agriculture,0802 - License Plate Trust Fund,7986 - Unexpended Cash Balance Forward – Operating Transfers Out,"$73,727 "
2019,Operating Fund Transfers,Department of Agriculture,5047 - Gr Acct-Perm Fd Rural Health Fac Cap Imp,7986 - Unexpended Cash Balance Forward – Operating Transfers Out,"$645,810 "
2019,Operating Fund Transfers,Department of Family and Protective Services,5085 - Gr Acct-Child Abuse Neg/Prev Trust,7986 - Unexpended Cash Balance Forward – Operating Transfers Out,"$8,355,657 "
2019,Operating Fund Transfers,Department of State Health Services,0001 - General Revenue Fund,7986 - Unexpended Cash Balance Forward – Operating Transfers Out,"$13,541,691 "
2019,Operating Fund Transfers,Department of State Health Services,0019 - Gr Acct-Vital Statistics,7986 - Unexpended Cash Balance Forward – Operating Transfers Out,"$10,000,000 "
2019,Operating Fund Transfers,Department of State Health Services,0273 - Gr Acct-Fed Health & Health Lab Funding,7986 - Unexpended Cash Balance Forward – Operating Transfers Out,"$2,064,711 "
2019,Operating Fund Transfers,Department of State Health Services,0341 - Gr Acct-Food & Drug Retail Fees,7986 - Unexpended Cash Balance Forward – Operating Transfers Out,"$10,000,000 "
2019,Operating Fund Transfers,Department of State Health Services,0512 - Gr Acct-Bureau Of Emergcy Mgt,7986 - Unexpended Cash Balance Forward – Operating Transfers Out,"$4,000,000 "
2019,Operating Fund Transfers,Department of State Health Services,0599 - Economic Stabilization Fund,7986 - Unexpended Cash Balance Forward – Operating Transfers Out,"$891,692 "
2019,Operating Fund Transfers,Department of State Health Services,0802 - License Plate Trust Fund,7986 - Unexpended Cash Balance Forward – Operating Transfers Out,"$188,361 "
2019,Operating Fund Transfers,Department of State Health Services,5009 - Gr Acct-Children W/Spec Healthcare Needs,7986 - Unexpended Cash Balance Forward – Operating Transfers Out,"$743,335 "
2019,Operating Fund Transfers,Department of State Health Services,5017 - Gr Acct-Asbestos Removal Licensure,7986 - Unexpended Cash Balance Forward – Operating Transfers Out,"$25,000,000 "
2019,Operating Fund Transfers,Department of State Health Services,5020 - Gr Acct-Workplace Chemicals List,7986 - Unexpended Cash Balance Forward – Operating Transfers Out,"$36,870 "
2019,Operating Fund Transfers,Department of State Health Services,5021 - Gr Acct-Cert Of Mammography Systems,7986 - Unexpended Cash Balance Forward – Operating Transfers Out,"$3,000,000 "
2019,Operating Fund Transfers,Department of State Health Services,5022 - Gr Acct - Oysters Sales,7986 - Unexpended Cash Balance Forward – Operating Transfers Out,"$962,496 "
2019,Operating Fund Transfers,Department of State Health Services,5024 - Gr Acct-Food & Drug Registration,7986 - Unexpended Cash Balance Forward – Operating Transfers Out,"$30,000,000 "
2019,Operating Fund Transfers,Department of State Health Services,5044 - Gr Acct-Perm Fd Health/Tobacco Ed/Enforc,7986 - Unexpended Cash Balance Forward – Operating Transfers Out,"$1,335,977 "
2019,Operating Fund Transfers,Department of State Health Services,5045 - Gr Acct-Perm Fd Children & Public Health,7986 - Unexpended Cash Balance Forward – Operating Transfers Out,"$748,956 "
2019,Operating Fund Transfers,Department of State Health Services,5046 - Gr Acct-Perm Fd For Ems And Trauma Care,7986 - Unexpended Cash Balance Forward – Operating Transfers Out,"$906,421 "
2019,Operating Fund Transfers,Department of State Health Services,5048 - Gr Acct-Perm Hosp Cptl Imp/Ctr Infec Dis,7986 - Unexpended Cash Balance Forward – Operating Transfers Out,"$46,964 "
2019,Operating Fund Transfers,Department of State Health Services,5096 - Gr Acct - Perpetual Care,7986 - Unexpended Cash Balance Forward – Operating Transfers Out,"$10,274,602 "
2019,Operating Fund Transfers,Department of State Health Services,"5108 - Gr Acct - Ems, Trauma Fac, Trauma Sys",7986 - Unexpended Cash Balance Forward – Operating Transfers Out,"$28,268,029 "
2019,Operating Fund Transfers,Department of State Health Services,5125 - Gr Acct - Childhood Immunization,7986 - Unexpended Cash Balance Forward – Operating Transfers Out,"$59,151 "
2019,Operating Fund Transfers,Department of State Health Services,7639 - Tpfa Cprit Project Fund,7986 - Unexpended Cash Balance Forward – Operating Transfers Out,"$1,488,530 "
2019,Operating Fund Transfers,Department of State Health Services,7660 - Tpfa Go Cml Paper Ser2008 Dshs Prj 1d Fd,7986 - Unexpended Cash Balance Forward – Operating Transfers Out,"$24,443 "
2019,Operating Fund Transfers,District Courts-Comptroller's Judiciary Section,0001 - General Revenue Fund,7986 - Unexpended Cash Balance Forward – Operating Transfers Out,"$16,630,555 "
2019,Operating Fund Transfers,Employees Retirement System of Texas,"0945 - Def Compensation Trust Fd, Ers",7986 - Unexpended Cash Balance Forward – Operating Transfers Out,"$901,363 "
2019,Operating Fund Transfers,General Land Office,0044 - Permanent School Fund,7986 - Unexpended Cash Balance Forward – Operating Transfers Out,"$6,958,168 "
2019,Operating Fund Transfers,General Land Office,"0383 - Vet Land Bd-Housing Prog,Tax-Exempt Issu",7986 - Unexpended Cash Balance Forward – Operating Transfers Out,"$4,679 "
2019,Operating Fund Transfers,General Land Office,0522 - Veterans Land Program Admin Fd,7986 - Unexpended Cash Balance Forward – Operating Transfers Out,"$93,485 "
2019,Operating Fund Transfers,General Land Office,0599 - Economic Stabilization Fund,7986 - Unexpended Cash Balance Forward – Operating Transfers Out,"$38,041,216 "
2019,Operating Fund Transfers,Governor-Fiscal,0001 - General Revenue Fund,7986 - Unexpended Cash Balance Forward – Operating Transfers Out,"$6,927,505 "
2019,Operating Fund Transfers,Governor-Fiscal,0224 - Gr Acct-Governors Ofc Federal Proj,7986 - Unexpended Cash Balance Forward – Operating Transfers Out,"$19,093,914 "
2019,Operating Fund Transfers,Governor-Fiscal,0421 - Gr Acct-Crim Justice Planning,7986 - Unexpended Cash Balance Forward – Operating Transfers Out,"$41,268,996 "
2019,Operating Fund Transfers,Governor-Fiscal,0588 - Small Business Incubator Fund,7986 - Unexpended Cash Balance Forward – Operating Transfers Out,"$20,977,278 "
2019,Operating Fund Transfers,Governor-Fiscal,0589 - Texas Product Development Fund,7986 - Unexpended Cash Balance Forward – Operating Transfers Out,"$7,243,480 "
2019,Operating Fund Transfers,Governor-Fiscal,0599 - Economic Stabilization Fund,7986 - Unexpended Cash Balance Forward – Operating Transfers Out,"$43,226,406 "
2019,Operating Fund Transfers,Governor-Fiscal,0802 - License Plate Trust Fund,7986 - Unexpended Cash Balance Forward – Operating Transfers Out,"$65,833 "
2019,Operating Fund Transfers,Governor-Fiscal,0806 - Spaceport Trust Fund,7986 - Unexpended Cash Balance Forward – Operating Transfers Out,"$10,660,210 "
2019,Operating Fund Transfers,Governor-Fiscal,0830 - Events Trust Fd For Certain Muni/Countys,7986 - Unexpended Cash Balance Forward – Operating Transfers Out,"$12,416,081 "
2019,Operating Fund Transfers,Governor-Fiscal,0869 - Major Events Reimbursement Program,7986 - Unexpended Cash Balance Forward – Operating Transfers Out,"$45,038,895 "
2019,Operating Fund Transfers,Governor-Fiscal,5003 - Gr Acct-Hotel Occ Tax For Economic Devel,7986 - Unexpended Cash Balance Forward – Operating Transfers Out,"$50,340,304 "
2019,Operating Fund Transfers,Governor-Fiscal,5010 - Gr Acct - Sexual Assault Program,7986 - Unexpended Cash Balance Forward – Operating Transfers Out,"$3,079,534 "
2019,Operating Fund Transfers,Governor-Fiscal,5012 - Gr Acct - Crime Stoppers Assistance,7986 - Unexpended Cash Balance Forward – Operating Transfers Out,"$1,068,467 "
2019,Operating Fund Transfers,Governor-Fiscal,5106 - Gr Acct - Economic Dev Bank,7986 - Unexpended Cash Balance Forward – Operating Transfers Out,"$10,750,808 "
2019,Operating Fund Transfers,Governor-Fiscal,5107 - Gr Acct - Texas Enterprise,7986 - Unexpended Cash Balance Forward – Operating Transfers Out,"$246,388,079 "
2019,Operating Fund Transfers,Governor-Fiscal,5114 - Gr Acct-Tx Military Value Revolving Loan,7986 - Unexpended Cash Balance Forward – Operating Transfers Out,"$124,048 "
2019,Operating Fund Transfers,Governor-Fiscal,5149 - Gr Acct-Bp Oil Spill Tx Response Grant,7986 - Unexpended Cash Balance Forward – Operating Transfers Out,"$109,344 "
2019,Operating Fund Transfers,Governor-Fiscal,5153 - Gr Acct-Emergency Radio Infrastructure,7986 - Unexpended Cash Balance Forward – Operating Transfers Out,"$7,782,467 "
2019,Operating Fund Transfers,Governor-Fiscal,5161 - Gr-Acct Governor'S Univ Research Initive,7986 - Unexpended Cash Balance Forward – Operating Transfers Out,"$58,975,788 "
2019,Operating Fund Transfers,Governor-Fiscal,5164 - Gr Acct-Youth Diversion,7986 - Unexpended Cash Balance Forward – Operating Transfers Out,"$14,388,158 "
2019,Operating Fund Transfers,Governor-Fiscal,5170 - Gr Acct-Evidence Testing,7986 - Unexpended Cash Balance Forward – Operating Transfers Out,"$427,460 "
2019,Operating Fund Transfers,Governor-Fiscal,5174 - Gr Acct-Drug Court,7986 - Unexpended Cash Balance Forward – Operating Transfers Out,"$2,144,364 "
2019,Operating Fund Transfers,Governor-Fiscal,7065 - Tpfa Go Series 2016 Int & Sink Fund Tmpc,7986 - Unexpended Cash Balance Forward – Operating Transfers Out,$7 
2019,Operating Fund Transfers,Health and Human Services Commission,0599 - Economic Stabilization Fund,7986 - Unexpended Cash Balance Forward – Operating Transfers Out,"$444,250 "
2019,Operating Fund Transfers,Health and Human Services Commission,0802 - License Plate Trust Fund,7986 - Unexpended Cash Balance Forward – Operating Transfers Out,"$12,420 "
2019,Operating Fund Transfers,Health and Human Services Commission,0857 - Assisted Living Facility Trust Fd,7986 - Unexpended Cash Balance Forward – Operating Transfers Out,"$1,000,000 "
2019,Operating Fund Transfers,Health and Human Services Commission,0992 - Nursing/Convales Home Trst Fd,7986 - Unexpended Cash Balance Forward – Operating Transfers Out,"$19,630,767 "
2019,Operating Fund Transfers,Health and Human Services Commission,5018 - Gr Acct - Home Health Services,7986 - Unexpended Cash Balance Forward – Operating Transfers Out,"$14,853,737 "
2019,Operating Fund Transfers,Health and Human Services Commission,5049 - Gr Acct-St Owned Multicat Teaching Hosp,7986 - Unexpended Cash Balance Forward – Operating Transfers Out,"$10,733,798 "
2019,Operating Fund Transfers,Health and Human Services Commission,7658 - Tpfa Go Cml Paper Ser2008 Dads Prj 1b Fd,7986 - Unexpended Cash Balance Forward – Operating Transfers Out,"$1,857,279 "
2019,Operating Fund Transfers,Health and Human Services Commission,7660 - Tpfa Go Cml Paper Ser2008 Dshs Prj 1d Fd,7986 - Unexpended Cash Balance Forward – Operating Transfers Out,"$941,811 "
2019,Operating Fund Transfers,Parks and Wildlife Department,0001 - General Revenue Fund,7986 - Unexpended Cash Balance Forward – Operating Transfers Out,"$163,187 "
2019,Operating Fund Transfers,Parks and Wildlife Department,"0009 - Gr Account-Game, Fish, Water Safety",7986 - Unexpended Cash Balance Forward – Operating Transfers Out,"$27,038,889 "
2019,Operating Fund Transfers,Parks and Wildlife Department,0064 - Gr Acct-State Parks,7986 - Unexpended Cash Balance Forward – Operating Transfers Out,"$124,909,635 "
2019,Operating Fund Transfers,Parks and Wildlife Department,0467 - Gr Acct-Tx Recreation & Parks,7986 - Unexpended Cash Balance Forward – Operating Transfers Out,"$3,694,202 "
2019,Operating Fund Transfers,Parks and Wildlife Department,0506 - Gr Acct-Non-Game/Endanger Spec,7986 - Unexpended Cash Balance Forward – Operating Transfers Out,"$133,462 "
2019,Operating Fund Transfers,Parks and Wildlife Department,0544 - Gr Acct-Lifetime Lic Endowmt,7986 - Unexpended Cash Balance Forward – Operating Transfers Out,"$5,412,195 "
2019,Operating Fund Transfers,Parks and Wildlife Department,0679 - Gr Acct-Artificial Reef,7986 - Unexpended Cash Balance Forward – Operating Transfers Out,"$11,572,956 "
2019,Operating Fund Transfers,Parks and Wildlife Department,0802 - License Plate Trust Fund,7986 - Unexpended Cash Balance Forward – Operating Transfers Out,"$839,888 "
2019,Operating Fund Transfers,Parks and Wildlife Department,0885 - State Parks Endowment Trust Account,7986 - Unexpended Cash Balance Forward – Operating Transfers Out,"$640,977 "
2019,Operating Fund Transfers,Parks and Wildlife Department,5150 - Gr Acct-Large Count & Munic Rec & Parks,7986 - Unexpended Cash Balance Forward – Operating Transfers Out,"$1,672,109 "
2019,Operating Fund Transfers,Parks and Wildlife Department,5166 - Gr Acct-Deferred Maintenance,7986 - Unexpended Cash Balance Forward – Operating Transfers Out,"($455,967)"
2019,Operating Fund Transfers,Parks and Wildlife Department,7635 - Tpfa Go Coml Papr Ser2008 Tpwd Prj 1a Fd,7986 - Unexpended Cash Balance Forward – Operating Transfers Out,"$1,785 "
2019,Operating Fund Transfers,Parks and Wildlife Department,7647 - Tpfa Go Coml Papr Ser2008 Tpwd Prj 1b Fd,7986 - Unexpended Cash Balance Forward – Operating Transfers Out,"$15,647 "
2019,Operating Fund Transfers,Parks and Wildlife Department,7654 - Tpfa Go Cml Papr Ser2008 Tpwd Proj 1c Fd,7986 - Unexpended Cash Balance Forward – Operating Transfers Out,"($692,444)"
2019,Operating Fund Transfers,Parks and Wildlife Department,7659 - Tpfa Go Cml Papr Ser2008 Tpwd Proj 1d Fd,7986 - Unexpended Cash Balance Forward – Operating Transfers Out,"$98,263 "
2019,Operating Fund Transfers,Prairie View A&M University,0047 - Texas A&M Univ Available Fund,7986 - Unexpended Cash Balance Forward – Operating Transfers Out,"$30,493,384 "
2019,Operating Fund Transfers,Railroad Commission of Texas,0599 - Economic Stabilization Fund,7986 - Unexpended Cash Balance Forward – Operating Transfers Out,"$27,000,000 "
2019,Operating Fund Transfers,State Pension Review Board,0662 - St Pension Review Board Fd,7986 - Unexpended Cash Balance Forward – Operating Transfers Out,$0 
2019,Operating Fund Transfers,State Preservation Board,0804 - Governor'S Mansion Renewal Trust,7986 - Unexpended Cash Balance Forward – Operating Transfers Out,"$790,297 "
2019,Operating Fund Transfers,State Preservation Board,0849 - Bob Bullock Tx St His Museum Local Tr Fd,7986 - Unexpended Cash Balance Forward – Operating Transfers Out,"$231,530 "
2019,Operating Fund Transfers,State Preservation Board,0854 - Capital Renewal Trust Fund,7986 - Unexpended Cash Balance Forward – Operating Transfers Out,"$2,805,007 "
2019,Operating Fund Transfers,State Preservation Board,0879 - Capitol Local Trust Fund,7986 - Unexpended Cash Balance Forward – Operating Transfers Out,"$1,540,100 "
2019,Operating Fund Transfers,State Preservation Board,0902 - State Cemetery Preservation Trust,7986 - Unexpended Cash Balance Forward – Operating Transfers Out,"$9,999,777 "
2019,Operating Fund Transfers,Texas A&M University (Main University),0047 - Texas A&M Univ Available Fund,7986 - Unexpended Cash Balance Forward – Operating Transfers Out,"$194,022,042 "
2019,Operating Fund Transfers,Texas A&M University System,0047 - Texas A&M Univ Available Fund,7986 - Unexpended Cash Balance Forward – Operating Transfers Out,"$51,982,591 "
2019,Operating Fund Transfers,Texas A&M University System Health Science Center,0047 - Texas A&M Univ Available Fund,7986 - Unexpended Cash Balance Forward – Operating Transfers Out,"$20,538,355 "
2019,Operating Fund Transfers,Texas A&M University-Central Texas,0210 - Support Military/Veterans Exemption,7986 - Unexpended Cash Balance Forward – Operating Transfers Out,$72 
2019,Operating Fund Transfers,Texas A&M University-Commerce,0802 - License Plate Trust Fund,7986 - Unexpended Cash Balance Forward – Operating Transfers Out,"$2,032 "
2019,Operating Fund Transfers,Texas A&M University-Texarkana,0210 - Support Military/Veterans Exemption,7986 - Unexpended Cash Balance Forward – Operating Transfers Out,"$20,656 "
2019,Operating Fund Transfers,Texas Commission on Environmental Quality,0088 - Gr-Acct Low-Level Radioactive Waste,7986 - Unexpended Cash Balance Forward – Operating Transfers Out,"$20,110,000 "
2019,Operating Fund Transfers,Texas Commission on Environmental Quality,5071 - Gr Acct-Emissions Reduction Plan,7986 - Unexpended Cash Balance Forward – Operating Transfers Out,"$500,000,000 "
2019,Operating Fund Transfers,Texas Department of Criminal Justice,0599 - Economic Stabilization Fund,7986 - Unexpended Cash Balance Forward – Operating Transfers Out,"$26,491,273 "
2019,Operating Fund Transfers,Texas Department of Criminal Justice,5060 - Gr Acct-Private Sector Prison Industries,7986 - Unexpended Cash Balance Forward – Operating Transfers Out,"$463,682 "
2019,Operating Fund Transfers,Texas Department of Public Safety,0222 - Gr Acct-Dept Pub Safety Federal,7986 - Unexpended Cash Balance Forward – Operating Transfers Out,"$945,211 "
2019,Operating Fund Transfers,Texas Department of Public Safety,0453 - Gr Acct-Disaster Contingency,7986 - Unexpended Cash Balance Forward – Operating Transfers Out,"$810,035 "
2019,Operating Fund Transfers,Texas Department of Public Safety,5010 - Gr Acct - Sexual Assault Program,7986 - Unexpended Cash Balance Forward – Operating Transfers Out,"$200,000 "
2019,Operating Fund Transfers,Texas Department of Public Safety,7629 - Tpfa Go Coml Paper Ser2008 Dps Prj 1a Fd,7986 - Unexpended Cash Balance Forward – Operating Transfers Out,"$674,126 "
2019,Operating Fund Transfers,Texas Department of Public Safety,7656 - Tpfa Go Cml Papr Ser2008 Dps Proj 1c Fd,7986 - Unexpended Cash Balance Forward – Operating Transfers Out,"$1,429,589 "
2019,Operating Fund Transfers,Texas Department of Transportation,7604 - Tpfa Go Ser2002b Coml Pap Colonia Prj Fd,7986 - Unexpended Cash Balance Forward – Operating Transfers Out,"$1,000,000 "
2019,Operating Fund Transfers,Texas Education Agency,0002 - Available School Fund,7986 - Unexpended Cash Balance Forward – Operating Transfers Out,"$116,002,403 "
2019,Operating Fund Transfers,Texas Education Agency,0003 - State Technology Instructional Materials,7986 - Unexpended Cash Balance Forward – Operating Transfers Out,"$827,168,982 "
2019,Operating Fund Transfers,Texas Education Agency,0193 - Gr Account-Foundation School,7986 - Unexpended Cash Balance Forward – Operating Transfers Out,"$142,566,023 "
2019,Operating Fund Transfers,Texas Emergency Services Retirement System,0976 - Tx Emergency Services Retirement Tr Fd,7986 - Unexpended Cash Balance Forward – Operating Transfers Out,"$141,426 "
2019,Operating Fund Transfers,Texas Facilities Commission,0599 - Economic Stabilization Fund,7986 - Unexpended Cash Balance Forward – Operating Transfers Out,"$44,788,458 "
2019,Operating Fund Transfers,Texas Facilities Commission,5166 - Gr Acct-Deferred Maintenance,7986 - Unexpended Cash Balance Forward – Operating Transfers Out,"$20,669,215 "
2019,Operating Fund Transfers,Texas Facilities Commission,7207 - Tpfa Go Series 2007 Tfc Project Fund,7986 - Unexpended Cash Balance Forward – Operating Transfers Out,"$58,883 "
2019,Operating Fund Transfers,Texas Facilities Commission,7217 - Tpfa Go Ser2011 Refundg Tfc Project Fd,7986 - Unexpended Cash Balance Forward – Operating Transfers Out,"$51,926 "
2019,Operating Fund Transfers,Texas Facilities Commission,7640 - Tpfa Go Coml Papr Ser 2002a Tfc Prj C Fd,7986 - Unexpended Cash Balance Forward – Operating Transfers Out,"$17,773 "
2019,Operating Fund Transfers,Texas Facilities Commission,7652 - Tpfa Go Cml Paper Ser2008 Tfc Proj 1c Fd,7986 - Unexpended Cash Balance Forward – Operating Transfers Out,"$936,649 "
2019,Operating Fund Transfers,Texas Facilities Commission,7657 - Tpfa Go Cml Paper Ser2008 Tfc Proj 1d Fd,7986 - Unexpended Cash Balance Forward – Operating Transfers Out,"$2,068,421 "
2019,Operating Fund Transfers,Texas Facilities Commission,7800 - Tpfa Rv Com Pap Srs 16 Tfc Project Fund,7986 - Unexpended Cash Balance Forward – Operating Transfers Out,"$6,094,774 "
2019,Operating Fund Transfers,Texas Higher Education Coordinating Board,0001 - General Revenue Fund,7986 - Unexpended Cash Balance Forward – Operating Transfers Out,"$125,543 "
2019,Operating Fund Transfers,Texas Higher Education Coordinating Board,0387 - Texas Opportunity Plan Fund,7986 - Unexpended Cash Balance Forward – Operating Transfers Out,"$46,815,958 "
2019,Operating Fund Transfers,Texas Higher Education Coordinating Board,0388 - Tx Coll Student Loan Bond I&S,7986 - Unexpended Cash Balance Forward – Operating Transfers Out,"$140,066,057 "
2019,Operating Fund Transfers,Texas Higher Education Coordinating Board,0601 - Student Loan Auxiliary Fund,7986 - Unexpended Cash Balance Forward – Operating Transfers Out,"$143,892,164 "
2019,Operating Fund Transfers,Texas Higher Education Coordinating Board,0802 - License Plate Trust Fund,7986 - Unexpended Cash Balance Forward – Operating Transfers Out,"$9,032 "
2019,Operating Fund Transfers,Texas Higher Education Coordinating Board,0824 - Perm Fd Hied Nursing/Allied/Other Health,7986 - Unexpended Cash Balance Forward – Operating Transfers Out,"$4,338,537 "
2019,Operating Fund Transfers,Texas Higher Education Coordinating Board,0825 - Perm Fd Minority Hlth Research/Education,7986 - Unexpended Cash Balance Forward – Operating Transfers Out,"$3,069,149 "
2019,Operating Fund Transfers,Texas Higher Education Coordinating Board,5103 - Gr Acct - Texas B-On-Time Student Loan,7986 - Unexpended Cash Balance Forward – Operating Transfers Out,"$126,554,403 "
2019,Operating Fund Transfers,Texas Historical Commission,7213 - Tpfa Go Series 2009b Thc Project Fund,7986 - Unexpended Cash Balance Forward – Operating Transfers Out,"$1,078,217 "
2019,Operating Fund Transfers,Texas Juvenile Justice Department,0599 - Economic Stabilization Fund,7986 - Unexpended Cash Balance Forward – Operating Transfers Out,"$1,763,533 "
2019,Operating Fund Transfers,Texas Juvenile Justice Department,7663 - Tpfa Go Coml Papr Ser2008 Tjjd Prj 1c Fd,7986 - Unexpended Cash Balance Forward – Operating Transfers Out,"$59,963 "
2019,Operating Fund Transfers,Texas Lottery Commission,0895 - Lotto Prize Trust Fd,7986 - Unexpended Cash Balance Forward – Operating Transfers Out,"$262,856,301 "
2019,Operating Fund Transfers,Texas Lottery Commission,5025 - Gr Acct-Lottery,7986 - Unexpended Cash Balance Forward – Operating Transfers Out,"$56,690,757 "
2019,Operating Fund Transfers,Texas Lottery Commission,5175 - Gr Acct-Bingo Administration,7986 - Unexpended Cash Balance Forward – Operating Transfers Out,"$1,563,407 "
2019,Operating Fund Transfers,Texas Military Department,0599 - Economic Stabilization Fund,7986 - Unexpended Cash Balance Forward – Operating Transfers Out,"$743,929 "
2019,Operating Fund Transfers,Texas Public Finance Authority,0001 - General Revenue Fund,7986 - Unexpended Cash Balance Forward – Operating Transfers Out,"$1,000 "
2019,Operating Fund Transfers,Texas Public Finance Authority,0409 - Tx Park Develop Bond I&S Fund,7986 - Unexpended Cash Balance Forward – Operating Transfers Out,"$22,028 "
2019,Operating Fund Transfers,Texas Public Finance Authority,0733 - Tpfa Master Lease Interest/Sinking Fund,7986 - Unexpended Cash Balance Forward – Operating Transfers Out,"$3,854,243 "
2019,Operating Fund Transfers,Texas Public Finance Authority,5044 - Gr Acct-Perm Fd Health/Tobacco Ed/Enforc,7986 - Unexpended Cash Balance Forward – Operating Transfers Out,"$4,259,762 "
2019,Operating Fund Transfers,Texas Public Finance Authority,5045 - Gr Acct-Perm Fd Children & Public Health,7986 - Unexpended Cash Balance Forward – Operating Transfers Out,"$2,129,875 "
2019,Operating Fund Transfers,Texas Public Finance Authority,5046 - Gr Acct-Perm Fd For Ems And Trauma Care,7986 - Unexpended Cash Balance Forward – Operating Transfers Out,"$2,129,874 "
2019,Operating Fund Transfers,Texas Public Finance Authority,7013 - Tpfa Go Ser 2002a Int & Sink Fd,7986 - Unexpended Cash Balance Forward – Operating Transfers Out,"$3,468 "
2019,Operating Fund Transfers,Texas Public Finance Authority,7020 - Tpfa Go Ser2002b Coml Pap Colonia Rebate,7986 - Unexpended Cash Balance Forward – Operating Transfers Out,"$120,519 "
2019,Operating Fund Transfers,Texas Public Finance Authority,7035 - Tpfa Go Coml Paper Series 2008 Rebate Fd,7986 - Unexpended Cash Balance Forward – Operating Transfers Out,$48 
2019,Operating Fund Transfers,Texas Public Finance Authority,7059 - Tpfa Go Ser 2015a Refund Intrst&Sinking,7986 - Unexpended Cash Balance Forward – Operating Transfers Out,"$206,921 "
2019,Operating Fund Transfers,Texas Public Finance Authority,7201 - Tpfa Go Ser 2002a Coml Paper Tdh Proj A,7986 - Unexpended Cash Balance Forward – Operating Transfers Out,"$3,701 "
2019,Operating Fund Transfers,Texas Public Finance Authority,7342 - Tpfa Rev Refund Ser2015a Tfc I&S Fund,7986 - Unexpended Cash Balance Forward – Operating Transfers Out,$527 
2019,Operating Fund Transfers,Texas Public Finance Authority,7344 - Tpfa Rev Refund Ser2015b Tmd I&S Fund,7986 - Unexpended Cash Balance Forward – Operating Transfers Out,$124 
2019,Operating Fund Transfers,Texas Public Finance Authority,7346 - Tpfa Rev Refund Ser2015c Pres Bd I&S Fnd,7986 - Unexpended Cash Balance Forward – Operating Transfers Out,$274 
2019,Operating Fund Transfers,Texas Public Finance Authority,7348 - Tpfa Rev Refund Ser2015d Tpwd I&S Fund,7986 - Unexpended Cash Balance Forward – Operating Transfers Out,$160 
2019,Operating Fund Transfers,Texas Public Finance Authority,7350 - Tpfa Rev Refund Ser2015e Dshs I&S Fund,7986 - Unexpended Cash Balance Forward – Operating Transfers Out,$86 
2019,Operating Fund Transfers,Texas Public Finance Authority,7652 - Tpfa Go Cml Paper Ser2008 Tfc Proj 1c Fd,7986 - Unexpended Cash Balance Forward – Operating Transfers Out,"$3,125 "
2019,Operating Fund Transfers,Texas Southern University,0802 - License Plate Trust Fund,7986 - Unexpended Cash Balance Forward – Operating Transfers Out,"$3,975 "
2019,Operating Fund Transfers,Texas State Technical College System,0210 - Support Military/Veterans Exemption,7986 - Unexpended Cash Balance Forward – Operating Transfers Out,"$24,089 "
2019,Operating Fund Transfers,Texas Tech University,0214 - Available Texas University Fund,7986 - Unexpended Cash Balance Forward – Operating Transfers Out,"$26,614,308 "
2019,Operating Fund Transfers,Texas Veterans Commission,0368 - Fund For Veterans' Assistance,7986 - Unexpended Cash Balance Forward – Operating Transfers Out,"$14,254,503 "
2019,Operating Fund Transfers,Texas Water Development Board,0001 - General Revenue Fund,7986 - Unexpended Cash Balance Forward – Operating Transfers Out,"$2,440,014 "
2019,Operating Fund Transfers,Texas Water Development Board,0301 - Rural Water Assistance Fund,7986 - Unexpended Cash Balance Forward – Operating Transfers Out,"$1,235,247 "
2019,Operating Fund Transfers,Texas Water Development Board,0302 - Water Infrastructure Fund,7986 - Unexpended Cash Balance Forward – Operating Transfers Out,"$5,347,681 "
2019,Operating Fund Transfers,Texas Water Development Board,0330 - Floodplain Management Fund,7986 - Unexpended Cash Balance Forward – Operating Transfers Out,"$700,000 "
2019,Operating Fund Transfers,Texas Water Development Board,0356 - Economicaly Distrs Areas Cl Fd,7986 - Unexpended Cash Balance Forward – Operating Transfers Out,"$420,082 "
2019,Operating Fund Transfers,Texas Water Development Board,0357 - Economic Distrs Area Cl I&S Fd,7986 - Unexpended Cash Balance Forward – Operating Transfers Out,"$20,897 "
2019,Operating Fund Transfers,Texas Water Development Board,0358 - Agrig Water Conservation Fd,7986 - Unexpended Cash Balance Forward – Operating Transfers Out,"($1,054,248)"
2019,Operating Fund Transfers,Texas Water Development Board,0361 - State Water Implementation,7986 - Unexpended Cash Balance Forward – Operating Transfers Out,"$212,386,652 "
2019,Operating Fund Transfers,Texas Water Development Board,0370 - Tx Water Development Fd Ii Clearance Fd,7986 - Unexpended Cash Balance Forward – Operating Transfers Out,"$92,035,008 "
2019,Operating Fund Transfers,Texas Water Development Board,0371 - Tx Water Development Fd Ii,7986 - Unexpended Cash Balance Forward – Operating Transfers Out,"$23,969,149 "
2019,Operating Fund Transfers,Texas Water Development Board,0372 - Tx Water Devel Fd Ii Int & Sink Fund,7986 - Unexpended Cash Balance Forward – Operating Transfers Out,"$40,798 "
2019,Operating Fund Transfers,Texas Water Development Board,0480 - Water Assistance Fund,7986 - Unexpended Cash Balance Forward – Operating Transfers Out,"$335,085 "
2019,Operating Fund Transfers,Texas Water Development Board,0483 - Research & Planning Fund,7986 - Unexpended Cash Balance Forward – Operating Transfers Out,"$3,317 "
2019,Operating Fund Transfers,Texas Workforce Commission,0925 - Career School/College Tuition Trust Acct,7986 - Unexpended Cash Balance Forward – Operating Transfers Out,"$1,196,554 "
2019,Operating Fund Transfers,Texas Workforce Commission,0937 - Unemployment Comp Benefit Acct,7986 - Unexpended Cash Balance Forward – Operating Transfers Out,"$3,944 "
2019,Operating Fund Transfers,Texas Workforce Commission,5043 - Gr Acct-Business Enterprise Prog Trust,7986 - Unexpended Cash Balance Forward – Operating Transfers Out,"$1,001,206 "
2019,Operating Fund Transfers,University of Houston,0214 - Available Texas University Fund,7986 - Unexpended Cash Balance Forward – Operating Transfers Out,"$11,907,404 "
2019,Operating Fund Transfers,University of Houston-Victoria,0802 - License Plate Trust Fund,7986 - Unexpended Cash Balance Forward – Operating Transfers Out,"$2,211 "
2019,Operating Fund Transfers,University of Texas at Dallas,0214 - Available Texas University Fund,7986 - Unexpended Cash Balance Forward – Operating Transfers Out,"$7,590,868 "
2019,Operating Fund Transfers,University of Texas Health Science Center at Houston,0822 - Perm Endowmnt Fd Ut Reg Acad Health Ctr,7986 - Unexpended Cash Balance Forward – Operating Transfers Out,"$2,130,584 "
2019,Operating Fund Transfers,University of Texas M.D. Anderson Cancer Center,0210 - Support Military/Veterans Exemption,7986 - Unexpended Cash Balance Forward – Operating Transfers Out,"$1,237 "
2019,Operating Fund Transfers,University of Texas of the Permian Basin,0210 - Support Military/Veterans Exemption,7986 - Unexpended Cash Balance Forward – Operating Transfers Out,"$20,994 "
2019,Operating Fund Transfers,University of Texas Southwestern Medical Center,0210 - Support Military/Veterans Exemption,7986 - Unexpended Cash Balance Forward – Operating Transfers Out,"$17,363 "
2019,Operating Fund Transfers,West Texas A&M University,0802 - License Plate Trust Fund,7986 - Unexpended Cash Balance Forward – Operating Transfers Out,$113 
2018,Operating Fund Transfers,Cancer Prevention & Research Institute of Texas,0802 - License Plate Trust Fund,7986 - Unexpended Cash Balance Forward – Operating Transfers Out,"$13,919 "
2018,Operating Fund Transfers,Cancer Prevention & Research Institute of Texas,7639 - Tpfa Cprit Project Fund,7986 - Unexpended Cash Balance Forward – Operating Transfers Out,"$98,946,102 "
2018,Operating Fund Transfers,Commission on State Emergency Communications,0875 - Emerg Svs Fee On Wireless Telecom Tr Fnd,7986 - Unexpended Cash Balance Forward – Operating Transfers Out,"$9,345,648 "
2018,Operating Fund Transfers,Commission on State Emergency Communications,5007 - Gr Acct Comm On State Emergency Comm,7986 - Unexpended Cash Balance Forward – Operating Transfers Out,"$31,966,976 "
2018,Operating Fund Transfers,Commission on State Emergency Communications,5050 - Gr Acct-911 Service Fees,7986 - Unexpended Cash Balance Forward – Operating Transfers Out,"$99,951,560 "
2018,Operating Fund Transfers,Comptroller of Public Accounts,0001 - General Revenue Fund,7986 - Unexpended Cash Balance Forward – Operating Transfers Out,"$13,488,551 "
2018,Operating Fund Transfers,Comptroller of Public Accounts,5010 - Gr Acct - Sexual Assault Program,7986 - Unexpended Cash Balance Forward – Operating Transfers Out,"$125,000 "
2018,Operating Fund Transfers,Comptroller-State Energy Conservation Office,0001 - General Revenue Fund,7986 - Unexpended Cash Balance Forward – Operating Transfers Out,"$31,341,924 "
2018,Operating Fund Transfers,Comptroller-State Energy Conservation Office,5005 - Gr Acct - Oil Overcharge,7986 - Unexpended Cash Balance Forward – Operating Transfers Out,"$70,010,392 "
2018,Operating Fund Transfers,Comptroller-State Fiscal,0599 - Economic Stabilization Fund,7986 - Unexpended Cash Balance Forward – Operating Transfers Out,"$8,098,487,017 "
2018,Operating Fund Transfers,Comptroller-State Fiscal,5040 - Gr Acct-Tobacco Settlement,7986 - Unexpended Cash Balance Forward – Operating Transfers Out,"$51,998,427 "
2018,Operating Fund Transfers,Department of Aging and Disability Services,0001 - General Revenue Fund,7986 - Unexpended Cash Balance Forward – Operating Transfers Out,"$8,607 "
2018,Operating Fund Transfers,Department of Aging and Disability Services,5018 - Gr Acct - Home Health Services,7986 - Unexpended Cash Balance Forward – Operating Transfers Out,"$2,464,994 "
2018,Operating Fund Transfers,Department of Agriculture,0001 - General Revenue Fund,7986 - Unexpended Cash Balance Forward – Operating Transfers Out,"$3,739,564 "
2018,Operating Fund Transfers,Department of Agriculture,0183 - Tx Economic Development Fund,7986 - Unexpended Cash Balance Forward – Operating Transfers Out,"$5,152,289 "
2018,Operating Fund Transfers,Department of Agriculture,0364 - Perm Endow Fd Rurl Com Health Care Invst,7986 - Unexpended Cash Balance Forward – Operating Transfers Out,"$144,547 "
2018,Operating Fund Transfers,Department of Agriculture,0683 - Tex Agricultural Fund,7986 - Unexpended Cash Balance Forward – Operating Transfers Out,"$20,101,029 "
2018,Operating Fund Transfers,Department of Agriculture,0802 - License Plate Trust Fund,7986 - Unexpended Cash Balance Forward – Operating Transfers Out,"$18,236 "
2018,Operating Fund Transfers,Department of Agriculture,5047 - Gr Acct-Perm Fd Rural Health Fac Cap Imp,7986 - Unexpended Cash Balance Forward – Operating Transfers Out,"$481,347 "
2018,Operating Fund Transfers,Department of Agriculture,5051 - Gr Acct-Go Texan Partner Program,7986 - Unexpended Cash Balance Forward – Operating Transfers Out,"$210,244 "
2018,Operating Fund Transfers,Department of Agriculture,5091 - Gr Acct-Orca Federal,7986 - Unexpended Cash Balance Forward – Operating Transfers Out,"$6,866,680 "
2018,Operating Fund Transfers,Department of Family and Protective Services,5085 - Gr Acct-Child Abuse Neg/Prev Trust,7986 - Unexpended Cash Balance Forward – Operating Transfers Out,"$10,078,978 "
2018,Operating Fund Transfers,Department of State Health Services,0001 - General Revenue Fund,7986 - Unexpended Cash Balance Forward – Operating Transfers Out,"$2,910,800 "
2018,Operating Fund Transfers,Department of State Health Services,0019 - Gr Acct-Vital Statistics,7986 - Unexpended Cash Balance Forward – Operating Transfers Out,"$2,249,271 "
2018,Operating Fund Transfers,Department of State Health Services,0273 - Gr Acct-Fed Health & Health Lab Funding,7986 - Unexpended Cash Balance Forward – Operating Transfers Out,"$5,254,094 "
2018,Operating Fund Transfers,Department of State Health Services,0512 - Gr Acct-Bureau Of Emergcy Mgt,7986 - Unexpended Cash Balance Forward – Operating Transfers Out,"$513,477 "
2018,Operating Fund Transfers,Department of State Health Services,0802 - License Plate Trust Fund,7986 - Unexpended Cash Balance Forward – Operating Transfers Out,"$36,129 "
2018,Operating Fund Transfers,Department of State Health Services,5009 - Gr Acct-Children W/Spec Healthcare Needs,7986 - Unexpended Cash Balance Forward – Operating Transfers Out,"$371,667 "
2018,Operating Fund Transfers,Department of State Health Services,5017 - Gr Acct-Asbestos Removal Licensure,7986 - Unexpended Cash Balance Forward – Operating Transfers Out,$700 
2018,Operating Fund Transfers,Department of State Health Services,5020 - Gr Acct-Workplace Chemicals List,7986 - Unexpended Cash Balance Forward – Operating Transfers Out,$1 
2018,Operating Fund Transfers,Department of State Health Services,5021 - Gr Acct-Cert Of Mammography Systems,7986 - Unexpended Cash Balance Forward – Operating Transfers Out,"$18,000 "
2018,Operating Fund Transfers,Department of State Health Services,5022 - Gr Acct - Oysters Sales,7986 - Unexpended Cash Balance Forward – Operating Transfers Out,"$105,000 "
2018,Operating Fund Transfers,Department of State Health Services,5044 - Gr Acct-Perm Fd Health/Tobacco Ed/Enforc,7986 - Unexpended Cash Balance Forward – Operating Transfers Out,"$83,880 "
2018,Operating Fund Transfers,Department of State Health Services,5045 - Gr Acct-Perm Fd Children & Public Health,7986 - Unexpended Cash Balance Forward – Operating Transfers Out,"$192,556 "
2018,Operating Fund Transfers,Department of State Health Services,5046 - Gr Acct-Perm Fd For Ems And Trauma Care,7986 - Unexpended Cash Balance Forward – Operating Transfers Out,"$1,011,271 "
2018,Operating Fund Transfers,Department of State Health Services,5048 - Gr Acct-Perm Hosp Cptl Imp/Ctr Infec Dis,7986 - Unexpended Cash Balance Forward – Operating Transfers Out,"$85,162 "
2018,Operating Fund Transfers,Department of State Health Services,5049 - Gr Acct-St Owned Multicat Teaching Hosp,7986 - Unexpended Cash Balance Forward – Operating Transfers Out,"$2,866,899 "
2018,Operating Fund Transfers,Department of State Health Services,"5108 - Gr Acct - Ems, Trauma Fac, Trauma Sys",7986 - Unexpended Cash Balance Forward – Operating Transfers Out,"$12,466,831 "
2018,Operating Fund Transfers,Department of State Health Services,5125 - Gr Acct - Childhood Immunization,7986 - Unexpended Cash Balance Forward – Operating Transfers Out,"$45,539 "
2018,Operating Fund Transfers,Department of State Health Services,7639 - Tpfa Cprit Project Fund,7986 - Unexpended Cash Balance Forward – Operating Transfers Out,"$2,885,175 "
2018,Operating Fund Transfers,Department of State Health Services,7660 - Tpfa Go Cml Paper Ser2008 Dshs Prj 1d Fd,7986 - Unexpended Cash Balance Forward – Operating Transfers Out,"$15,269 "
2018,Operating Fund Transfers,District Courts-Comptroller's Judiciary Section,0001 - General Revenue Fund,7986 - Unexpended Cash Balance Forward – Operating Transfers Out,"$16,127,585 "
2018,Operating Fund Transfers,Employees Retirement System of Texas,"0945 - Def Compensation Trust Fd, Ers",7986 - Unexpended Cash Balance Forward – Operating Transfers Out,"$901,363 "
2018,Operating Fund Transfers,General Land Office,0044 - Permanent School Fund,7986 - Unexpended Cash Balance Forward – Operating Transfers Out,"$13,939,685 "
2018,Operating Fund Transfers,General Land Office,0522 - Veterans Land Program Admin Fd,7986 - Unexpended Cash Balance Forward – Operating Transfers Out,"$348,998 "
2018,Operating Fund Transfers,Governor-Fiscal,0001 - General Revenue Fund,7986 - Unexpended Cash Balance Forward – Operating Transfers Out,"$16,066,493 "
2018,Operating Fund Transfers,Governor-Fiscal,0224 - Gr Acct-Governors Ofc Federal Proj,7986 - Unexpended Cash Balance Forward – Operating Transfers Out,"$14,259,535 "
2018,Operating Fund Transfers,Governor-Fiscal,0421 - Gr Acct-Crim Justice Planning,7986 - Unexpended Cash Balance Forward – Operating Transfers Out,"$38,945,488 "
2018,Operating Fund Transfers,Governor-Fiscal,0588 - Small Business Incubator Fund,7986 - Unexpended Cash Balance Forward – Operating Transfers Out,"$20,254,092 "
2018,Operating Fund Transfers,Governor-Fiscal,0589 - Texas Product Development Fund,7986 - Unexpended Cash Balance Forward – Operating Transfers Out,"$6,666,757 "
2018,Operating Fund Transfers,Governor-Fiscal,0802 - License Plate Trust Fund,7986 - Unexpended Cash Balance Forward – Operating Transfers Out,"$64,018 "
2018,Operating Fund Transfers,Governor-Fiscal,0830 - Events Trust Fd For Certain Muni/Countys,7986 - Unexpended Cash Balance Forward – Operating Transfers Out,"$8,512,725 "
2018,Operating Fund Transfers,Governor-Fiscal,0869 - Major Events Reimbursement Program,7986 - Unexpended Cash Balance Forward – Operating Transfers Out,"$20,717,069 "
2018,Operating Fund Transfers,Governor-Fiscal,5003 - Gr Acct-Hotel Occ Tax For Economic Devel,7986 - Unexpended Cash Balance Forward – Operating Transfers Out,"$16,366,063 "
2018,Operating Fund Transfers,Governor-Fiscal,5010 - Gr Acct - Sexual Assault Program,7986 - Unexpended Cash Balance Forward – Operating Transfers Out,"$1,077,984 "
2018,Operating Fund Transfers,Governor-Fiscal,5012 - Gr Acct - Crime Stoppers Assistance,7986 - Unexpended Cash Balance Forward – Operating Transfers Out,"$868,348 "
2018,Operating Fund Transfers,Governor-Fiscal,5106 - Gr Acct - Economic Dev Bank,7986 - Unexpended Cash Balance Forward – Operating Transfers Out,"$16,004,558 "
2018,Operating Fund Transfers,Governor-Fiscal,5107 - Gr Acct - Texas Enterprise,7986 - Unexpended Cash Balance Forward – Operating Transfers Out,"$185,257,395 "
2018,Operating Fund Transfers,Governor-Fiscal,5124 - Gr Acct - Texas Emerging Technology,7986 - Unexpended Cash Balance Forward – Operating Transfers Out,"$877,016 "
2018,Operating Fund Transfers,Governor-Fiscal,5149 - Gr Acct-Bp Oil Spill Tx Response Grant,7986 - Unexpended Cash Balance Forward – Operating Transfers Out,"$1,940,345 "
2018,Operating Fund Transfers,Governor-Fiscal,5161 - Gr-Acct Governor'S Univ Research Initive,7986 - Unexpended Cash Balance Forward – Operating Transfers Out,"$44,148,603 "
2018,Operating Fund Transfers,Governor-Fiscal,5164 - Gr Acct-Youth Diversion,7986 - Unexpended Cash Balance Forward – Operating Transfers Out,"$7,143,212 "
2018,Operating Fund Transfers,Governor-Fiscal,7027 - Tpfa Go Ser 2007b Tmpc Int & Sink Fd,7986 - Unexpended Cash Balance Forward – Operating Transfers Out,$1 
2018,Operating Fund Transfers,Governor-Fiscal,7065 - Tpfa Go Series 2016 Int & Sink Fund Tmpc,7986 - Unexpended Cash Balance Forward – Operating Transfers Out,$7 
2018,Operating Fund Transfers,Health and Human Services Commission,0001 - General Revenue Fund,7986 - Unexpended Cash Balance Forward – Operating Transfers Out,"$18,647,154 "
2018,Operating Fund Transfers,Health and Human Services Commission,0107 - Gr Acct-Comprehensive Rehabilitation,7986 - Unexpended Cash Balance Forward – Operating Transfers Out,$104 
2018,Operating Fund Transfers,Parks and Wildlife Department,0001 - General Revenue Fund,7986 - Unexpended Cash Balance Forward – Operating Transfers Out,"($5,809)"
2018,Operating Fund Transfers,Parks and Wildlife Department,"0009 - Gr Account-Game, Fish, Water Safety",7986 - Unexpended Cash Balance Forward – Operating Transfers Out,"$61,629,521 "
2018,Operating Fund Transfers,Parks and Wildlife Department,0064 - Gr Acct-State Parks,7986 - Unexpended Cash Balance Forward – Operating Transfers Out,"$40,013,719 "
2018,Operating Fund Transfers,Parks and Wildlife Department,0223 - Gr Acct-Fed Land/Water Conservation,7986 - Unexpended Cash Balance Forward – Operating Transfers Out,"$8,707 "
2018,Operating Fund Transfers,Parks and Wildlife Department,0467 - Gr Acct-Tx Recreation & Parks,7986 - Unexpended Cash Balance Forward – Operating Transfers Out,"$7,107,310 "
2018,Operating Fund Transfers,Parks and Wildlife Department,0506 - Gr Acct-Non-Game/Endanger Spec,7986 - Unexpended Cash Balance Forward – Operating Transfers Out,"$875,506 "
2018,Operating Fund Transfers,Parks and Wildlife Department,0544 - Gr Acct-Lifetime Lic Endowmt,7986 - Unexpended Cash Balance Forward – Operating Transfers Out,"$24,855,717 "
2018,Operating Fund Transfers,Parks and Wildlife Department,0679 - Gr Acct-Artificial Reef,7986 - Unexpended Cash Balance Forward – Operating Transfers Out,"$7,165,234 "
2018,Operating Fund Transfers,Parks and Wildlife Department,0802 - License Plate Trust Fund,7986 - Unexpended Cash Balance Forward – Operating Transfers Out,"$1,481,115 "
2018,Operating Fund Transfers,Parks and Wildlife Department,0885 - State Parks Endowment Trust Account,7986 - Unexpended Cash Balance Forward – Operating Transfers Out,"$630,601 "
2018,Operating Fund Transfers,Parks and Wildlife Department,5004 - Gr Acct-Pks/ Wildlife Conserv Atn/Capt'L,7986 - Unexpended Cash Balance Forward – Operating Transfers Out,"$1,101,799 "
2018,Operating Fund Transfers,Parks and Wildlife Department,5023 - Gr Acct - Shrimp License Buy Back,7986 - Unexpended Cash Balance Forward – Operating Transfers Out,"$2,793,351 "
2018,Operating Fund Transfers,Parks and Wildlife Department,5150 - Gr Acct-Large Count & Munic Rec & Parks,7986 - Unexpended Cash Balance Forward – Operating Transfers Out,"$3,475,836 "
2018,Operating Fund Transfers,Parks and Wildlife Department,5166 - Gr Acct-Deferred Maintenance,7986 - Unexpended Cash Balance Forward – Operating Transfers Out,"$143,903 "
2018,Operating Fund Transfers,Parks and Wildlife Department,7635 - Tpfa Go Coml Papr Ser2008 Tpwd Prj 1a Fd,7986 - Unexpended Cash Balance Forward – Operating Transfers Out,"$32,736 "
2018,Operating Fund Transfers,Parks and Wildlife Department,7647 - Tpfa Go Coml Papr Ser2008 Tpwd Prj 1b Fd,7986 - Unexpended Cash Balance Forward – Operating Transfers Out,"$20,741 "
2018,Operating Fund Transfers,Parks and Wildlife Department,7654 - Tpfa Go Cml Papr Ser2008 Tpwd Proj 1c Fd,7986 - Unexpended Cash Balance Forward – Operating Transfers Out,"$982,842 "
2018,Operating Fund Transfers,Parks and Wildlife Department,7659 - Tpfa Go Cml Papr Ser2008 Tpwd Proj 1d Fd,7986 - Unexpended Cash Balance Forward – Operating Transfers Out,"$397,473 "
2018,Operating Fund Transfers,Prairie View A&M University,0047 - Texas A&M Univ Available Fund,7986 - Unexpended Cash Balance Forward – Operating Transfers Out,"$25,297,000 "
2018,Operating Fund Transfers,State Pension Review Board,0662 - St Pension Review Board Fd,7986 - Unexpended Cash Balance Forward – Operating Transfers Out,$4 
2018,Operating Fund Transfers,State Preservation Board,0804 - Governor'S Mansion Renewal Trust,7986 - Unexpended Cash Balance Forward – Operating Transfers Out,"$798,010 "
2018,Operating Fund Transfers,State Preservation Board,0849 - Bob Bullock Tx St His Museum Local Tr Fd,7986 - Unexpended Cash Balance Forward – Operating Transfers Out,"$644,499 "
2018,Operating Fund Transfers,State Preservation Board,0854 - Capital Renewal Trust Fund,7986 - Unexpended Cash Balance Forward – Operating Transfers Out,"$2,962,696 "
2018,Operating Fund Transfers,State Preservation Board,0879 - Capitol Local Trust Fund,7986 - Unexpended Cash Balance Forward – Operating Transfers Out,"$2,123,802 "
2018,Operating Fund Transfers,State Preservation Board,0902 - State Cemetery Preservation Trust,7986 - Unexpended Cash Balance Forward – Operating Transfers Out,"$10,129,336 "
2018,Operating Fund Transfers,Texas A&M University (Main University),0047 - Texas A&M Univ Available Fund,7986 - Unexpended Cash Balance Forward – Operating Transfers Out,"$124,606,959 "
2018,Operating Fund Transfers,Texas A&M University System,0047 - Texas A&M Univ Available Fund,7986 - Unexpended Cash Balance Forward – Operating Transfers Out,"$35,000,000 "
2018,Operating Fund Transfers,Texas A&M University System Health Science Center,0047 - Texas A&M Univ Available Fund,7986 - Unexpended Cash Balance Forward – Operating Transfers Out,"$16,000,000 "
2018,Operating Fund Transfers,Texas A&M University-Central Texas,0210 - Support Military/Veterans Exemption,7986 - Unexpended Cash Balance Forward – Operating Transfers Out,"$3,793 "
2018,Operating Fund Transfers,Texas A&M University-Texarkana,0210 - Support Military/Veterans Exemption,7986 - Unexpended Cash Balance Forward – Operating Transfers Out,"$12,035 "
2018,Operating Fund Transfers,Texas Commission on Environmental Quality,0088 - Gr-Acct Low-Level Radioactive Waste,7986 - Unexpended Cash Balance Forward – Operating Transfers Out,"$40,378,177 "
2018,Operating Fund Transfers,Texas Commission on Environmental Quality,5071 - Gr Acct-Emissions Reduction Plan,7986 - Unexpended Cash Balance Forward – Operating Transfers Out,"$910,000,000 "
2018,Operating Fund Transfers,Texas Department of Criminal Justice,5060 - Gr Acct-Private Sector Prison Industries,7986 - Unexpended Cash Balance Forward – Operating Transfers Out,"$923,819 "
2018,Operating Fund Transfers,Texas Department of Criminal Justice,5166 - Gr Acct-Deferred Maintenance,7986 - Unexpended Cash Balance Forward – Operating Transfers Out,"$948,800 "
2018,Operating Fund Transfers,Texas Department of Public Safety,7209 - Tpfa Go Ser2008a Refndg Dps Project Fd,7986 - Unexpended Cash Balance Forward – Operating Transfers Out,"$21,396 "
2018,Operating Fund Transfers,Texas Department of Public Safety,7211 - Tpfa Go Series 2009b Dps Project Fund,7986 - Unexpended Cash Balance Forward – Operating Transfers Out,$1 
2018,Operating Fund Transfers,Texas Department of Public Safety,7629 - Tpfa Go Coml Paper Ser2008 Dps Prj 1a Fd,7986 - Unexpended Cash Balance Forward – Operating Transfers Out,"$736,413 "
2018,Operating Fund Transfers,Texas Department of Public Safety,7648 - Tpfa Go Coml Papr Ser2008 Dps Proj 1b Fd,7986 - Unexpended Cash Balance Forward – Operating Transfers Out,"$3,430 "
2018,Operating Fund Transfers,Texas Department of Public Safety,7656 - Tpfa Go Cml Papr Ser2008 Dps Proj 1c Fd,7986 - Unexpended Cash Balance Forward – Operating Transfers Out,"$49,690 "
2018,Operating Fund Transfers,Texas Department of Transportation,7604 - Tpfa Go Ser2002b Coml Pap Colonia Prj Fd,7986 - Unexpended Cash Balance Forward – Operating Transfers Out,"$2,797,602 "
2018,Operating Fund Transfers,Texas Education Agency,0002 - Available School Fund,7986 - Unexpended Cash Balance Forward – Operating Transfers Out,"$103,855,492 "
2018,Operating Fund Transfers,Texas Education Agency,0003 - State Technology Instructional Materials,7986 - Unexpended Cash Balance Forward – Operating Transfers Out,"$186,296,009 "
2018,Operating Fund Transfers,Texas Education Agency,0193 - Gr Account-Foundation School,7986 - Unexpended Cash Balance Forward – Operating Transfers Out,"$176,332,684 "
2018,Operating Fund Transfers,Texas Emergency Services Retirement System,0976 - Tx Emergency Services Retirement Tr Fd,7986 - Unexpended Cash Balance Forward – Operating Transfers Out,"$490,827 "
2018,Operating Fund Transfers,Texas Facilities Commission,0001 - General Revenue Fund,7986 - Unexpended Cash Balance Forward – Operating Transfers Out,"$19,933 "
2018,Operating Fund Transfers,Texas Facilities Commission,5166 - Gr Acct-Deferred Maintenance,7986 - Unexpended Cash Balance Forward – Operating Transfers Out,"$32,071,855 "
2018,Operating Fund Transfers,Texas Facilities Commission,7207 - Tpfa Go Series 2007 Tfc Project Fund,7986 - Unexpended Cash Balance Forward – Operating Transfers Out,"$58,883 "
2018,Operating Fund Transfers,Texas Facilities Commission,7217 - Tpfa Go Ser2011 Refundg Tfc Project Fd,7986 - Unexpended Cash Balance Forward – Operating Transfers Out,"$444,777 "
2018,Operating Fund Transfers,Texas Facilities Commission,7640 - Tpfa Go Coml Papr Ser 2002a Tfc Prj C Fd,7986 - Unexpended Cash Balance Forward – Operating Transfers Out,"$68,874 "
2018,Operating Fund Transfers,Texas Facilities Commission,7641 - Tpfa Go Coml Papr Ser 2008 Tfc Prj 1b Fd,7986 - Unexpended Cash Balance Forward – Operating Transfers Out,"$82,137 "
2018,Operating Fund Transfers,Texas Facilities Commission,7652 - Tpfa Go Cml Paper Ser2008 Tfc Proj 1c Fd,7986 - Unexpended Cash Balance Forward – Operating Transfers Out,"$357,369 "
2018,Operating Fund Transfers,Texas Facilities Commission,7657 - Tpfa Go Cml Paper Ser2008 Tfc Proj 1d Fd,7986 - Unexpended Cash Balance Forward – Operating Transfers Out,"$639,000 "
2018,Operating Fund Transfers,Texas Facilities Commission,7800 - Tpfa Rv Com Pap Srs 16 Tfc Project Fund,7986 - Unexpended Cash Balance Forward – Operating Transfers Out,"$12,782,919 "
2018,Operating Fund Transfers,Texas Higher Education Coordinating Board,0001 - General Revenue Fund,7986 - Unexpended Cash Balance Forward – Operating Transfers Out,"$83,709 "
2018,Operating Fund Transfers,Texas Higher Education Coordinating Board,0387 - Texas Opportunity Plan Fund,7986 - Unexpended Cash Balance Forward – Operating Transfers Out,"$32,264,151 "
2018,Operating Fund Transfers,Texas Higher Education Coordinating Board,0388 - Tx Coll Student Loan Bond I&S,7986 - Unexpended Cash Balance Forward – Operating Transfers Out,"$117,747,641 "
2018,Operating Fund Transfers,Texas Higher Education Coordinating Board,0601 - Student Loan Auxiliary Fund,7986 - Unexpended Cash Balance Forward – Operating Transfers Out,"$120,601,720 "
2018,Operating Fund Transfers,Texas Higher Education Coordinating Board,0697 - Student Loan Revenue Bond Fund,7986 - Unexpended Cash Balance Forward – Operating Transfers Out,"$87,909 "
2018,Operating Fund Transfers,Texas Higher Education Coordinating Board,0824 - Perm Fd Hied Nursing/Allied/Other Health,7986 - Unexpended Cash Balance Forward – Operating Transfers Out,"$2,284,830 "
2018,Operating Fund Transfers,Texas Higher Education Coordinating Board,0825 - Perm Fd Minority Hlth Research/Education,7986 - Unexpended Cash Balance Forward – Operating Transfers Out,"$2,814,825 "
2018,Operating Fund Transfers,Texas Higher Education Coordinating Board,5103 - Gr Acct - Texas B-On-Time Student Loan,7986 - Unexpended Cash Balance Forward – Operating Transfers Out,"$131,600,638 "
2018,Operating Fund Transfers,Texas Higher Education Coordinating Board,5144 - Gr Acct - Physician Educ Loan Repmt Prog,7986 - Unexpended Cash Balance Forward – Operating Transfers Out,"$2,120,540 "
2018,Operating Fund Transfers,Texas Historical Commission,7213 - Tpfa Go Series 2009b Thc Project Fund,7986 - Unexpended Cash Balance Forward – Operating Transfers Out,"$2,005,912 "
2018,Operating Fund Transfers,Texas Historical Commission,7650 - Tpfa Go Cml Paper Ser2008 Thc Proj 1c Fd,7986 - Unexpended Cash Balance Forward – Operating Transfers Out,"$815,247 "
2018,Operating Fund Transfers,Texas Lottery Commission,0895 - Lotto Prize Trust Fd,7986 - Unexpended Cash Balance Forward – Operating Transfers Out,"$295,887,847 "
2018,Operating Fund Transfers,Texas Lottery Commission,5025 - Gr Acct-Lottery,7986 - Unexpended Cash Balance Forward – Operating Transfers Out,"$5,058,140 "
2018,Operating Fund Transfers,Texas Military Department,7661 - Tpfa Go Cml Paper Ser2008 Tmd Prj 1c Fd,7986 - Unexpended Cash Balance Forward – Operating Transfers Out,"$272,827 "
2018,Operating Fund Transfers,Texas Public Finance Authority,0001 - General Revenue Fund,7986 - Unexpended Cash Balance Forward – Operating Transfers Out,"$1,000 "
2018,Operating Fund Transfers,Texas Public Finance Authority,0733 - Tpfa Master Lease Interest/Sinking Fund,7986 - Unexpended Cash Balance Forward – Operating Transfers Out,"$3,986,651 "
2018,Operating Fund Transfers,Texas Public Finance Authority,0844 - Twc Obligation Trust Fund,7986 - Unexpended Cash Balance Forward – Operating Transfers Out,$369 
2018,Operating Fund Transfers,Texas Public Finance Authority,5044 - Gr Acct-Perm Fd Health/Tobacco Ed/Enforc,7986 - Unexpended Cash Balance Forward – Operating Transfers Out,"$12,563,198 "
2018,Operating Fund Transfers,Texas Public Finance Authority,5045 - Gr Acct-Perm Fd Children & Public Health,7986 - Unexpended Cash Balance Forward – Operating Transfers Out,"$6,281,599 "
2018,Operating Fund Transfers,Texas Public Finance Authority,5046 - Gr Acct-Perm Fd For Ems And Trauma Care,7986 - Unexpended Cash Balance Forward – Operating Transfers Out,"$6,281,597 "
2018,Operating Fund Transfers,Texas Public Finance Authority,7013 - Tpfa Go Ser 2002a Int & Sink Fd,7986 - Unexpended Cash Balance Forward – Operating Transfers Out,"$3,468 "
2018,Operating Fund Transfers,Texas Public Finance Authority,7020 - Tpfa Go Ser2002b Coml Pap Colonia Rebate,7986 - Unexpended Cash Balance Forward – Operating Transfers Out,"$120,519 "
2018,Operating Fund Transfers,Texas Public Finance Authority,7035 - Tpfa Go Coml Paper Series 2008 Rebate Fd,7986 - Unexpended Cash Balance Forward – Operating Transfers Out,$48 
2018,Operating Fund Transfers,Texas Public Finance Authority,7065 - Tpfa Go Series 2016 Int & Sink Fund Tmpc,7986 - Unexpended Cash Balance Forward – Operating Transfers Out,"$28,526 "
2018,Operating Fund Transfers,Texas Public Finance Authority,"7067 - Tpfa Go & Ref (Cprit), 2017 Int & Sink",7986 - Unexpended Cash Balance Forward – Operating Transfers Out,"$46,998 "
2018,Operating Fund Transfers,Texas Public Finance Authority,"7069 - Tpfa Go Ref. Series 2017a, Int & Sinking",7986 - Unexpended Cash Balance Forward – Operating Transfers Out,"$30,095 "
2018,Operating Fund Transfers,Texas Public Finance Authority,7201 - Tpfa Go Ser 2002a Coml Paper Tdh Proj A,7986 - Unexpended Cash Balance Forward – Operating Transfers Out,"$3,701 "
2018,Operating Fund Transfers,Texas Southern University,0802 - License Plate Trust Fund,7986 - Unexpended Cash Balance Forward – Operating Transfers Out,"$7,949 "
2018,Operating Fund Transfers,Texas State Library and Archives Commission,0001 - General Revenue Fund,7986 - Unexpended Cash Balance Forward – Operating Transfers Out,"$32,506 "
2018,Operating Fund Transfers,Texas State Technical College System,0210 - Support Military/Veterans Exemption,7986 - Unexpended Cash Balance Forward – Operating Transfers Out,"$4,739 "
2018,Operating Fund Transfers,Texas Tech University,0214 - Available Texas University Fund,7986 - Unexpended Cash Balance Forward – Operating Transfers Out,"$28,152,495 "
2018,Operating Fund Transfers,Texas Veterans Commission,0368 - Fund For Veterans' Assistance,7986 - Unexpended Cash Balance Forward – Operating Transfers Out,"$12,000,000 "
2018,Operating Fund Transfers,Texas Water Development Board,0001 - General Revenue Fund,7986 - Unexpended Cash Balance Forward – Operating Transfers Out,"$561,492 "
2018,Operating Fund Transfers,Texas Water Development Board,0301 - Rural Water Assistance Fund,7986 - Unexpended Cash Balance Forward – Operating Transfers Out,"$412,445 "
2018,Operating Fund Transfers,Texas Water Development Board,0302 - Water Infrastructure Fund,7986 - Unexpended Cash Balance Forward – Operating Transfers Out,"$6,064,802 "
2018,Operating Fund Transfers,Texas Water Development Board,0356 - Economicaly Distrs Areas Cl Fd,7986 - Unexpended Cash Balance Forward – Operating Transfers Out,"$396,441 "
2018,Operating Fund Transfers,Texas Water Development Board,0357 - Economic Distrs Area Cl I&S Fd,7986 - Unexpended Cash Balance Forward – Operating Transfers Out,"$12,072 "
2018,Operating Fund Transfers,Texas Water Development Board,0358 - Agrig Water Conservation Fd,7986 - Unexpended Cash Balance Forward – Operating Transfers Out,"$10,348,664 "
2018,Operating Fund Transfers,Texas Water Development Board,0361 - State Water Implementation,7986 - Unexpended Cash Balance Forward – Operating Transfers Out,"$222,077,722 "
2018,Operating Fund Transfers,Texas Water Development Board,0370 - Tx Water Development Fd Ii Clearance Fd,7986 - Unexpended Cash Balance Forward – Operating Transfers Out,"$78,136,107 "
2018,Operating Fund Transfers,Texas Water Development Board,0371 - Tx Water Development Fd Ii,7986 - Unexpended Cash Balance Forward – Operating Transfers Out,"$30,820,608 "
2018,Operating Fund Transfers,Texas Water Development Board,0372 - Tx Water Devel Fd Ii Int & Sink Fund,7986 - Unexpended Cash Balance Forward – Operating Transfers Out,"$38,646 "
2018,Operating Fund Transfers,Texas Water Development Board,0480 - Water Assistance Fund,7986 - Unexpended Cash Balance Forward – Operating Transfers Out,"$13,350,666 "
2018,Operating Fund Transfers,Texas Water Development Board,0481 - Water Loan Assistance Fund,7986 - Unexpended Cash Balance Forward – Operating Transfers Out,"$8,835,884 "
2018,Operating Fund Transfers,Texas Workforce Commission,0925 - Career School/College Tuition Trust Acct,7986 - Unexpended Cash Balance Forward – Operating Transfers Out,"$1,474,723 "
2018,Operating Fund Transfers,University of Houston,0214 - Available Texas University Fund,7986 - Unexpended Cash Balance Forward – Operating Transfers Out,"$13,654,053 "
2018,Operating Fund Transfers,University of Houston-Victoria,0802 - License Plate Trust Fund,7986 - Unexpended Cash Balance Forward – Operating Transfers Out,"$1,106 "
2018,Operating Fund Transfers,University of Texas Health Science Center at Houston,0822 - Perm Endowmnt Fd Ut Reg Acad Health Ctr,7986 - Unexpended Cash Balance Forward – Operating Transfers Out,"$2,000,000 "
2018,Operating Fund Transfers,University of Texas M.D. Anderson Cancer Center,0210 - Support Military/Veterans Exemption,7986 - Unexpended Cash Balance Forward – Operating Transfers Out,$594 
2018,Operating Fund Transfers,University of Texas of the Permian Basin,0210 - Support Military/Veterans Exemption,7986 - Unexpended Cash Balance Forward – Operating Transfers Out,"$23,810 "
2018,Operating Fund Transfers,West Texas A&M University,0802 - License Plate Trust Fund,7986 - Unexpended Cash Balance Forward – Operating Transfers Out,$247 
2017,Operating Fund Transfers,Cancer Prevention & Research Institute of Texas,0802 - License Plate Trust Fund,7986 - Unexpended Cash Balance Forward – Operating Transfers Out,$73 
2017,Operating Fund Transfers,Cancer Prevention & Research Institute of Texas,5136 - Gr Acct - Cancer Prevention And Research,7986 - Unexpended Cash Balance Forward – Operating Transfers Out,"$1,563,186 "
2017,Operating Fund Transfers,Cancer Prevention & Research Institute of Texas,7639 - Tpfa Cprit Project Fund,7986 - Unexpended Cash Balance Forward – Operating Transfers Out,"$206,192,072 "
2017,Operating Fund Transfers,Commission on State Emergency Communications,0875 - Emerg Svs Fee On Wireless Telecom Tr Fnd,7986 - Unexpended Cash Balance Forward – Operating Transfers Out,"$9,409,855 "
2017,Operating Fund Transfers,Commission on State Emergency Communications,5007 - Gr Acct Comm On State Emergency Comm,7986 - Unexpended Cash Balance Forward – Operating Transfers Out,"$42,960,307 "
2017,Operating Fund Transfers,Commission on State Emergency Communications,5050 - Gr Acct-911 Service Fees,7986 - Unexpended Cash Balance Forward – Operating Transfers Out,"$152,358,822 "
2017,Operating Fund Transfers,Comptroller of Public Accounts,0001 - General Revenue Fund,7986 - Unexpended Cash Balance Forward – Operating Transfers Out,"$1,830,211 "
2017,Operating Fund Transfers,Comptroller-Prepaid Higher Education Tuition Board,0892 - Tx Tomorrow Constitutional Trust Fd,7986 - Unexpended Cash Balance Forward – Operating Transfers Out,"$34,333 "
2017,Operating Fund Transfers,Comptroller-State Energy Conservation Office,0001 - General Revenue Fund,7986 - Unexpended Cash Balance Forward – Operating Transfers Out,"$33,159,045 "
2017,Operating Fund Transfers,Comptroller-State Energy Conservation Office,5005 - Gr Acct - Oil Overcharge,7986 - Unexpended Cash Balance Forward – Operating Transfers Out,"$18,661,751 "
2017,Operating Fund Transfers,Comptroller-State Fiscal,0599 - Economic Stabilization Fund,7986 - Unexpended Cash Balance Forward – Operating Transfers Out,"$7,873,888,452 "
2017,Operating Fund Transfers,Comptroller-State Fiscal,5040 - Gr Acct-Tobacco Settlement,7986 - Unexpended Cash Balance Forward – Operating Transfers Out,"$82,181,015 "
2017,Operating Fund Transfers,Comptroller-State Fiscal,5160 - Gr Acct-Disabled Veterans Local Gov Asst,7986 - Unexpended Cash Balance Forward – Operating Transfers Out,"$2,500,000 "
2017,Operating Fund Transfers,Department of Aging and Disability Services,0001 - General Revenue Fund,7986 - Unexpended Cash Balance Forward – Operating Transfers Out,"$12,294,693 "
2017,Operating Fund Transfers,Department of Aging and Disability Services,5018 - Gr Acct - Home Health Services,7986 - Unexpended Cash Balance Forward – Operating Transfers Out,"$9,231,456 "
2017,Operating Fund Transfers,Department of Aging and Disability Services,5080 - Gr Acct-Quality Assurance,7986 - Unexpended Cash Balance Forward – Operating Transfers Out,"$18,210,333 "
2017,Operating Fund Transfers,Department of Aging and Disability Services,7644 - Tpfa Go Coml Papr Ser2008 Dads Prj 1b Fd,7986 - Unexpended Cash Balance Forward – Operating Transfers Out,"$22,717 "
2017,Operating Fund Transfers,Department of Aging and Disability Services,7658 - Tpfa Go Cml Paper Ser2008 Dads Prj 1b Fd,7986 - Unexpended Cash Balance Forward – Operating Transfers Out,"$24,438 "
2017,Operating Fund Transfers,Department of Agriculture,0001 - General Revenue Fund,7986 - Unexpended Cash Balance Forward – Operating Transfers Out,"$6,394,975 "
2017,Operating Fund Transfers,Department of Agriculture,0183 - Tx Economic Development Fund,7986 - Unexpended Cash Balance Forward – Operating Transfers Out,"$3,584,515 "
2017,Operating Fund Transfers,Department of Agriculture,0364 - Perm Endow Fd Rurl Com Health Care Invst,7986 - Unexpended Cash Balance Forward – Operating Transfers Out,"$327,924 "
2017,Operating Fund Transfers,Department of Agriculture,0683 - Tex Agricultural Fund,7986 - Unexpended Cash Balance Forward – Operating Transfers Out,"$16,083,446 "
2017,Operating Fund Transfers,Department of Agriculture,5047 - Gr Acct-Perm Fd Rural Health Fac Cap Imp,7986 - Unexpended Cash Balance Forward – Operating Transfers Out,"$520,991 "
2017,Operating Fund Transfers,Department of Agriculture,5051 - Gr Acct-Go Texan Partner Program,7986 - Unexpended Cash Balance Forward – Operating Transfers Out,"$6,479 "
2017,Operating Fund Transfers,Department of Assistive and Rehabilitative Services,0422 - Gr Acct-Dept Of Asst & Rehab Svcs,7986 - Unexpended Cash Balance Forward – Operating Transfers Out,$203 
2017,Operating Fund Transfers,Department of Family and Protective Services,5085 - Gr Acct-Child Abuse Neg/Prev Trust,7986 - Unexpended Cash Balance Forward – Operating Transfers Out,"$11,410,309 "
2017,Operating Fund Transfers,Department of State Health Services,0001 - General Revenue Fund,7986 - Unexpended Cash Balance Forward – Operating Transfers Out,"$21,304 "
2017,Operating Fund Transfers,Department of State Health Services,0019 - Gr Acct-Vital Statistics,7986 - Unexpended Cash Balance Forward – Operating Transfers Out,"$8,730,907 "
2017,Operating Fund Transfers,Department of State Health Services,0129 - Gr Acct-Hospital Licensing,7986 - Unexpended Cash Balance Forward – Operating Transfers Out,"$8,384,975 "
2017,Operating Fund Transfers,Department of State Health Services,0273 - Gr Acct-Fed Health & Health Lab Funding,7986 - Unexpended Cash Balance Forward – Operating Transfers Out,"$3,222,732 "
2017,Operating Fund Transfers,Department of State Health Services,0341 - Gr Acct-Food & Drug Retail Fees,7986 - Unexpended Cash Balance Forward – Operating Transfers Out,"$6,400,783 "
2017,Operating Fund Transfers,Department of State Health Services,0512 - Gr Acct-Bureau Of Emergcy Mgt,7986 - Unexpended Cash Balance Forward – Operating Transfers Out,"$3,513,477 "
2017,Operating Fund Transfers,Department of State Health Services,0524 - Gr Acct-Public Health Svcs Fee,7986 - Unexpended Cash Balance Forward – Operating Transfers Out,"$329,905 "
2017,Operating Fund Transfers,Department of State Health Services,0802 - License Plate Trust Fund,7986 - Unexpended Cash Balance Forward – Operating Transfers Out,"$1,585 "
2017,Operating Fund Transfers,Department of State Health Services,5017 - Gr Acct-Asbestos Removal Licensure,7986 - Unexpended Cash Balance Forward – Operating Transfers Out,"$14,226,034 "
2017,Operating Fund Transfers,Department of State Health Services,5020 - Gr Acct-Workplace Chemicals List,7986 - Unexpended Cash Balance Forward – Operating Transfers Out,"$495,223 "
2017,Operating Fund Transfers,Department of State Health Services,5021 - Gr Acct-Cert Of Mammography Systems,7986 - Unexpended Cash Balance Forward – Operating Transfers Out,"$2,277,070 "
2017,Operating Fund Transfers,Department of State Health Services,5022 - Gr Acct - Oysters Sales,7986 - Unexpended Cash Balance Forward – Operating Transfers Out,"$527,146 "
2017,Operating Fund Transfers,Department of State Health Services,5024 - Gr Acct-Food & Drug Registration,7986 - Unexpended Cash Balance Forward – Operating Transfers Out,"$19,355,887 "
2017,Operating Fund Transfers,Department of State Health Services,5044 - Gr Acct-Perm Fd Health/Tobacco Ed/Enforc,7986 - Unexpended Cash Balance Forward – Operating Transfers Out,"$1,052,383 "
2017,Operating Fund Transfers,Department of State Health Services,5045 - Gr Acct-Perm Fd Children & Public Health,7986 - Unexpended Cash Balance Forward – Operating Transfers Out,"$481,035 "
2017,Operating Fund Transfers,Department of State Health Services,5046 - Gr Acct-Perm Fd For Ems And Trauma Care,7986 - Unexpended Cash Balance Forward – Operating Transfers Out,"$937,002 "
2017,Operating Fund Transfers,Department of State Health Services,5048 - Gr Acct-Perm Hosp Cptl Imp/Ctr Infec Dis,7986 - Unexpended Cash Balance Forward – Operating Transfers Out,"$6,260 "
2017,Operating Fund Transfers,Department of State Health Services,5049 - Gr Acct-St Owned Multicat Teaching Hosp,7986 - Unexpended Cash Balance Forward – Operating Transfers Out,"$2,500,000 "
2017,Operating Fund Transfers,Department of State Health Services,5096 - Gr Acct - Perpetual Care,7986 - Unexpended Cash Balance Forward – Operating Transfers Out,"$1,000,000 "
2017,Operating Fund Transfers,Department of State Health Services,"5108 - Gr Acct - Ems, Trauma Fac, Trauma Sys",7986 - Unexpended Cash Balance Forward – Operating Transfers Out,"$8,748,044 "
2017,Operating Fund Transfers,Department of State Health Services,5111 - Gr Acct - Trauma Facility & Ems,7986 - Unexpended Cash Balance Forward – Operating Transfers Out,"$49,369,400 "
2017,Operating Fund Transfers,Department of State Health Services,5125 - Gr Acct - Childhood Immunization,7986 - Unexpended Cash Balance Forward – Operating Transfers Out,"$105,539 "
2017,Operating Fund Transfers,Department of State Health Services,7639 - Tpfa Cprit Project Fund,7986 - Unexpended Cash Balance Forward – Operating Transfers Out,"$1,132,847 "
2017,Operating Fund Transfers,Department of State Health Services,7660 - Tpfa Go Cml Paper Ser2008 Dshs Prj 1d Fd,7986 - Unexpended Cash Balance Forward – Operating Transfers Out,"$1,754,520 "
2017,Operating Fund Transfers,District Courts-Comptroller's Judiciary Section,0001 - General Revenue Fund,7986 - Unexpended Cash Balance Forward – Operating Transfers Out,"$16,474,113 "
2017,Operating Fund Transfers,Employees Retirement System of Texas,"0945 - Def Compensation Trust Fd, Ers",7986 - Unexpended Cash Balance Forward – Operating Transfers Out,"$901,363 "
2017,Operating Fund Transfers,General Land Office,0522 - Veterans Land Program Admin Fd,7986 - Unexpended Cash Balance Forward – Operating Transfers Out,"$469,021 "
2017,Operating Fund Transfers,Governor-Fiscal,0001 - General Revenue Fund,7986 - Unexpended Cash Balance Forward – Operating Transfers Out,"$12,469,153 "
2017,Operating Fund Transfers,Governor-Fiscal,0224 - Gr Acct-Governors Ofc Federal Proj,7986 - Unexpended Cash Balance Forward – Operating Transfers Out,"$22,169,725 "
2017,Operating Fund Transfers,Governor-Fiscal,0421 - Gr Acct-Crim Justice Planning,7986 - Unexpended Cash Balance Forward – Operating Transfers Out,"$29,170,034 "
2017,Operating Fund Transfers,Governor-Fiscal,0588 - Small Business Incubator Fund,7986 - Unexpended Cash Balance Forward – Operating Transfers Out,"$20,331,914 "
2017,Operating Fund Transfers,Governor-Fiscal,0589 - Texas Product Development Fund,7986 - Unexpended Cash Balance Forward – Operating Transfers Out,"$5,892,232 "
2017,Operating Fund Transfers,Governor-Fiscal,0802 - License Plate Trust Fund,7986 - Unexpended Cash Balance Forward – Operating Transfers Out,"$54,852 "
2017,Operating Fund Transfers,Governor-Fiscal,0806 - Spaceport Trust Fund,7986 - Unexpended Cash Balance Forward – Operating Transfers Out,"$30,211,694 "
2017,Operating Fund Transfers,Governor-Fiscal,0830 - Events Trust Fd For Certain Muni/Countys,7986 - Unexpended Cash Balance Forward – Operating Transfers Out,"$10,967,426 "
2017,Operating Fund Transfers,Governor-Fiscal,0869 - Major Events Reimbursement Program,7986 - Unexpended Cash Balance Forward – Operating Transfers Out,"$42,177,051 "
2017,Operating Fund Transfers,Governor-Fiscal,5003 - Gr Acct-Hotel Occ Tax For Economic Devel,7986 - Unexpended Cash Balance Forward – Operating Transfers Out,"$13,768,050 "
2017,Operating Fund Transfers,Governor-Fiscal,5010 - Gr Acct - Sexual Assault Program,7986 - Unexpended Cash Balance Forward – Operating Transfers Out,"$2,000,000 "
2017,Operating Fund Transfers,Governor-Fiscal,5012 - Gr Acct - Crime Stoppers Assistance,7986 - Unexpended Cash Balance Forward – Operating Transfers Out,"$845,529 "
2017,Operating Fund Transfers,Governor-Fiscal,5106 - Gr Acct - Economic Dev Bank,7986 - Unexpended Cash Balance Forward – Operating Transfers Out,"$3,929,329 "
2017,Operating Fund Transfers,Governor-Fiscal,5107 - Gr Acct - Texas Enterprise,7986 - Unexpended Cash Balance Forward – Operating Transfers Out,"$222,528,435 "
2017,Operating Fund Transfers,Governor-Fiscal,5114 - Gr Acct-Tx Military Value Revolving Loan,7986 - Unexpended Cash Balance Forward – Operating Transfers Out,"$119,205 "
2017,Operating Fund Transfers,Governor-Fiscal,5124 - Gr Acct - Texas Emerging Technology,7986 - Unexpended Cash Balance Forward – Operating Transfers Out,"$1,604,804 "
2017,Operating Fund Transfers,Governor-Fiscal,5149 - Gr Acct-Bp Oil Spill Tx Response Grant,7986 - Unexpended Cash Balance Forward – Operating Transfers Out,"$3,753,540 "
2017,Operating Fund Transfers,Governor-Fiscal,5161 - Gr-Acct Governor'S Univ Research Initive,7986 - Unexpended Cash Balance Forward – Operating Transfers Out,"$9,426,453 "
2017,Operating Fund Transfers,Governor-Fiscal,5164 - Gr Acct-Youth Diversion,7986 - Unexpended Cash Balance Forward – Operating Transfers Out,"$5,141,894 "
2017,Operating Fund Transfers,Governor-Fiscal,7022 - Tpfa Go Ser2007a-1 Tmpc Int & Sink Fd,7986 - Unexpended Cash Balance Forward – Operating Transfers Out,$108 
2017,Operating Fund Transfers,Health and Human Services Commission,0001 - General Revenue Fund,7986 - Unexpended Cash Balance Forward – Operating Transfers Out,"$16,444 "
2017,Operating Fund Transfers,Health and Human Services Commission,0107 - Gr Acct-Comprehensive Rehabilitation,7986 - Unexpended Cash Balance Forward – Operating Transfers Out,"$1,560 "
2017,Operating Fund Transfers,Health and Human Services Commission,5109 - Gr Acct-Medicaid Recovery 42usc ?1396p,7986 - Unexpended Cash Balance Forward – Operating Transfers Out,"$8,091,610 "
2017,Operating Fund Transfers,Parks and Wildlife Department,0001 - General Revenue Fund,7986 - Unexpended Cash Balance Forward – Operating Transfers Out,"$167,104 "
2017,Operating Fund Transfers,Parks and Wildlife Department,"0009 - Gr Account-Game, Fish, Water Safety",7986 - Unexpended Cash Balance Forward – Operating Transfers Out,"$67,836,927 "
2017,Operating Fund Transfers,Parks and Wildlife Department,0064 - Gr Acct-State Parks,7986 - Unexpended Cash Balance Forward – Operating Transfers Out,"$16,637,372 "
2017,Operating Fund Transfers,Parks and Wildlife Department,0467 - Gr Acct-Tx Recreation & Parks,7986 - Unexpended Cash Balance Forward – Operating Transfers Out,"$2,522,154 "
2017,Operating Fund Transfers,Parks and Wildlife Department,0506 - Gr Acct-Non-Game/Endanger Spec,7986 - Unexpended Cash Balance Forward – Operating Transfers Out,"$552,536 "
2017,Operating Fund Transfers,Parks and Wildlife Department,0544 - Gr Acct-Lifetime Lic Endowmt,7986 - Unexpended Cash Balance Forward – Operating Transfers Out,"$23,986,296 "
2017,Operating Fund Transfers,Parks and Wildlife Department,0679 - Gr Acct-Artificial Reef,7986 - Unexpended Cash Balance Forward – Operating Transfers Out,"$6,090,459 "
2017,Operating Fund Transfers,Parks and Wildlife Department,0802 - License Plate Trust Fund,7986 - Unexpended Cash Balance Forward – Operating Transfers Out,"$364,680 "
2017,Operating Fund Transfers,Parks and Wildlife Department,0885 - State Parks Endowment Trust Account,7986 - Unexpended Cash Balance Forward – Operating Transfers Out,"$624,010 "
2017,Operating Fund Transfers,Parks and Wildlife Department,5023 - Gr Acct - Shrimp License Buy Back,7986 - Unexpended Cash Balance Forward – Operating Transfers Out,"$1,133,673 "
2017,Operating Fund Transfers,Parks and Wildlife Department,5150 - Gr Acct-Large Count & Munic Rec & Parks,7986 - Unexpended Cash Balance Forward – Operating Transfers Out,"$2,458,538 "
2017,Operating Fund Transfers,Parks and Wildlife Department,5166 - Gr Acct-Deferred Maintenance,7986 - Unexpended Cash Balance Forward – Operating Transfers Out,"$47,833,894 "
2017,Operating Fund Transfers,Parks and Wildlife Department,7635 - Tpfa Go Coml Papr Ser2008 Tpwd Prj 1a Fd,7986 - Unexpended Cash Balance Forward – Operating Transfers Out,"$143,788 "
2017,Operating Fund Transfers,Parks and Wildlife Department,7647 - Tpfa Go Coml Papr Ser2008 Tpwd Prj 1b Fd,7986 - Unexpended Cash Balance Forward – Operating Transfers Out,"$670,443 "
2017,Operating Fund Transfers,Parks and Wildlife Department,7654 - Tpfa Go Cml Papr Ser2008 Tpwd Proj 1c Fd,7986 - Unexpended Cash Balance Forward – Operating Transfers Out,"$161,223 "
2017,Operating Fund Transfers,Parks and Wildlife Department,7659 - Tpfa Go Cml Papr Ser2008 Tpwd Proj 1d Fd,7986 - Unexpended Cash Balance Forward – Operating Transfers Out,"$494,828 "
2017,Operating Fund Transfers,Prairie View A&M University,0047 - Texas A&M Univ Available Fund,7986 - Unexpended Cash Balance Forward – Operating Transfers Out,"$35,819,049 "
2017,Operating Fund Transfers,Prairie View A&M University,0802 - License Plate Trust Fund,7986 - Unexpended Cash Balance Forward – Operating Transfers Out,"$70,320 "
2017,Operating Fund Transfers,State Preservation Board,0804 - Governor'S Mansion Renewal Trust,7986 - Unexpended Cash Balance Forward – Operating Transfers Out,"$790,878 "
2017,Operating Fund Transfers,State Preservation Board,0849 - Bob Bullock Tx St His Museum Local Tr Fd,7986 - Unexpended Cash Balance Forward – Operating Transfers Out,"$648,072 "
2017,Operating Fund Transfers,State Preservation Board,0854 - Capital Renewal Trust Fund,7986 - Unexpended Cash Balance Forward – Operating Transfers Out,"$3,618,483 "
2017,Operating Fund Transfers,State Preservation Board,0879 - Capitol Local Trust Fund,7986 - Unexpended Cash Balance Forward – Operating Transfers Out,"$1,744,786 "
2017,Operating Fund Transfers,State Preservation Board,0902 - State Cemetery Preservation Trust,7986 - Unexpended Cash Balance Forward – Operating Transfers Out,"$10,026,933 "
2017,Operating Fund Transfers,Texas A&M University (Main University),0047 - Texas A&M Univ Available Fund,7986 - Unexpended Cash Balance Forward – Operating Transfers Out,"$108,913,487 "
2017,Operating Fund Transfers,Texas A&M University System,0047 - Texas A&M Univ Available Fund,7986 - Unexpended Cash Balance Forward – Operating Transfers Out,"$40,021,982 "
2017,Operating Fund Transfers,Texas A&M University System Health Science Center,0047 - Texas A&M Univ Available Fund,7986 - Unexpended Cash Balance Forward – Operating Transfers Out,"$7,938,855 "
2017,Operating Fund Transfers,Texas A&M University-Central Texas,0210 - Support Military/Veterans Exemption,7986 - Unexpended Cash Balance Forward – Operating Transfers Out,"$10,774 "
2017,Operating Fund Transfers,Texas A&M University-Corpus Christi,0210 - Support Military/Veterans Exemption,7986 - Unexpended Cash Balance Forward – Operating Transfers Out,"$268,877 "
2017,Operating Fund Transfers,Texas Commission on Environmental Quality,0088 - Gr-Acct Low-Level Radioactive Waste,7986 - Unexpended Cash Balance Forward – Operating Transfers Out,"$17,001,000 "
2017,Operating Fund Transfers,Texas Commission on Environmental Quality,5020 - Gr Acct-Workplace Chemicals List,7986 - Unexpended Cash Balance Forward – Operating Transfers Out,"$3,905,000 "
2017,Operating Fund Transfers,Texas Department of Criminal Justice,5060 - Gr Acct-Private Sector Prison Industries,7986 - Unexpended Cash Balance Forward – Operating Transfers Out,"$903,827 "
2017,Operating Fund Transfers,Texas Department of Criminal Justice,5166 - Gr Acct-Deferred Maintenance,7986 - Unexpended Cash Balance Forward – Operating Transfers Out,"$5,731,319 "
2017,Operating Fund Transfers,Texas Department of Criminal Justice,7655 - Tpfa Go Cml Papr Ser2008 Tdcj Proj 1d Fd,7986 - Unexpended Cash Balance Forward – Operating Transfers Out,"$751,026 "
2017,Operating Fund Transfers,Texas Department of Public Safety,0453 - Gr Acct-Disaster Contingency,7986 - Unexpended Cash Balance Forward – Operating Transfers Out,"$3,288,318 "
2017,Operating Fund Transfers,Texas Department of Public Safety,7209 - Tpfa Go Ser2008a Refndg Dps Project Fd,7986 - Unexpended Cash Balance Forward – Operating Transfers Out,"$85,582 "
2017,Operating Fund Transfers,Texas Department of Public Safety,7211 - Tpfa Go Series 2009b Dps Project Fund,7986 - Unexpended Cash Balance Forward – Operating Transfers Out,$5 
2017,Operating Fund Transfers,Texas Department of Public Safety,7629 - Tpfa Go Coml Paper Ser2008 Dps Prj 1a Fd,7986 - Unexpended Cash Balance Forward – Operating Transfers Out,"$530,756 "
2017,Operating Fund Transfers,Texas Department of Public Safety,7648 - Tpfa Go Coml Papr Ser2008 Dps Proj 1b Fd,7986 - Unexpended Cash Balance Forward – Operating Transfers Out,"$357,660 "
2017,Operating Fund Transfers,Texas Department of Public Safety,7656 - Tpfa Go Cml Papr Ser2008 Dps Proj 1c Fd,7986 - Unexpended Cash Balance Forward – Operating Transfers Out,"$1,426,291 "
2017,Operating Fund Transfers,Texas Department of Transportation,0008 - State Highway Debt Service Fund,7986 - Unexpended Cash Balance Forward – Operating Transfers Out,"$150,668,990 "
2017,Operating Fund Transfers,Texas Department of Transportation,7604 - Tpfa Go Ser2002b Coml Pap Colonia Prj Fd,7986 - Unexpended Cash Balance Forward – Operating Transfers Out,"$14,320,365 "
2017,Operating Fund Transfers,Texas Education Agency,0002 - Available School Fund,7986 - Unexpended Cash Balance Forward – Operating Transfers Out,"$90,863,937 "
2017,Operating Fund Transfers,Texas Education Agency,0003 - State Technology Instructional Materials,7986 - Unexpended Cash Balance Forward – Operating Transfers Out,"$508,463,094 "
2017,Operating Fund Transfers,Texas Education Agency,0193 - Gr Account-Foundation School,7986 - Unexpended Cash Balance Forward – Operating Transfers Out,"$121,679,051 "
2017,Operating Fund Transfers,Texas Emergency Services Retirement System,0976 - Tx Emergency Services Retirement Tr Fd,7986 - Unexpended Cash Balance Forward – Operating Transfers Out,"$145,731 "
2017,Operating Fund Transfers,Texas Facilities Commission,5166 - Gr Acct-Deferred Maintenance,7986 - Unexpended Cash Balance Forward – Operating Transfers Out,"$111,922,228 "
2017,Operating Fund Transfers,Texas Facilities Commission,7207 - Tpfa Go Series 2007 Tfc Project Fund,7986 - Unexpended Cash Balance Forward – Operating Transfers Out,"$265,362 "
2017,Operating Fund Transfers,Texas Facilities Commission,7217 - Tpfa Go Ser2011 Refundg Tfc Project Fd,7986 - Unexpended Cash Balance Forward – Operating Transfers Out,"$783,790 "
2017,Operating Fund Transfers,Texas Facilities Commission,7640 - Tpfa Go Coml Papr Ser 2002a Tfc Prj C Fd,7986 - Unexpended Cash Balance Forward – Operating Transfers Out,"$36,656 "
2017,Operating Fund Transfers,Texas Facilities Commission,7652 - Tpfa Go Cml Paper Ser2008 Tfc Proj 1c Fd,7986 - Unexpended Cash Balance Forward – Operating Transfers Out,"$1,602,685 "
2017,Operating Fund Transfers,Texas Facilities Commission,7657 - Tpfa Go Cml Paper Ser2008 Tfc Proj 1d Fd,7986 - Unexpended Cash Balance Forward – Operating Transfers Out,"($143,490)"
2017,Operating Fund Transfers,Texas Facilities Commission,7800 - Tpfa Rv Com Pap Srs 16 Tfc Project Fund,7986 - Unexpended Cash Balance Forward – Operating Transfers Out,"$5,367,593 "
2017,Operating Fund Transfers,Texas Higher Education Coordinating Board,0001 - General Revenue Fund,7986 - Unexpended Cash Balance Forward – Operating Transfers Out,"$83,709 "
2017,Operating Fund Transfers,Texas Higher Education Coordinating Board,0387 - Texas Opportunity Plan Fund,7986 - Unexpended Cash Balance Forward – Operating Transfers Out,"$11,602,225 "
2017,Operating Fund Transfers,Texas Higher Education Coordinating Board,0388 - Tx Coll Student Loan Bond I&S,7986 - Unexpended Cash Balance Forward – Operating Transfers Out,"$125,641,812 "
2017,Operating Fund Transfers,Texas Higher Education Coordinating Board,0601 - Student Loan Auxiliary Fund,7986 - Unexpended Cash Balance Forward – Operating Transfers Out,"$116,639,490 "
2017,Operating Fund Transfers,Texas Higher Education Coordinating Board,0697 - Student Loan Revenue Bond Fund,7986 - Unexpended Cash Balance Forward – Operating Transfers Out,"$87,909 "
2017,Operating Fund Transfers,Texas Higher Education Coordinating Board,0802 - License Plate Trust Fund,7986 - Unexpended Cash Balance Forward – Operating Transfers Out,"$3,011 "
2017,Operating Fund Transfers,Texas Higher Education Coordinating Board,0824 - Perm Fd Hied Nursing/Allied/Other Health,7986 - Unexpended Cash Balance Forward – Operating Transfers Out,"$7,193,138 "
2017,Operating Fund Transfers,Texas Higher Education Coordinating Board,0825 - Perm Fd Minority Hlth Research/Education,7986 - Unexpended Cash Balance Forward – Operating Transfers Out,"$4,573,432 "
2017,Operating Fund Transfers,Texas Higher Education Coordinating Board,5103 - Gr Acct - Texas B-On-Time Student Loan,7986 - Unexpended Cash Balance Forward – Operating Transfers Out,"$147,320,675 "
2017,Operating Fund Transfers,Texas Higher Education Coordinating Board,5111 - Gr Acct - Trauma Facility & Ems,7986 - Unexpended Cash Balance Forward – Operating Transfers Out,$4 
2017,Operating Fund Transfers,Texas Higher Education Coordinating Board,5144 - Gr Acct - Physician Educ Loan Repmt Prog,7986 - Unexpended Cash Balance Forward – Operating Transfers Out,"$1,161,183 "
2017,Operating Fund Transfers,Texas Historical Commission,0802 - License Plate Trust Fund,7986 - Unexpended Cash Balance Forward – Operating Transfers Out,"$3,929 "
2017,Operating Fund Transfers,Texas Historical Commission,7213 - Tpfa Go Series 2009b Thc Project Fund,7986 - Unexpended Cash Balance Forward – Operating Transfers Out,"$1,697,954 "
2017,Operating Fund Transfers,Texas Lottery Commission,0895 - Lotto Prize Trust Fd,7986 - Unexpended Cash Balance Forward – Operating Transfers Out,"$331,217,374 "
2017,Operating Fund Transfers,Texas Lottery Commission,5025 - Gr Acct-Lottery,7986 - Unexpended Cash Balance Forward – Operating Transfers Out,"$10,185,291 "
2017,Operating Fund Transfers,Texas Military Department,7638 - Tpfa Go Coml Papr Ser2008 Adj Gen Prj 1a,7986 - Unexpended Cash Balance Forward – Operating Transfers Out,"$1,554 "
2017,Operating Fund Transfers,Texas Military Department,7649 - Tpfa Go Cml Ppr Ser2008 Adj Gen Pj 1b Fd,7986 - Unexpended Cash Balance Forward – Operating Transfers Out,"$40,190 "
2017,Operating Fund Transfers,Texas Military Department,7661 - Tpfa Go Cml Paper Ser2008 Tmd Prj 1c Fd,7986 - Unexpended Cash Balance Forward – Operating Transfers Out,"$56,373 "
2017,Operating Fund Transfers,Texas Public Finance Authority,0001 - General Revenue Fund,7986 - Unexpended Cash Balance Forward – Operating Transfers Out,"$3,000 "
2017,Operating Fund Transfers,Texas Public Finance Authority,0507 - Gr Acct-State Lease,7986 - Unexpended Cash Balance Forward – Operating Transfers Out,"$38,000 "
2017,Operating Fund Transfers,Texas Public Finance Authority,0733 - Tpfa Master Lease Interest/Sinking Fund,7986 - Unexpended Cash Balance Forward – Operating Transfers Out,"$4,088,825 "
2017,Operating Fund Transfers,Texas Public Finance Authority,0844 - Twc Obligation Trust Fund,7986 - Unexpended Cash Balance Forward – Operating Transfers Out,"$20,000 "
2017,Operating Fund Transfers,Texas Public Finance Authority,7013 - Tpfa Go Ser 2002a Int & Sink Fd,7986 - Unexpended Cash Balance Forward – Operating Transfers Out,"$3,468 "
2017,Operating Fund Transfers,Texas Public Finance Authority,7020 - Tpfa Go Ser2002b Coml Pap Colonia Rebate,7986 - Unexpended Cash Balance Forward – Operating Transfers Out,"$120,519 "
2017,Operating Fund Transfers,Texas Public Finance Authority,7022 - Tpfa Go Ser2007a-1 Tmpc Int & Sink Fd,7986 - Unexpended Cash Balance Forward – Operating Transfers Out,"$10,067 "
2017,Operating Fund Transfers,Texas Public Finance Authority,7035 - Tpfa Go Coml Paper Series 2008 Rebate Fd,7986 - Unexpended Cash Balance Forward – Operating Transfers Out,$36 
2017,Operating Fund Transfers,Texas Public Finance Authority,7061 - Tpfa Go Ser 2015c Refund Intrst&Sinking,7986 - Unexpended Cash Balance Forward – Operating Transfers Out,"$21,262 "
2017,Operating Fund Transfers,Texas Public Finance Authority,7201 - Tpfa Go Ser 2002a Coml Paper Tdh Proj A,7986 - Unexpended Cash Balance Forward – Operating Transfers Out,"$3,701 "
2017,Operating Fund Transfers,Texas Public Finance Authority,7344 - Tpfa Rev Refund Ser2015b Tmd I&S Fund,7986 - Unexpended Cash Balance Forward – Operating Transfers Out,"$6,603 "
2017,Operating Fund Transfers,Texas Public Finance Authority,7642 - Tpfa Go Coml Papr Ser2008 Tdcj Prj 1b Fd,7986 - Unexpended Cash Balance Forward – Operating Transfers Out,$182 
2017,Operating Fund Transfers,Texas State Technical College System,0210 - Support Military/Veterans Exemption,7986 - Unexpended Cash Balance Forward – Operating Transfers Out,"$56,820 "
2017,Operating Fund Transfers,Texas Tech University,0214 - Available Texas University Fund,7986 - Unexpended Cash Balance Forward – Operating Transfers Out,"$28,580,103 "
2017,Operating Fund Transfers,Texas Veterans Commission,0368 - Fund For Veterans' Assistance,7986 - Unexpended Cash Balance Forward – Operating Transfers Out,"$10,888,433 "
2017,Operating Fund Transfers,Texas Water Development Board,0001 - General Revenue Fund,7986 - Unexpended Cash Balance Forward – Operating Transfers Out,"$1,476,582 "
2017,Operating Fund Transfers,Texas Water Development Board,0302 - Water Infrastructure Fund,7986 - Unexpended Cash Balance Forward – Operating Transfers Out,"$4,131,485 "
2017,Operating Fund Transfers,Texas Water Development Board,0356 - Economicaly Distrs Areas Cl Fd,7986 - Unexpended Cash Balance Forward – Operating Transfers Out,"$334,113 "
2017,Operating Fund Transfers,Texas Water Development Board,0358 - Agrig Water Conservation Fd,7986 - Unexpended Cash Balance Forward – Operating Transfers Out,"$10,632,211 "
2017,Operating Fund Transfers,Texas Water Development Board,0361 - State Water Implementation,7986 - Unexpended Cash Balance Forward – Operating Transfers Out,"$110,480,132 "
2017,Operating Fund Transfers,Texas Water Development Board,0370 - Tx Water Development Fd Ii Clearance Fd,7986 - Unexpended Cash Balance Forward – Operating Transfers Out,"$80,532,974 "
2017,Operating Fund Transfers,Texas Water Development Board,0371 - Tx Water Development Fd Ii,7986 - Unexpended Cash Balance Forward – Operating Transfers Out,"$46,860,885 "
2017,Operating Fund Transfers,Texas Water Development Board,0372 - Tx Water Devel Fd Ii Int & Sink Fund,7986 - Unexpended Cash Balance Forward – Operating Transfers Out,"$7,320,359 "
2017,Operating Fund Transfers,Texas Water Development Board,0480 - Water Assistance Fund,7986 - Unexpended Cash Balance Forward – Operating Transfers Out,"$6,958,449 "
2017,Operating Fund Transfers,Texas Water Development Board,0482 - Storage Acquisition Fund,7986 - Unexpended Cash Balance Forward – Operating Transfers Out,"$13,224 "
2017,Operating Fund Transfers,Texas Water Development Board,0483 - Research & Planning Fund,7986 - Unexpended Cash Balance Forward – Operating Transfers Out,"$168,253 "
2017,Operating Fund Transfers,Texas Workforce Commission,0925 - Career School/College Tuition Trust Acct,7986 - Unexpended Cash Balance Forward – Operating Transfers Out,"$1,744,978 "
2017,Operating Fund Transfers,University of Houston,0214 - Available Texas University Fund,7986 - Unexpended Cash Balance Forward – Operating Transfers Out,"$14,442,216 "
2017,Operating Fund Transfers,University of Houston-Victoria,0802 - License Plate Trust Fund,7986 - Unexpended Cash Balance Forward – Operating Transfers Out,"$1,106 "
2017,Operating Fund Transfers,University of North Texas Health Science Center at Fort Worth,0210 - Support Military/Veterans Exemption,7986 - Unexpended Cash Balance Forward – Operating Transfers Out,"$10,828 "
2017,Operating Fund Transfers,University of Texas at El Paso,0210 - Support Military/Veterans Exemption,7986 - Unexpended Cash Balance Forward – Operating Transfers Out,"$224,155 "
2017,Operating Fund Transfers,University of Texas Health Science Center at Houston,0822 - Perm Endowmnt Fd Ut Reg Acad Health Ctr,7986 - Unexpended Cash Balance Forward – Operating Transfers Out,"$3,082,911 "
2017,Operating Fund Transfers,West Texas A&M University,0802 - License Plate Trust Fund,7986 - Unexpended Cash Balance Forward – Operating Transfers Out,"$4,427 "
2016,Operating Fund Transfers,Cancer Prevention & Research Institute of Texas,0802 - License Plate Trust Fund,7986 - Unexpended Cash Balance Forward – Operating Transfers Out,"$15,009 "
2016,Operating Fund Transfers,Cancer Prevention & Research Institute of Texas,5136 - Gr Acct - Cancer Prevention And Research,7986 - Unexpended Cash Balance Forward – Operating Transfers Out,"$1,288,961 "
2016,Operating Fund Transfers,Cancer Prevention & Research Institute of Texas,7639 - Tpfa Cprit Project Fund,7986 - Unexpended Cash Balance Forward – Operating Transfers Out,"$110,314,898 "
2016,Operating Fund Transfers,Commission on State Emergency Communications,5007 - Gr Acct Comm On State Emergency Comm,7986 - Unexpended Cash Balance Forward – Operating Transfers Out,"$16,090,442 "
2016,Operating Fund Transfers,Commission on State Emergency Communications,5050 - Gr Acct-911 Service Fees,7986 - Unexpended Cash Balance Forward – Operating Transfers Out,"$100,037,255 "
2016,Operating Fund Transfers,Comptroller of Public Accounts,0001 - General Revenue Fund,7986 - Unexpended Cash Balance Forward – Operating Transfers Out,"$5,290,192 "
2016,Operating Fund Transfers,Comptroller-State Energy Conservation Office,0001 - General Revenue Fund,7986 - Unexpended Cash Balance Forward – Operating Transfers Out,"$21,025,988 "
2016,Operating Fund Transfers,Comptroller-State Energy Conservation Office,5005 - Gr Acct - Oil Overcharge,7986 - Unexpended Cash Balance Forward – Operating Transfers Out,"$77,411,297 "
2016,Operating Fund Transfers,Comptroller-State Fiscal,0599 - Economic Stabilization Fund,7986 - Unexpended Cash Balance Forward – Operating Transfers Out,"$7,012,563,776 "
2016,Operating Fund Transfers,Comptroller-State Fiscal,5040 - Gr Acct-Tobacco Settlement,7986 - Unexpended Cash Balance Forward – Operating Transfers Out,"$121,933,664 "
2016,Operating Fund Transfers,Department of Aging and Disability Services,0001 - General Revenue Fund,7986 - Unexpended Cash Balance Forward – Operating Transfers Out,"$3,607 "
2016,Operating Fund Transfers,Department of Aging and Disability Services,5018 - Gr Acct - Home Health Services,7986 - Unexpended Cash Balance Forward – Operating Transfers Out,"$81,837,645 "
2016,Operating Fund Transfers,Department of Aging and Disability Services,5080 - Gr Acct-Quality Assurance,7986 - Unexpended Cash Balance Forward – Operating Transfers Out,"$2,472,801 "
2016,Operating Fund Transfers,Department of Aging and Disability Services,7644 - Tpfa Go Coml Papr Ser2008 Dads Prj 1b Fd,7986 - Unexpended Cash Balance Forward – Operating Transfers Out,"$8,442 "
2016,Operating Fund Transfers,Department of Aging and Disability Services,7658 - Tpfa Go Cml Paper Ser2008 Dads Prj 1b Fd,7986 - Unexpended Cash Balance Forward – Operating Transfers Out,"$365,949 "
2016,Operating Fund Transfers,Department of Agriculture,0001 - General Revenue Fund,7986 - Unexpended Cash Balance Forward – Operating Transfers Out,"$384,643 "
2016,Operating Fund Transfers,Department of Agriculture,0183 - Tx Economic Development Fund,7986 - Unexpended Cash Balance Forward – Operating Transfers Out,"$8,496,841 "
2016,Operating Fund Transfers,Department of Agriculture,0364 - Perm Endow Fd Rurl Com Health Care Invst,7986 - Unexpended Cash Balance Forward – Operating Transfers Out,"($10,000)"
2016,Operating Fund Transfers,Department of Agriculture,0683 - Tex Agricultural Fund,7986 - Unexpended Cash Balance Forward – Operating Transfers Out,"$15,922,126 "
2016,Operating Fund Transfers,Department of Agriculture,5047 - Gr Acct-Perm Fd Rural Health Fac Cap Imp,7986 - Unexpended Cash Balance Forward – Operating Transfers Out,"$957,175 "
2016,Operating Fund Transfers,Department of Agriculture,5051 - Gr Acct-Go Texan Partner Program,7986 - Unexpended Cash Balance Forward – Operating Transfers Out,"$162,261 "
2016,Operating Fund Transfers,Department of Assistive and Rehabilitative Services,0422 - Gr Acct-Dept Of Asst & Rehab Svcs,7986 - Unexpended Cash Balance Forward – Operating Transfers Out,"$7,273,298 "
2016,Operating Fund Transfers,Department of Family and Protective Services,5085 - Gr Acct-Child Abuse Neg/Prev Trust,7986 - Unexpended Cash Balance Forward – Operating Transfers Out,"$12,911,330 "
2016,Operating Fund Transfers,Department of State Health Services,0001 - General Revenue Fund,7986 - Unexpended Cash Balance Forward – Operating Transfers Out,"$29,303 "
2016,Operating Fund Transfers,Department of State Health Services,0019 - Gr Acct-Vital Statistics,7986 - Unexpended Cash Balance Forward – Operating Transfers Out,"$9,753,377 "
2016,Operating Fund Transfers,Department of State Health Services,0129 - Gr Acct-Hospital Licensing,7986 - Unexpended Cash Balance Forward – Operating Transfers Out,"$2,572,999 "
2016,Operating Fund Transfers,Department of State Health Services,0273 - Gr Acct-Fed Health & Health Lab Funding,7986 - Unexpended Cash Balance Forward – Operating Transfers Out,"$5,978,293 "
2016,Operating Fund Transfers,Department of State Health Services,0341 - Gr Acct-Food & Drug Retail Fees,7986 - Unexpended Cash Balance Forward – Operating Transfers Out,"$3,669,531 "
2016,Operating Fund Transfers,Department of State Health Services,0512 - Gr Acct-Bureau Of Emergcy Mgt,7986 - Unexpended Cash Balance Forward – Operating Transfers Out,"$450,995 "
2016,Operating Fund Transfers,Department of State Health Services,0802 - License Plate Trust Fund,7986 - Unexpended Cash Balance Forward – Operating Transfers Out,"$69,149 "
2016,Operating Fund Transfers,Department of State Health Services,5009 - Gr Acct-Children W/Spec Healthcare Needs,7986 - Unexpended Cash Balance Forward – Operating Transfers Out,"$743,335 "
2016,Operating Fund Transfers,Department of State Health Services,5017 - Gr Acct-Asbestos Removal Licensure,7986 - Unexpended Cash Balance Forward – Operating Transfers Out,"$15,276,598 "
2016,Operating Fund Transfers,Department of State Health Services,5020 - Gr Acct-Workplace Chemicals List,7986 - Unexpended Cash Balance Forward – Operating Transfers Out,"$1,137,165 "
2016,Operating Fund Transfers,Department of State Health Services,5021 - Gr Acct-Cert Of Mammography Systems,7986 - Unexpended Cash Balance Forward – Operating Transfers Out,"$963,118 "
2016,Operating Fund Transfers,Department of State Health Services,5022 - Gr Acct - Oysters Sales,7986 - Unexpended Cash Balance Forward – Operating Transfers Out,"$336,061 "
2016,Operating Fund Transfers,Department of State Health Services,5024 - Gr Acct-Food & Drug Registration,7986 - Unexpended Cash Balance Forward – Operating Transfers Out,"$5,638,224 "
2016,Operating Fund Transfers,Department of State Health Services,5044 - Gr Acct-Perm Fd Health/Tobacco Ed/Enforc,7986 - Unexpended Cash Balance Forward – Operating Transfers Out,"$1,971,098 "
2016,Operating Fund Transfers,Department of State Health Services,5045 - Gr Acct-Perm Fd Children & Public Health,7986 - Unexpended Cash Balance Forward – Operating Transfers Out,"$41,863 "
2016,Operating Fund Transfers,Department of State Health Services,5046 - Gr Acct-Perm Fd For Ems And Trauma Care,7986 - Unexpended Cash Balance Forward – Operating Transfers Out,"$1,366,498 "
2016,Operating Fund Transfers,Department of State Health Services,5048 - Gr Acct-Perm Hosp Cptl Imp/Ctr Infec Dis,7986 - Unexpended Cash Balance Forward – Operating Transfers Out,"$45,049 "
2016,Operating Fund Transfers,Department of State Health Services,5049 - Gr Acct-St Owned Multicat Teaching Hosp,7986 - Unexpended Cash Balance Forward – Operating Transfers Out,"$5,404,870 "
2016,Operating Fund Transfers,Department of State Health Services,5096 - Gr Acct - Perpetual Care,7986 - Unexpended Cash Balance Forward – Operating Transfers Out,"$11,007 "
2016,Operating Fund Transfers,Department of State Health Services,"5108 - Gr Acct - Ems, Trauma Fac, Trauma Sys",7986 - Unexpended Cash Balance Forward – Operating Transfers Out,"$402,801 "
2016,Operating Fund Transfers,Department of State Health Services,5111 - Gr Acct - Trauma Facility & Ems,7986 - Unexpended Cash Balance Forward – Operating Transfers Out,"$166,711,959 "
2016,Operating Fund Transfers,Department of State Health Services,5125 - Gr Acct - Childhood Immunization,7986 - Unexpended Cash Balance Forward – Operating Transfers Out,"$11,150 "
2016,Operating Fund Transfers,Department of State Health Services,7215 - Tpfa Go Ser2011 Refundg Dshs Project Fd,7986 - Unexpended Cash Balance Forward – Operating Transfers Out,"($11,121)"
2016,Operating Fund Transfers,Department of State Health Services,7639 - Tpfa Cprit Project Fund,7986 - Unexpended Cash Balance Forward – Operating Transfers Out,"$1,552,291 "
2016,Operating Fund Transfers,Department of State Health Services,7660 - Tpfa Go Cml Paper Ser2008 Dshs Prj 1d Fd,7986 - Unexpended Cash Balance Forward – Operating Transfers Out,"$573,520 "
2016,Operating Fund Transfers,District Courts-Comptroller's Judiciary Section,0001 - General Revenue Fund,7986 - Unexpended Cash Balance Forward – Operating Transfers Out,"$16,697,267 "
2016,Operating Fund Transfers,Employees Retirement System of Texas,"0945 - Def Compensation Trust Fd, Ers",7986 - Unexpended Cash Balance Forward – Operating Transfers Out,"$901,363 "
2016,Operating Fund Transfers,Governor-Fiscal,0001 - General Revenue Fund,7986 - Unexpended Cash Balance Forward – Operating Transfers Out,"$5,089,867 "
2016,Operating Fund Transfers,Governor-Fiscal,0224 - Gr Acct-Governors Ofc Federal Proj,7986 - Unexpended Cash Balance Forward – Operating Transfers Out,"$21,109,187 "
2016,Operating Fund Transfers,Governor-Fiscal,0421 - Gr Acct-Crim Justice Planning,7986 - Unexpended Cash Balance Forward – Operating Transfers Out,"$52,244,992 "
2016,Operating Fund Transfers,Governor-Fiscal,0588 - Small Business Incubator Fund,7986 - Unexpended Cash Balance Forward – Operating Transfers Out,"$20,660,174 "
2016,Operating Fund Transfers,Governor-Fiscal,0589 - Texas Product Development Fund,7986 - Unexpended Cash Balance Forward – Operating Transfers Out,"$3,683,736 "
2016,Operating Fund Transfers,Governor-Fiscal,0802 - License Plate Trust Fund,7986 - Unexpended Cash Balance Forward – Operating Transfers Out,"$48,756 "
2016,Operating Fund Transfers,Governor-Fiscal,5003 - Gr Acct-Hotel Occ Tax For Economic Devel,7986 - Unexpended Cash Balance Forward – Operating Transfers Out,"$13,733,819 "
2016,Operating Fund Transfers,Governor-Fiscal,5012 - Gr Acct - Crime Stoppers Assistance,7986 - Unexpended Cash Balance Forward – Operating Transfers Out,"$853,308 "
2016,Operating Fund Transfers,Governor-Fiscal,5106 - Gr Acct - Economic Dev Bank,7986 - Unexpended Cash Balance Forward – Operating Transfers Out,"$16,449,774 "
2016,Operating Fund Transfers,Governor-Fiscal,5107 - Gr Acct - Texas Enterprise,7986 - Unexpended Cash Balance Forward – Operating Transfers Out,"$168,087,225 "
2016,Operating Fund Transfers,Governor-Fiscal,5124 - Gr Acct - Texas Emerging Technology,7986 - Unexpended Cash Balance Forward – Operating Transfers Out,"$103,636,061 "
2016,Operating Fund Transfers,Governor-Fiscal,5161 - Gr-Acct Governor'S Univ Research Initive,7986 - Unexpended Cash Balance Forward – Operating Transfers Out,"$6,400,450 "
2016,Operating Fund Transfers,Governor-Fiscal,7022 - Tpfa Go Ser2007a-1 Tmpc Int & Sink Fd,7986 - Unexpended Cash Balance Forward – Operating Transfers Out,"$17,679 "
2016,Operating Fund Transfers,Governor-Fiscal,7027 - Tpfa Go Ser 2007b Tmpc Int & Sink Fd,7986 - Unexpended Cash Balance Forward – Operating Transfers Out,$159 
2016,Operating Fund Transfers,Parks and Wildlife Department,0001 - General Revenue Fund,7986 - Unexpended Cash Balance Forward – Operating Transfers Out,"$28,305 "
2016,Operating Fund Transfers,Parks and Wildlife Department,"0009 - Gr Account-Game, Fish, Water Safety",7986 - Unexpended Cash Balance Forward – Operating Transfers Out,"$88,692,177 "
2016,Operating Fund Transfers,Parks and Wildlife Department,0064 - Gr Acct-State Parks,7986 - Unexpended Cash Balance Forward – Operating Transfers Out,"$24,745,585 "
2016,Operating Fund Transfers,Parks and Wildlife Department,0467 - Gr Acct-Tx Recreation & Parks,7986 - Unexpended Cash Balance Forward – Operating Transfers Out,"$2,483,155 "
2016,Operating Fund Transfers,Parks and Wildlife Department,0506 - Gr Acct-Non-Game/Endanger Spec,7986 - Unexpended Cash Balance Forward – Operating Transfers Out,"$169,263 "
2016,Operating Fund Transfers,Parks and Wildlife Department,0544 - Gr Acct-Lifetime Lic Endowmt,7986 - Unexpended Cash Balance Forward – Operating Transfers Out,"$19,819,347 "
2016,Operating Fund Transfers,Parks and Wildlife Department,0679 - Gr Acct-Artificial Reef,7986 - Unexpended Cash Balance Forward – Operating Transfers Out,"$8,865,152 "
2016,Operating Fund Transfers,Parks and Wildlife Department,0802 - License Plate Trust Fund,7986 - Unexpended Cash Balance Forward – Operating Transfers Out,"$992,678 "
2016,Operating Fund Transfers,Parks and Wildlife Department,0885 - State Parks Endowment Trust Account,7986 - Unexpended Cash Balance Forward – Operating Transfers Out,"$633,111 "
2016,Operating Fund Transfers,Parks and Wildlife Department,5023 - Gr Acct - Shrimp License Buy Back,7986 - Unexpended Cash Balance Forward – Operating Transfers Out,"$1,110,661 "
2016,Operating Fund Transfers,Parks and Wildlife Department,5150 - Gr Acct-Large Count & Munic Rec & Parks,7986 - Unexpended Cash Balance Forward – Operating Transfers Out,"$393,770 "
2016,Operating Fund Transfers,Parks and Wildlife Department,7647 - Tpfa Go Coml Papr Ser2008 Tpwd Prj 1b Fd,7986 - Unexpended Cash Balance Forward – Operating Transfers Out,"$695,538 "
2016,Operating Fund Transfers,Parks and Wildlife Department,7654 - Tpfa Go Cml Papr Ser2008 Tpwd Proj 1c Fd,7986 - Unexpended Cash Balance Forward – Operating Transfers Out,"$16,115 "
2016,Operating Fund Transfers,Parks and Wildlife Department,7659 - Tpfa Go Cml Papr Ser2008 Tpwd Proj 1d Fd,7986 - Unexpended Cash Balance Forward – Operating Transfers Out,"$66,091 "
2016,Operating Fund Transfers,Prairie View A&M University,0047 - Texas A&M Univ Available Fund,7986 - Unexpended Cash Balance Forward – Operating Transfers Out,"$21,733,110 "
2016,Operating Fund Transfers,State Preservation Board,0804 - Governor'S Mansion Renewal Trust,7986 - Unexpended Cash Balance Forward – Operating Transfers Out,"$785,162 "
2016,Operating Fund Transfers,State Preservation Board,0849 - Bob Bullock Tx St His Museum Local Tr Fd,7986 - Unexpended Cash Balance Forward – Operating Transfers Out,"$1,272,063 "
2016,Operating Fund Transfers,State Preservation Board,0854 - Capital Renewal Trust Fund,7986 - Unexpended Cash Balance Forward – Operating Transfers Out,"$4,153,056 "
2016,Operating Fund Transfers,State Preservation Board,0879 - Capitol Local Trust Fund,7986 - Unexpended Cash Balance Forward – Operating Transfers Out,"$1,644,695 "
2016,Operating Fund Transfers,Texas A&M University (Main University),0047 - Texas A&M Univ Available Fund,7986 - Unexpended Cash Balance Forward – Operating Transfers Out,"$91,415,688 "
2016,Operating Fund Transfers,Texas A&M University System,0047 - Texas A&M Univ Available Fund,7986 - Unexpended Cash Balance Forward – Operating Transfers Out,"$116,289,259 "
2016,Operating Fund Transfers,Texas A&M University System Health Science Center,0047 - Texas A&M Univ Available Fund,7986 - Unexpended Cash Balance Forward – Operating Transfers Out,"$9,982,951 "
2016,Operating Fund Transfers,Texas Commission on Environmental Quality,0088 - Gr-Acct Low-Level Radioactive Waste,7986 - Unexpended Cash Balance Forward – Operating Transfers Out,"$30,971,000 "
2016,Operating Fund Transfers,Texas Commission on Environmental Quality,5071 - Gr Acct-Emissions Reduction Plan,7986 - Unexpended Cash Balance Forward – Operating Transfers Out,"$356,368,000 "
2016,Operating Fund Transfers,Texas Department of Criminal Justice,5060 - Gr Acct-Private Sector Prison Industries,7986 - Unexpended Cash Balance Forward – Operating Transfers Out,"$918,151 "
2016,Operating Fund Transfers,Texas Department of Criminal Justice,7218 - Tpfa Go Ser2011 Refundg Tdcj Project Fd,7986 - Unexpended Cash Balance Forward – Operating Transfers Out,$849 
2016,Operating Fund Transfers,Texas Department of Criminal Justice,7655 - Tpfa Go Cml Papr Ser2008 Tdcj Proj 1d Fd,7986 - Unexpended Cash Balance Forward – Operating Transfers Out,"$1,850,081 "
2016,Operating Fund Transfers,Texas Department of Public Safety,7209 - Tpfa Go Ser2008a Refndg Dps Project Fd,7986 - Unexpended Cash Balance Forward – Operating Transfers Out,"$21,396 "
2016,Operating Fund Transfers,Texas Department of Public Safety,7211 - Tpfa Go Series 2009b Dps Project Fund,7986 - Unexpended Cash Balance Forward – Operating Transfers Out,$1 
2016,Operating Fund Transfers,Texas Department of Public Safety,7629 - Tpfa Go Coml Paper Ser2008 Dps Prj 1a Fd,7986 - Unexpended Cash Balance Forward – Operating Transfers Out,"$719,547 "
2016,Operating Fund Transfers,Texas Department of Public Safety,7648 - Tpfa Go Coml Papr Ser2008 Dps Proj 1b Fd,7986 - Unexpended Cash Balance Forward – Operating Transfers Out,"$177,028 "
2016,Operating Fund Transfers,Texas Department of Public Safety,7656 - Tpfa Go Cml Papr Ser2008 Dps Proj 1c Fd,7986 - Unexpended Cash Balance Forward – Operating Transfers Out,"$180,000 "
2016,Operating Fund Transfers,Texas Department of Transportation,7604 - Tpfa Go Ser2002b Coml Pap Colonia Prj Fd,7986 - Unexpended Cash Balance Forward – Operating Transfers Out,"$500,000 "
2016,Operating Fund Transfers,Texas Education Agency,0002 - Available School Fund,7986 - Unexpended Cash Balance Forward – Operating Transfers Out,"$101,722,458 "
2016,Operating Fund Transfers,Texas Education Agency,0003 - State Technology Instructional Materials,7986 - Unexpended Cash Balance Forward – Operating Transfers Out,"$161,882,146 "
2016,Operating Fund Transfers,Texas Education Agency,0193 - Gr Account-Foundation School,7986 - Unexpended Cash Balance Forward – Operating Transfers Out,"$210,829,752 "
2016,Operating Fund Transfers,Texas Facilities Commission,0001 - General Revenue Fund,7986 - Unexpended Cash Balance Forward – Operating Transfers Out,"$330,190 "
2016,Operating Fund Transfers,Texas Facilities Commission,7207 - Tpfa Go Series 2007 Tfc Project Fund,7986 - Unexpended Cash Balance Forward – Operating Transfers Out,"$17,188 "
2016,Operating Fund Transfers,Texas Facilities Commission,7217 - Tpfa Go Ser2011 Refundg Tfc Project Fd,7986 - Unexpended Cash Balance Forward – Operating Transfers Out,"$541,301 "
2016,Operating Fund Transfers,Texas Facilities Commission,7640 - Tpfa Go Coml Papr Ser 2002a Tfc Prj C Fd,7986 - Unexpended Cash Balance Forward – Operating Transfers Out,"$154,000 "
2016,Operating Fund Transfers,Texas Facilities Commission,7652 - Tpfa Go Cml Paper Ser2008 Tfc Proj 1c Fd,7986 - Unexpended Cash Balance Forward – Operating Transfers Out,"$3,557,895 "
2016,Operating Fund Transfers,Texas Facilities Commission,7657 - Tpfa Go Cml Paper Ser2008 Tfc Proj 1d Fd,7986 - Unexpended Cash Balance Forward – Operating Transfers Out,"$445,797 "
2016,Operating Fund Transfers,Texas Higher Education Coordinating Board,0001 - General Revenue Fund,7986 - Unexpended Cash Balance Forward – Operating Transfers Out,"$212,798 "
2016,Operating Fund Transfers,Texas Higher Education Coordinating Board,0387 - Texas Opportunity Plan Fund,7986 - Unexpended Cash Balance Forward – Operating Transfers Out,"$55,668,001 "
2016,Operating Fund Transfers,Texas Higher Education Coordinating Board,0388 - Tx Coll Student Loan Bond I&S,7986 - Unexpended Cash Balance Forward – Operating Transfers Out,"$122,462,355 "
2016,Operating Fund Transfers,Texas Higher Education Coordinating Board,0601 - Student Loan Auxiliary Fund,7986 - Unexpended Cash Balance Forward – Operating Transfers Out,"$49,136,677 "
2016,Operating Fund Transfers,Texas Higher Education Coordinating Board,0697 - Student Loan Revenue Bond Fund,7986 - Unexpended Cash Balance Forward – Operating Transfers Out,"$87,909 "
2016,Operating Fund Transfers,Texas Higher Education Coordinating Board,0802 - License Plate Trust Fund,7986 - Unexpended Cash Balance Forward – Operating Transfers Out,"$3,011 "
2016,Operating Fund Transfers,Texas Higher Education Coordinating Board,0823 - Perm Endowmnt Fd Baylor Coll Med (Thecb),7986 - Unexpended Cash Balance Forward – Operating Transfers Out,$31 
2016,Operating Fund Transfers,Texas Higher Education Coordinating Board,0824 - Perm Fd Hied Nursing/Allied/Other Health,7986 - Unexpended Cash Balance Forward – Operating Transfers Out,"$1,124,424 "
2016,Operating Fund Transfers,Texas Higher Education Coordinating Board,0825 - Perm Fd Minority Hlth Research/Education,7986 - Unexpended Cash Balance Forward – Operating Transfers Out,"$2,369,626 "
2016,Operating Fund Transfers,Texas Higher Education Coordinating Board,5103 - Gr Acct - Texas B-On-Time Student Loan,7986 - Unexpended Cash Balance Forward – Operating Transfers Out,"$155,803,841 "
2016,Operating Fund Transfers,Texas Higher Education Coordinating Board,5144 - Gr Acct - Physician Educ Loan Repmt Prog,7986 - Unexpended Cash Balance Forward – Operating Transfers Out,"$1,163,115 "
2016,Operating Fund Transfers,Texas Historical Commission,0802 - License Plate Trust Fund,7986 - Unexpended Cash Balance Forward – Operating Transfers Out,"$7,858 "
2016,Operating Fund Transfers,Texas Historical Commission,7213 - Tpfa Go Series 2009b Thc Project Fund,7986 - Unexpended Cash Balance Forward – Operating Transfers Out,"$4,225,379 "
2016,Operating Fund Transfers,Texas Historical Commission,7636 - Tpfa Go Comml Papr Ser2008thc Prj 1a Fnd,7986 - Unexpended Cash Balance Forward – Operating Transfers Out,"$4,342,720 "
2016,Operating Fund Transfers,Texas Lottery Commission,0895 - Lotto Prize Trust Fd,7986 - Unexpended Cash Balance Forward – Operating Transfers Out,"$367,739,448 "
2016,Operating Fund Transfers,Texas Lottery Commission,5025 - Gr Acct-Lottery,7986 - Unexpended Cash Balance Forward – Operating Transfers Out,"$24,173,967 "
2016,Operating Fund Transfers,Texas Military Department,5153 - Gr Acct-Emergency Radio Infrastructure,7986 - Unexpended Cash Balance Forward – Operating Transfers Out,"$24,952 "
2016,Operating Fund Transfers,Texas Military Department,7638 - Tpfa Go Coml Papr Ser2008 Adj Gen Prj 1a,7986 - Unexpended Cash Balance Forward – Operating Transfers Out,"$10,534 "
2016,Operating Fund Transfers,Texas Military Department,7661 - Tpfa Go Cml Paper Ser2008 Tmd Prj 1c Fd,7986 - Unexpended Cash Balance Forward – Operating Transfers Out,"$80,105 "
2016,Operating Fund Transfers,Texas Public Finance Authority,0733 - Tpfa Master Lease Interest/Sinking Fund,7986 - Unexpended Cash Balance Forward – Operating Transfers Out,"$4,174,160 "
2016,Operating Fund Transfers,Texas Public Finance Authority,0844 - Twc Obligation Trust Fund,7986 - Unexpended Cash Balance Forward – Operating Transfers Out,"$17,675 "
2016,Operating Fund Transfers,Texas Public Finance Authority,5044 - Gr Acct-Perm Fd Health/Tobacco Ed/Enforc,7986 - Unexpended Cash Balance Forward – Operating Transfers Out,"$679,781 "
2016,Operating Fund Transfers,Texas Public Finance Authority,5045 - Gr Acct-Perm Fd Children & Public Health,7986 - Unexpended Cash Balance Forward – Operating Transfers Out,"$339,890 "
2016,Operating Fund Transfers,Texas Public Finance Authority,5046 - Gr Acct-Perm Fd For Ems And Trauma Care,7986 - Unexpended Cash Balance Forward – Operating Transfers Out,"$339,890 "
2016,Operating Fund Transfers,Texas Public Finance Authority,7013 - Tpfa Go Ser 2002a Int & Sink Fd,7986 - Unexpended Cash Balance Forward – Operating Transfers Out,$656 
2016,Operating Fund Transfers,Texas Public Finance Authority,7020 - Tpfa Go Ser2002b Coml Pap Colonia Rebate,7986 - Unexpended Cash Balance Forward – Operating Transfers Out,"$120,519 "
2016,Operating Fund Transfers,Texas Public Finance Authority,7035 - Tpfa Go Coml Paper Series 2008 Rebate Fd,7986 - Unexpended Cash Balance Forward – Operating Transfers Out,$36 
2016,Operating Fund Transfers,Texas Public Finance Authority,7058 - Tpfa Go Tax Ser 2014b Refund Intrst&Sink,7986 - Unexpended Cash Balance Forward – Operating Transfers Out,$2 
2016,Operating Fund Transfers,Texas Public Finance Authority,7201 - Tpfa Go Ser 2002a Coml Paper Tdh Proj A,7986 - Unexpended Cash Balance Forward – Operating Transfers Out,"$3,701 "
2016,Operating Fund Transfers,Texas Public Finance Authority,7344 - Tpfa Rev Refund Ser2015b Tmd I&S Fund,7986 - Unexpended Cash Balance Forward – Operating Transfers Out,"$6,607 "
2016,Operating Fund Transfers,Texas Public Finance Authority,7348 - Tpfa Rev Refund Ser2015d Tpwd I&S Fund,7986 - Unexpended Cash Balance Forward – Operating Transfers Out,"$8,684 "
2016,Operating Fund Transfers,Texas Public Finance Authority,7350 - Tpfa Rev Refund Ser2015e Dshs I&S Fund,7986 - Unexpended Cash Balance Forward – Operating Transfers Out,"$4,628 "
2016,Operating Fund Transfers,Texas Southern University,0802 - License Plate Trust Fund,7986 - Unexpended Cash Balance Forward – Operating Transfers Out,"$3,975 "
2016,Operating Fund Transfers,Texas Tech University,0214 - Available Texas University Fund,7986 - Unexpended Cash Balance Forward – Operating Transfers Out,"$38,871,088 "
2016,Operating Fund Transfers,Texas Veterans Commission,0368 - Fund For Veterans' Assistance,7986 - Unexpended Cash Balance Forward – Operating Transfers Out,"$19,498,415 "
2016,Operating Fund Transfers,Texas Water Development Board,0001 - General Revenue Fund,7986 - Unexpended Cash Balance Forward – Operating Transfers Out,"$897,059 "
2016,Operating Fund Transfers,Texas Water Development Board,0302 - Water Infrastructure Fund,7986 - Unexpended Cash Balance Forward – Operating Transfers Out,"$8,283,883 "
2016,Operating Fund Transfers,Texas Water Development Board,0356 - Economicaly Distrs Areas Cl Fd,7986 - Unexpended Cash Balance Forward – Operating Transfers Out,"$28,979 "
2016,Operating Fund Transfers,Texas Water Development Board,0357 - Economic Distrs Area Cl I&S Fd,7986 - Unexpended Cash Balance Forward – Operating Transfers Out,"$5,105 "
2016,Operating Fund Transfers,Texas Water Development Board,0358 - Agrig Water Conservation Fd,7986 - Unexpended Cash Balance Forward – Operating Transfers Out,"$2,014,110 "
2016,Operating Fund Transfers,Texas Water Development Board,0361 - State Water Implementation,7986 - Unexpended Cash Balance Forward – Operating Transfers Out,"$109,504,879 "
2016,Operating Fund Transfers,Texas Water Development Board,0370 - Tx Water Development Fd Ii Clearance Fd,7986 - Unexpended Cash Balance Forward – Operating Transfers Out,"$53,951,747 "
2016,Operating Fund Transfers,Texas Water Development Board,0371 - Tx Water Development Fd Ii,7986 - Unexpended Cash Balance Forward – Operating Transfers Out,"$35,833,193 "
2016,Operating Fund Transfers,Texas Water Development Board,0372 - Tx Water Devel Fd Ii Int & Sink Fund,7986 - Unexpended Cash Balance Forward – Operating Transfers Out,"$50,853 "
2016,Operating Fund Transfers,Texas Water Development Board,0480 - Water Assistance Fund,7986 - Unexpended Cash Balance Forward – Operating Transfers Out,"$4,581,175 "
2016,Operating Fund Transfers,Texas Water Development Board,0481 - Water Loan Assistance Fund,7986 - Unexpended Cash Balance Forward – Operating Transfers Out,"$1,825,000 "
2016,Operating Fund Transfers,Texas Water Development Board,0483 - Research & Planning Fund,7986 - Unexpended Cash Balance Forward – Operating Transfers Out,"$81,410 "
2016,Operating Fund Transfers,Texas Workforce Commission,0925 - Career School/College Tuition Trust Acct,7986 - Unexpended Cash Balance Forward – Operating Transfers Out,"$2,000,000 "
2016,Operating Fund Transfers,University of Houston,0214 - Available Texas University Fund,7986 - Unexpended Cash Balance Forward – Operating Transfers Out,"$16,426,231 "
2016,Operating Fund Transfers,University of Houston,0802 - License Plate Trust Fund,7986 - Unexpended Cash Balance Forward – Operating Transfers Out,"$2,715 "
2016,Operating Fund Transfers,University of Houston-Victoria,0802 - License Plate Trust Fund,7986 - Unexpended Cash Balance Forward – Operating Transfers Out,"$2,211 "
2016,Operating Fund Transfers,University of North Texas System,0288 - Gr Acct-Unt Sys Law School,7986 - Unexpended Cash Balance Forward – Operating Transfers Out,"$62,740 "
2016,Operating Fund Transfers,University of North Texas-Dallas,0292 - Gr Acct-Univ Of North Texas-Dallas Curr,7986 - Unexpended Cash Balance Forward – Operating Transfers Out,"$30,283 "
2016,Operating Fund Transfers,University of Texas Health Science Center at Houston,0822 - Perm Endowmnt Fd Ut Reg Acad Health Ctr,7986 - Unexpended Cash Balance Forward – Operating Transfers Out,"$2,827,305 "
2016,Operating Fund Transfers,University of Texas Health Science Center at San Antonio,0822 - Perm Endowmnt Fd Ut Reg Acad Health Ctr,7986 - Unexpended Cash Balance Forward – Operating Transfers Out,"$1,986,256 "