FISCAL YEAR,CATEGORY,AGENCY,APPROPRIATED FUND,COMPTROLLER OBJECT,AMOUNT
2016,Education,Angelo State University,0001 - General Revenue Fund,7503 - Telecommunications – Long Distance,($0)
2016,Education,Angelo State University,0227 - Gr Acct-Angelo State Univ Curr,7503 - Telecommunications – Long Distance,$0
2016,Education,Sam Houston State University,0001 - General Revenue Fund,7503 - Telecommunications – Long Distance,"$2,114"
2016,Education,Sam Houston State University,0259 - Gr Acct-Sam Houston St Unv Cur,7503 - Telecommunications – Long Distance,"$3,103"
2016,Education,Sam Houston State University,0581 - Gr Acct-B Blackwood Law Enf Mng Inst,7503 - Telecommunications – Long Distance,"$6,289"
2016,Education,Sam Houston State University,5083 - Gr Acct-Corr Mngmt Inst & Crim Justice C,7503 - Telecommunications – Long Distance,$888
2016,Education,Texas A&M AgriLife Extension Service,0001 - General Revenue Fund,7503 - Telecommunications – Long Distance,"$10,867"
2016,Education,Texas A&M AgriLife Research,0001 - General Revenue Fund,7503 - Telecommunications – Long Distance,"$4,671"
2016,Education,Texas A&M Engineering Experiment Station,0001 - General Revenue Fund,7503 - Telecommunications – Long Distance,$106
2016,Education,Texas A&M Engineering Extension Service,0001 - General Revenue Fund,7503 - Telecommunications – Long Distance,"$3,023"
2016,Education,Texas A&M Forest Service,0001 - General Revenue Fund,7503 - Telecommunications – Long Distance,"$4,876"
2016,Education,Texas A&M Forest Service,0036 - Gr Acct-Tx Dept Ins Operating,7503 - Telecommunications – Long Distance,"$8,377"
2016,Education,Texas A&M Forest Service,5064 - Gr Acct - Volunteer Fire Dept Assistance,7503 - Telecommunications – Long Distance,"$1,253"
2016,Education,Texas A&M Forest Service,5066 - Gr Acct-Rural Volunteer Fire Dept Insura,7503 - Telecommunications – Long Distance,$826
2016,Education,Texas A&M University (Main University),0001 - General Revenue Fund,7503 - Telecommunications – Long Distance,$430
2016,Education,Texas A&M University System,0001 - General Revenue Fund,7503 - Telecommunications – Long Distance,$51
2016,Education,Texas A&M University System,0047 - Texas A&M Univ Available Fund,7503 - Telecommunications – Long Distance,"$7,686"
2016,Education,Texas A&M University System Health Science Center,0001 - General Revenue Fund,7503 - Telecommunications – Long Distance,"$5,715"
2016,Education,Texas A&M University System Health Science Center,0289 - Gr Acct-Tx A&M Univ-System Hsc,7503 - Telecommunications – Long Distance,$351
2016,Education,Texas A&M University System Health Science Center,0818 - Permanent Endowment Fund Tx A&M Hsc,7503 - Telecommunications – Long Distance,$780
2016,Education,Texas A&M University-Corpus Christi,0001 - General Revenue Fund,7503 - Telecommunications – Long Distance,"$2,872"
2016,Education,Texas A&M University-Kingsville,0001 - General Revenue Fund,7503 - Telecommunications – Long Distance,$322
2016,Education,Texas A&M Veterinary Medical Diagnostic Laboratory,0001 - General Revenue Fund,7503 - Telecommunications – Long Distance,"$8,876"
2016,Education,Texas Education Agency,0001 - General Revenue Fund,7503 - Telecommunications – Long Distance,$794
2016,Education,Texas Education Agency,0003 - State Technology Instructional Materials,7503 - Telecommunications – Long Distance,$12
2016,Education,Texas Education Agency,0044 - Permanent School Fund,7503 - Telecommunications – Long Distance,$211
2016,Education,Texas Education Agency,0148 - Gr Acct-Fed Health/Ed/Welfare,7503 - Telecommunications – Long Distance,"$1,400"
2016,Education,Texas Higher Education Coordinating Board,0001 - General Revenue Fund,7503 - Telecommunications – Long Distance,"$1,394"
2016,Education,Texas School for the Blind and Visually Impaired,0001 - General Revenue Fund,7503 - Telecommunications – Long Distance,$547
2016,Education,Texas State Technical College System,0001 - General Revenue Fund,7503 - Telecommunications – Long Distance,"$16,966"
2016,Education,Texas State Technical College System,0237 - Gr Acct-Tx St Tech Coll Sys Curr,7503 - Telecommunications – Long Distance,$1
2016,Education,University of Houston-Clear Lake,0001 - General Revenue Fund,7503 - Telecommunications – Long Distance,$60
2016,Education,University of Houston-Clear Lake,0229 - Gr Acct-U Of H Clear Lake Curr,7503 - Telecommunications – Long Distance,$297
2016,Education,University of North Texas,0001 - General Revenue Fund,7503 - Telecommunications – Long Distance,$1
2016,Education,University of North Texas Health Science Center at Fort Worth,0001 - General Revenue Fund,7503 - Telecommunications – Long Distance,"$2,042"
2016,Education,University of Texas at Austin,0001 - General Revenue Fund,7503 - Telecommunications – Long Distance,"$3,020"
2016,Education,University of Texas at Austin,0011 - Available University Fund,7503 - Telecommunications – Long Distance,"$5,521"
2016,Education,University of Texas at Austin,0248 - Gr Acct-Univ Tx At Austin Curr,7503 - Telecommunications – Long Distance,$418
2016,Education,University of Texas at El Paso,0001 - General Revenue Fund,7503 - Telecommunications – Long Distance,$0
2016,Education,University of Texas at El Paso,0817 - Permanent Endowment Fund Ut At El Paso,7503 - Telecommunications – Long Distance,$2
2016,Education,University of Texas Medical Branch at Galveston,0810 - Permanent Health Fund For Higher Ed,7503 - Telecommunications – Long Distance,$853
2016,Education,University of Texas Medical Branch at Galveston,0814 - Perm Endowmt Fd Ut Med Branch Galveston,7503 - Telecommunications – Long Distance,$165
2016,Education,University of Texas of the Permian Basin,0001 - General Revenue Fund,7503 - Telecommunications – Long Distance,"$6,045"
2016,Education,University of Texas of the Permian Basin,0251 - Gr Acct-Ut Permian Basin Curr,7503 - Telecommunications – Long Distance,$401
2016,Education,University of Texas Southwestern Medical Center,0813 - Perm Endowmt Fd Utsw Medical Center,7503 - Telecommunications – Long Distance,$118
2016,Education,University of Texas System,0011 - Available University Fund,7503 - Telecommunications – Long Distance,$467
2016,Education,West Texas A&M University,0001 - General Revenue Fund,7503 - Telecommunications – Long Distance,"$11,392"
2016,Education,West Texas A&M University,0263 - Gr Acct-West Tex A&M University Current,7503 - Telecommunications – Long Distance,"$10,709"
2016,Employee Benefits,Employees Retirement System of Texas,0929 - Social Security Admin Tr Acct,7503 - Telecommunications – Long Distance,$56
2016,Employee Benefits,Employees Retirement System of Texas,0943 - St Emp Cafeteria Plan Tr Fd,7503 - Telecommunications – Long Distance,$265
2016,Employee Benefits,Employees Retirement System of Texas,"0945 - Def Compensation Trust Fd, Ers",7503 - Telecommunications – Long Distance,$76
2016,Employee Benefits,Employees Retirement System of Texas,0946 - Texasaver Trust Fund,7503 - Telecommunications – Long Distance,$140
2016,Employee Benefits,Employees Retirement System of Texas,0955 - S.E.R.S. Trust Account,7503 - Telecommunications – Long Distance,"$45,456"
2016,Employee Benefits,Employees Retirement System of Texas,0973 - Employee Ins Benefit Trust Acct,7503 - Telecommunications – Long Distance,"$5,627"
2016,Employee Benefits,Employees Retirement System of Texas,0977 - Law Enf/Cust Off Supp Retmt Fd,7503 - Telecommunications – Long Distance,$936
2016,Employee Benefits,Employees Retirement System of Texas,0993 - Jud Ret Sys-Plan Two Trust Fd,7503 - Telecommunications – Long Distance,$141
2016,General Government,Attorney General,0001 - General Revenue Fund,7503 - Telecommunications – Long Distance,"$36,312"
2016,General Government,Attorney General,0006 - State Highway Fund,7503 - Telecommunications – Long Distance,$15
2016,General Government,Attorney General,0469 - Gr Acct-Comp To Victims Of Crime,7503 - Telecommunications – Long Distance,$820
2016,General Government,Comptroller of Public Accounts,0001 - General Revenue Fund,7503 - Telecommunications – Long Distance,$956
2016,General Government,Court of Appeals-Eighth Court of Appeals District,0001 - General Revenue Fund,7503 - Telecommunications – Long Distance,$164
2016,General Government,Court of Appeals-Fifth Court of Appeals District,0001 - General Revenue Fund,7503 - Telecommunications – Long Distance,"$1,245"
2016,General Government,Court of Appeals-Seventh Court of Appeals District,0001 - General Revenue Fund,7503 - Telecommunications – Long Distance,$183
2016,General Government,Court of Appeals-Tenth Court of Appeals District,0001 - General Revenue Fund,7503 - Telecommunications – Long Distance,$152
2016,General Government,Court of Appeals-Twelfth Court of Appeals District,0001 - General Revenue Fund,7503 - Telecommunications – Long Distance,$102
2016,General Government,Governor-Executive,0001 - General Revenue Fund,7503 - Telecommunications – Long Distance,$181
2016,General Government,Governor-Fiscal,0001 - General Revenue Fund,7503 - Telecommunications – Long Distance,$795
2016,General Government,Governor-Fiscal,0224 - Gr Acct-Governors Ofc Federal Proj,7503 - Telecommunications – Long Distance,$3
2016,General Government,Governor-Fiscal,0421 - Gr Acct-Crim Justice Planning,7503 - Telecommunications – Long Distance,$14
2016,General Government,Governor-Fiscal,5003 - Gr Acct-Hotel Occ Tax For Economic Devel,7503 - Telecommunications – Long Distance,$41
2016,General Government,Governor-Fiscal,5106 - Gr Acct - Economic Dev Bank,7503 - Telecommunications – Long Distance,$135
2016,General Government,Governor-Fiscal,5161 - Gr-Acct Governor'S Univ Research Initive,7503 - Telecommunications – Long Distance,$7
2016,General Government,House of Representatives,0001 - General Revenue Fund,7503 - Telecommunications – Long Distance,$217
2016,General Government,Office of Capital and Forensic Writs,5073 - Gr Acct-Fair Defense,7503 - Telecommunications – Long Distance,$27
2016,General Government,Office of Court Administration,0001 - General Revenue Fund,7503 - Telecommunications – Long Distance,$3
2016,General Government,Secretary of State,0001 - General Revenue Fund,7503 - Telecommunications – Long Distance,$342
2016,General Government,Senate,0001 - General Revenue Fund,7503 - Telecommunications – Long Distance,"$2,649"
2016,General Government,Texas Commission on the Arts,0001 - General Revenue Fund,7503 - Telecommunications – Long Distance,$569
2016,General Government,Texas Department of Housing and Community Affairs,0001 - General Revenue Fund,7503 - Telecommunications – Long Distance,"$3,085"
2016,General Government,Texas Historical Commission,0001 - General Revenue Fund,7503 - Telecommunications – Long Distance,$690
2016,General Government,Texas Lottery Commission,5025 - Gr Acct-Lottery,7503 - Telecommunications – Long Distance,$45
2016,General Government,Texas State Library and Archives Commission,0001 - General Revenue Fund,7503 - Telecommunications – Long Distance,$865
2016,General Government,Texas State Library and Archives Commission,0118 - Gr Acct-Fed Pub Library Svc,7503 - Telecommunications – Long Distance,$202
2016,Health and Human Services,Department of Aging and Disability Services,0001 - General Revenue Fund,7503 - Telecommunications – Long Distance,"$1,014"
2016,Health and Human Services,Department of Family and Protective Services,0001 - General Revenue Fund,7503 - Telecommunications – Long Distance,"$97,543"
2016,Health and Human Services,Department of State Health Services,0001 - General Revenue Fund,7503 - Telecommunications – Long Distance,"$4,029"
2016,Health and Human Services,Department of State Health Services,0273 - Gr Acct-Fed Health & Health Lab Funding,7503 - Telecommunications – Long Distance,$45
2016,Health and Human Services,Department of State Health Services,5022 - Gr Acct - Oysters Sales,7503 - Telecommunications – Long Distance,$207
2016,Health and Human Services,Department of State Health Services,5024 - Gr Acct-Food & Drug Registration,7503 - Telecommunications – Long Distance,$72
2016,Health and Human Services,Department of State Health Services,5045 - Gr Acct-Perm Fd Children & Public Health,7503 - Telecommunications – Long Distance,$88
2016,Health and Human Services,Health and Human Services Commission,0001 - General Revenue Fund,7503 - Telecommunications – Long Distance,"$144,278"
2016,Health and Human Services,Texas Veterans Commission,0001 - General Revenue Fund,7503 - Telecommunications – Long Distance,"$1,330"
2016,Health and Human Services,Texas Veterans Commission,0368 - Fund For Veterans' Assistance,7503 - Telecommunications – Long Distance,$29
2016,Health and Human Services,Texas Workforce Commission,0001 - General Revenue Fund,7503 - Telecommunications – Long Distance,$19
2016,Health and Human Services,Texas Workforce Commission,0165 - Gr Acct-Unemp Comp Spec Admin,7503 - Telecommunications – Long Distance,$19
2016,Health and Human Services,Texas Workforce Commission,5026 - Gr Acct-Workforce Commission Federal,7503 - Telecommunications – Long Distance,$570
2016,Natural Resources/Recreational Services,Department of Agriculture,0001 - General Revenue Fund,7503 - Telecommunications – Long Distance,$328
2016,Natural Resources/Recreational Services,General Land Office,0027 - Gr Acct-Coastal Protection,7503 - Telecommunications – Long Distance,$184
2016,Natural Resources/Recreational Services,General Land Office,0044 - Permanent School Fund,7503 - Telecommunications – Long Distance,"$5,081"
2016,Natural Resources/Recreational Services,Parks and Wildlife Department,0001 - General Revenue Fund,7503 - Telecommunications – Long Distance,$32
2016,Natural Resources/Recreational Services,Parks and Wildlife Department,"0009 - Gr Account-Game, Fish, Water Safety",7503 - Telecommunications – Long Distance,"$3,323"
2016,Natural Resources/Recreational Services,Parks and Wildlife Department,0064 - Gr Acct-State Parks,7503 - Telecommunications – Long Distance,"$1,554"
2016,Natural Resources/Recreational Services,Parks and Wildlife Department,0802 - License Plate Trust Fund,7503 - Telecommunications – Long Distance,$7
2016,Natural Resources/Recreational Services,Parks and Wildlife Department,7654 - Tpfa Go Cml Papr Ser2008 Tpwd Proj 1c Fd,7503 - Telecommunications – Long Distance,$2
2016,Natural Resources/Recreational Services,Parks and Wildlife Department,7659 - Tpfa Go Cml Papr Ser2008 Tpwd Proj 1d Fd,7503 - Telecommunications – Long Distance,$9
2016,Natural Resources/Recreational Services,Railroad Commission of Texas,5155 - Gr Acct - Oil And Gas Regult And Cleanup,7503 - Telecommunications – Long Distance,"$2,052"
2016,Natural Resources/Recreational Services,Soil and Water Conservation Board,0001 - General Revenue Fund,7503 - Telecommunications – Long Distance,"$2,763"
2016,Natural Resources/Recreational Services,Texas Commission on Environmental Quality,0549 - Gr Acct-Waste Management,7503 - Telecommunications – Long Distance,"$3,177"
2016,Natural Resources/Recreational Services,Texas Commission on Environmental Quality,0550 - Gr Acct-Haz & Sol Waste Rem Fees,7503 - Telecommunications – Long Distance,$306
2016,Public Safety and Corrections,Texas Department of Criminal Justice,0001 - General Revenue Fund,7503 - Telecommunications – Long Distance,"$27,666"
2016,Public Safety and Corrections,Texas Department of Public Safety,0001 - General Revenue Fund,7503 - Telecommunications – Long Distance,"$11,826"
2016,Public Safety and Corrections,Texas Department of Public Safety,0006 - State Highway Fund,7503 - Telecommunications – Long Distance,$514
2016,Public Safety and Corrections,Texas Department of Public Safety,0092 - Gr Acct-Federal Disaster,7503 - Telecommunications – Long Distance,$1
2016,Public Safety and Corrections,Texas Department of Public Safety,0501 - Gr Acct-Motorcycle Education,7503 - Telecommunications – Long Distance,$0
2016,Public Safety and Corrections,Texas Juvenile Justice Department,0001 - General Revenue Fund,7503 - Telecommunications – Long Distance,"$3,457"
2016,Public Safety and Corrections,Texas Military Department,0449 - Gr Acct-Texas Military,7503 - Telecommunications – Long Distance,$12
2016,Regulatory Services,Board of Plumbing Examiners,0001 - General Revenue Fund,7503 - Telecommunications – Long Distance,$11
2016,Regulatory Services,State Securities Board,0001 - General Revenue Fund,7503 - Telecommunications – Long Distance,$429
2016,Regulatory Services,Texas Alcoholic Beverage Commission,0001 - General Revenue Fund,7503 - Telecommunications – Long Distance,$134
2016,Regulatory Services,Texas Board of Chiropractic Examiners,0001 - General Revenue Fund,7503 - Telecommunications – Long Distance,($570)
2016,Regulatory Services,Texas Board of Nursing,0001 - General Revenue Fund,7503 - Telecommunications – Long Distance,$253
2016,Regulatory Services,Texas Department of Banking,1008 - Tx Dept Of Banking Local Operating Fund,7503 - Telecommunications – Long Distance,$683
2016,Regulatory Services,Texas Department of Insurance,0036 - Gr Acct-Tx Dept Ins Operating,7503 - Telecommunications – Long Distance,"$3,150"
2016,Regulatory Services,Texas Department of Licensing and Regulation,0001 - General Revenue Fund,7503 - Telecommunications – Long Distance,$670
2016,Regulatory Services,Texas Medical Board,0001 - General Revenue Fund,7503 - Telecommunications – Long Distance,$452
2016,Regulatory Services,Texas Medical Board,5105 - Gr Acct - Public Assurance,7503 - Telecommunications – Long Distance,$13
2016,Regulatory Services,Texas Real Estate Commission,1005 - Tx Real Estate Comm Local Operating Fund,7503 - Telecommunications – Long Distance,$47
2016,Regulatory Services,Texas State Board of Pharmacy,0001 - General Revenue Fund,7503 - Telecommunications – Long Distance,$26
2016,Transportation,Texas Department of Motor Vehicles,0001 - General Revenue Fund,7503 - Telecommunications – Long Distance,$922
2016,Transportation,Texas Department of Transportation,0006 - State Highway Fund,7503 - Telecommunications – Long Distance,"$11,136"
2017,Education,Sam Houston State University,0001 - General Revenue Fund,7503 - Telecommunications – Long Distance,$91
2017,Education,Sam Houston State University,0259 - Gr Acct-Sam Houston St Unv Cur,7503 - Telecommunications – Long Distance,"$2,479"
2017,Education,Sam Houston State University,0581 - Gr Acct-B Blackwood Law Enf Mng Inst,7503 - Telecommunications – Long Distance,"$2,042"
2017,Education,Sam Houston State University,5083 - Gr Acct-Corr Mngmt Inst & Crim Justice C,7503 - Telecommunications – Long Distance,$888
2017,Education,Texas A&M AgriLife Extension Service,0001 - General Revenue Fund,7503 - Telecommunications – Long Distance,"$9,344"
2017,Education,Texas A&M AgriLife Research,0001 - General Revenue Fund,7503 - Telecommunications – Long Distance,"$7,652"
2017,Education,Texas A&M Engineering Experiment Station,0001 - General Revenue Fund,7503 - Telecommunications – Long Distance,$59
2017,Education,Texas A&M Engineering Extension Service,0001 - General Revenue Fund,7503 - Telecommunications – Long Distance,"$2,461"
2017,Education,Texas A&M Forest Service,0001 - General Revenue Fund,7503 - Telecommunications – Long Distance,"$3,379"
2017,Education,Texas A&M Forest Service,0036 - Gr Acct-Tx Dept Ins Operating,7503 - Telecommunications – Long Distance,"$13,767"
2017,Education,Texas A&M Forest Service,5064 - Gr Acct - Volunteer Fire Dept Assistance,7503 - Telecommunications – Long Distance,"$2,567"
2017,Education,Texas A&M Forest Service,5066 - Gr Acct-Rural Volunteer Fire Dept Insura,7503 - Telecommunications – Long Distance,$499
2017,Education,Texas A&M University (Main University),0001 - General Revenue Fund,7503 - Telecommunications – Long Distance,$72
2017,Education,Texas A&M University System,0047 - Texas A&M Univ Available Fund,7503 - Telecommunications – Long Distance,"$4,766"
2017,Education,Texas A&M University System Health Science Center,0001 - General Revenue Fund,7503 - Telecommunications – Long Distance,"$18,497"
2017,Education,Texas A&M University System Health Science Center,0289 - Gr Acct-Tx A&M Univ-System Hsc,7503 - Telecommunications – Long Distance,$401
2017,Education,Texas A&M University System Health Science Center,0810 - Permanent Health Fund For Higher Ed,7503 - Telecommunications – Long Distance,$168
2017,Education,Texas A&M University System Health Science Center,0818 - Permanent Endowment Fund Tx A&M Hsc,7503 - Telecommunications – Long Distance,$199
2017,Education,Texas A&M University-Corpus Christi,0001 - General Revenue Fund,7503 - Telecommunications – Long Distance,$661
2017,Education,Texas A&M University-Kingsville,0001 - General Revenue Fund,7503 - Telecommunications – Long Distance,$163
2017,Education,Texas A&M Veterinary Medical Diagnostic Laboratory,0001 - General Revenue Fund,7503 - Telecommunications – Long Distance,"$6,505"
2017,Education,Texas Education Agency,0001 - General Revenue Fund,7503 - Telecommunications – Long Distance,"$1,099"
2017,Education,Texas Education Agency,0003 - State Technology Instructional Materials,7503 - Telecommunications – Long Distance,$4
2017,Education,Texas Education Agency,0044 - Permanent School Fund,7503 - Telecommunications – Long Distance,$219
2017,Education,Texas Education Agency,0148 - Gr Acct-Fed Health/Ed/Welfare,7503 - Telecommunications – Long Distance,"$1,528"
2017,Education,Texas Higher Education Coordinating Board,0001 - General Revenue Fund,7503 - Telecommunications – Long Distance,"$1,685"
2017,Education,Texas School for the Blind and Visually Impaired,0001 - General Revenue Fund,7503 - Telecommunications – Long Distance,$612
2017,Education,Texas State Technical College System,0001 - General Revenue Fund,7503 - Telecommunications – Long Distance,"$14,259"
2017,Education,Texas State Technical College System,0237 - Gr Acct-Tx St Tech Coll Sys Curr,7503 - Telecommunications – Long Distance,"$1,062"
2017,Education,Texas State University,0001 - General Revenue Fund,7503 - Telecommunications – Long Distance,$40
2017,Education,University of Houston-Clear Lake,0001 - General Revenue Fund,7503 - Telecommunications – Long Distance,$77
2017,Education,University of Houston-Clear Lake,0229 - Gr Acct-U Of H Clear Lake Curr,7503 - Telecommunications – Long Distance,$9
2017,Education,University of North Texas,0001 - General Revenue Fund,7503 - Telecommunications – Long Distance,$13
2017,Education,University of North Texas Health Science Center at Fort Worth,0001 - General Revenue Fund,7503 - Telecommunications – Long Distance,"$6,346"
2017,Education,University of North Texas Health Science Center at Fort Worth,0280 - Gr Acct-Univ Of North Texas Hsc Current,7503 - Telecommunications – Long Distance,$124
2017,Education,University of North Texas System,0001 - General Revenue Fund,7503 - Telecommunications – Long Distance,"$5,799"
2017,Education,University of Texas at Austin,0001 - General Revenue Fund,7503 - Telecommunications – Long Distance,"$1,681"
2017,Education,University of Texas at Austin,0011 - Available University Fund,7503 - Telecommunications – Long Distance,"$1,523"
2017,Education,University of Texas at Austin,0248 - Gr Acct-Univ Tx At Austin Curr,7503 - Telecommunications – Long Distance,"$1,335"
2017,Education,University of Texas at El Paso,0001 - General Revenue Fund,7503 - Telecommunications – Long Distance,$721
2017,Education,University of Texas at El Paso,0817 - Permanent Endowment Fund Ut At El Paso,7503 - Telecommunications – Long Distance,$72
2017,Education,University of Texas Medical Branch at Galveston,0810 - Permanent Health Fund For Higher Ed,7503 - Telecommunications – Long Distance,$869
2017,Education,University of Texas Medical Branch at Galveston,0814 - Perm Endowmt Fd Ut Med Branch Galveston,7503 - Telecommunications – Long Distance,$59
2017,Education,University of Texas of the Permian Basin,0001 - General Revenue Fund,7503 - Telecommunications – Long Distance,"$12,160"
2017,Education,University of Texas of the Permian Basin,0251 - Gr Acct-Ut Permian Basin Curr,7503 - Telecommunications – Long Distance,"$3,522"
2017,Education,University of Texas Rio Grande Valley,0001 - General Revenue Fund,7503 - Telecommunications – Long Distance,$63
2017,Education,University of Texas System,0011 - Available University Fund,7503 - Telecommunications – Long Distance,$162
2017,Education,West Texas A&M University,0263 - Gr Acct-West Tex A&M University Current,7503 - Telecommunications – Long Distance,"$19,897"
2017,Employee Benefits,Employees Retirement System of Texas,0929 - Social Security Admin Tr Acct,7503 - Telecommunications – Long Distance,$145
2017,Employee Benefits,Employees Retirement System of Texas,0943 - St Emp Cafeteria Plan Tr Fd,7503 - Telecommunications – Long Distance,"$1,186"
2017,Employee Benefits,Employees Retirement System of Texas,"0945 - Def Compensation Trust Fd, Ers",7503 - Telecommunications – Long Distance,$268
2017,Employee Benefits,Employees Retirement System of Texas,0946 - Texasaver Trust Fund,7503 - Telecommunications – Long Distance,$591
2017,Employee Benefits,Employees Retirement System of Texas,0955 - S.E.R.S. Trust Account,7503 - Telecommunications – Long Distance,"$61,545"
2017,Employee Benefits,Employees Retirement System of Texas,0973 - Employee Ins Benefit Trust Acct,7503 - Telecommunications – Long Distance,"$49,578"
2017,Employee Benefits,Employees Retirement System of Texas,0977 - Law Enf/Cust Off Supp Retmt Fd,7503 - Telecommunications – Long Distance,"$3,472"
2017,Employee Benefits,Employees Retirement System of Texas,0993 - Jud Ret Sys-Plan Two Trust Fd,7503 - Telecommunications – Long Distance,$749
2017,General Government,Attorney General,0001 - General Revenue Fund,7503 - Telecommunications – Long Distance,"$30,101"
2017,General Government,Attorney General,0036 - Gr Acct-Tx Dept Ins Operating,7503 - Telecommunications – Long Distance,$899
2017,General Government,Attorney General,0469 - Gr Acct-Comp To Victims Of Crime,7503 - Telecommunications – Long Distance,$352
2017,General Government,Attorney General,5010 - Gr Acct - Sexual Assault Program,7503 - Telecommunications – Long Distance,$197
2017,General Government,Comptroller of Public Accounts,0001 - General Revenue Fund,7503 - Telecommunications – Long Distance,"$1,079"
2017,General Government,Court of Appeals-Eighth Court of Appeals District,0001 - General Revenue Fund,7503 - Telecommunications – Long Distance,$267
2017,General Government,Court of Appeals-Fifth Court of Appeals District,0001 - General Revenue Fund,7503 - Telecommunications – Long Distance,$739
2017,General Government,Court of Appeals-Seventh Court of Appeals District,0001 - General Revenue Fund,7503 - Telecommunications – Long Distance,$185
2017,General Government,Court of Appeals-Tenth Court of Appeals District,0001 - General Revenue Fund,7503 - Telecommunications – Long Distance,$159
2017,General Government,Court of Appeals-Twelfth Court of Appeals District,0001 - General Revenue Fund,7503 - Telecommunications – Long Distance,$707
2017,General Government,Governor-Executive,0001 - General Revenue Fund,7503 - Telecommunications – Long Distance,$246
2017,General Government,Governor-Fiscal,0001 - General Revenue Fund,7503 - Telecommunications – Long Distance,"$1,097"
2017,General Government,Governor-Fiscal,0224 - Gr Acct-Governors Ofc Federal Proj,7503 - Telecommunications – Long Distance,$37
2017,General Government,Governor-Fiscal,0421 - Gr Acct-Crim Justice Planning,7503 - Telecommunications – Long Distance,$229
2017,General Government,Governor-Fiscal,5003 - Gr Acct-Hotel Occ Tax For Economic Devel,7503 - Telecommunications – Long Distance,$30
2017,General Government,Governor-Fiscal,5106 - Gr Acct - Economic Dev Bank,7503 - Telecommunications – Long Distance,$300
2017,General Government,House of Representatives,0001 - General Revenue Fund,7503 - Telecommunications – Long Distance,$330
2017,General Government,Office of Capital and Forensic Writs,5073 - Gr Acct-Fair Defense,7503 - Telecommunications – Long Distance,$747
2017,General Government,Office of Court Administration,0001 - General Revenue Fund,7503 - Telecommunications – Long Distance,$65
2017,General Government,Secretary of State,0001 - General Revenue Fund,7503 - Telecommunications – Long Distance,"$1,471"
2017,General Government,Senate,0001 - General Revenue Fund,7503 - Telecommunications – Long Distance,"$2,727"
2017,General Government,Texas Historical Commission,0001 - General Revenue Fund,7503 - Telecommunications – Long Distance,$483
2017,General Government,Texas Lottery Commission,5025 - Gr Acct-Lottery,7503 - Telecommunications – Long Distance,$39
2017,General Government,Texas State Library and Archives Commission,0001 - General Revenue Fund,7503 - Telecommunications – Long Distance,"$2,442"
2017,General Government,Texas State Library and Archives Commission,0118 - Gr Acct-Fed Pub Library Svc,7503 - Telecommunications – Long Distance,$84
2017,Health and Human Services,Department of Aging and Disability Services,0001 - General Revenue Fund,7503 - Telecommunications – Long Distance,"$2,216"
2017,Health and Human Services,Department of Family and Protective Services,0001 - General Revenue Fund,7503 - Telecommunications – Long Distance,"$110,634"
2017,Health and Human Services,Department of State Health Services,0001 - General Revenue Fund,7503 - Telecommunications – Long Distance,"$4,645"
2017,Health and Human Services,Department of State Health Services,0273 - Gr Acct-Fed Health & Health Lab Funding,7503 - Telecommunications – Long Distance,$138
2017,Health and Human Services,Health and Human Services Commission,0001 - General Revenue Fund,7503 - Telecommunications – Long Distance,"$63,318"
2017,Health and Human Services,Texas Veterans Commission,0001 - General Revenue Fund,7503 - Telecommunications – Long Distance,"$1,152"
2017,Health and Human Services,Texas Veterans Commission,0368 - Fund For Veterans' Assistance,7503 - Telecommunications – Long Distance,$6
2017,Health and Human Services,Texas Workforce Commission,0001 - General Revenue Fund,7503 - Telecommunications – Long Distance,$36
2017,Health and Human Services,Texas Workforce Commission,0165 - Gr Acct-Unemp Comp Spec Admin,7503 - Telecommunications – Long Distance,$87
2017,Health and Human Services,Texas Workforce Commission,0492 - Gr Acct-Bus Enterprise Prog,7503 - Telecommunications – Long Distance,$0
2017,Health and Human Services,Texas Workforce Commission,5026 - Gr Acct-Workforce Commission Federal,7503 - Telecommunications – Long Distance,"$3,245"
2017,Natural Resources/Recreational Services,Department of Agriculture,0001 - General Revenue Fund,7503 - Telecommunications – Long Distance,$49
2017,Natural Resources/Recreational Services,General Land Office,0027 - Gr Acct-Coastal Protection,7503 - Telecommunications – Long Distance,"$4,319"
2017,Natural Resources/Recreational Services,General Land Office,0044 - Permanent School Fund,7503 - Telecommunications – Long Distance,"$2,108"
2017,Natural Resources/Recreational Services,Parks and Wildlife Department,0001 - General Revenue Fund,7503 - Telecommunications – Long Distance,$13
2017,Natural Resources/Recreational Services,Parks and Wildlife Department,"0009 - Gr Account-Game, Fish, Water Safety",7503 - Telecommunications – Long Distance,"$4,639"
2017,Natural Resources/Recreational Services,Parks and Wildlife Department,0064 - Gr Acct-State Parks,7503 - Telecommunications – Long Distance,"$6,529"
2017,Natural Resources/Recreational Services,Parks and Wildlife Department,0467 - Gr Acct-Tx Recreation & Parks,7503 - Telecommunications – Long Distance,$1
2017,Natural Resources/Recreational Services,Parks and Wildlife Department,0802 - License Plate Trust Fund,7503 - Telecommunications – Long Distance,$1
2017,Natural Resources/Recreational Services,Railroad Commission of Texas,5155 - Gr Acct - Oil And Gas Regult And Cleanup,7503 - Telecommunications – Long Distance,"$3,461"
2017,Natural Resources/Recreational Services,Soil and Water Conservation Board,0001 - General Revenue Fund,7503 - Telecommunications – Long Distance,"$2,698"
2017,Natural Resources/Recreational Services,Texas Commission on Environmental Quality,0549 - Gr Acct-Waste Management,7503 - Telecommunications – Long Distance,"$3,215"
2017,Natural Resources/Recreational Services,Texas Water Development Board,0001 - General Revenue Fund,7503 - Telecommunications – Long Distance,$5
2017,Public Safety and Corrections,Texas Department of Criminal Justice,0001 - General Revenue Fund,7503 - Telecommunications – Long Distance,"$16,637"
2017,Public Safety and Corrections,Texas Department of Public Safety,0001 - General Revenue Fund,7503 - Telecommunications – Long Distance,"$3,121"
2017,Public Safety and Corrections,Texas Department of Public Safety,0006 - State Highway Fund,7503 - Telecommunications – Long Distance,$10
2017,Public Safety and Corrections,Texas Department of Public Safety,0092 - Gr Acct-Federal Disaster,7503 - Telecommunications – Long Distance,$2
2017,Public Safety and Corrections,Texas Juvenile Justice Department,0001 - General Revenue Fund,7503 - Telecommunications – Long Distance,"$2,918"
2017,Regulatory Services,Texas Alcoholic Beverage Commission,0001 - General Revenue Fund,7503 - Telecommunications – Long Distance,$27
2017,Regulatory Services,Texas Board of Nursing,0001 - General Revenue Fund,7503 - Telecommunications – Long Distance,$250
2017,Regulatory Services,Texas Department of Banking,1008 - Tx Dept Of Banking Local Operating Fund,7503 - Telecommunications – Long Distance,"$1,999"
2017,Regulatory Services,Texas Department of Insurance,0036 - Gr Acct-Tx Dept Ins Operating,7503 - Telecommunications – Long Distance,"$3,402"
2017,Regulatory Services,Texas Department of Licensing and Regulation,0001 - General Revenue Fund,7503 - Telecommunications – Long Distance,$138
2017,Regulatory Services,Texas Medical Board,0001 - General Revenue Fund,7503 - Telecommunications – Long Distance,$349
2017,Regulatory Services,Texas State Board of Pharmacy,0001 - General Revenue Fund,7503 - Telecommunications – Long Distance,$39
2017,Transportation,Texas Department of Transportation,0006 - State Highway Fund,7503 - Telecommunications – Long Distance,$353
2018,Education,Sam Houston State University,0001 - General Revenue Fund,7503 - Telecommunications – Long Distance,($9)
2018,Education,Sam Houston State University,0259 - Gr Acct-Sam Houston St Unv Cur,7503 - Telecommunications – Long Distance,$253
2018,Education,Sam Houston State University,0581 - Gr Acct-B Blackwood Law Enf Mng Inst,7503 - Telecommunications – Long Distance,"$2,103"
2018,Education,Sam Houston State University,5083 - Gr Acct-Corr Mngmt Inst & Crim Justice C,7503 - Telecommunications – Long Distance,$851
2018,Education,Sul Ross State University,0001 - General Revenue Fund,7503 - Telecommunications – Long Distance,$10
2018,Education,Texas A&M AgriLife Extension Service,0001 - General Revenue Fund,7503 - Telecommunications – Long Distance,"$12,589"
2018,Education,Texas A&M AgriLife Research,0001 - General Revenue Fund,7503 - Telecommunications – Long Distance,"$10,998"
2018,Education,Texas A&M Engineering Experiment Station,0001 - General Revenue Fund,7503 - Telecommunications – Long Distance,$140
2018,Education,Texas A&M Engineering Extension Service,0001 - General Revenue Fund,7503 - Telecommunications – Long Distance,"$1,703"
2018,Education,Texas A&M Forest Service,0001 - General Revenue Fund,7503 - Telecommunications – Long Distance,"$2,924"
2018,Education,Texas A&M Forest Service,0036 - Gr Acct-Tx Dept Ins Operating,7503 - Telecommunications – Long Distance,"$9,018"
2018,Education,Texas A&M Forest Service,5064 - Gr Acct - Volunteer Fire Dept Assistance,7503 - Telecommunications – Long Distance,"$1,368"
2018,Education,Texas A&M Forest Service,5066 - Gr Acct-Rural Volunteer Fire Dept Insura,7503 - Telecommunications – Long Distance,$567
2018,Education,Texas A&M University System,0047 - Texas A&M Univ Available Fund,7503 - Telecommunications – Long Distance,"$5,396"
2018,Education,Texas A&M University System Health Science Center,0001 - General Revenue Fund,7503 - Telecommunications – Long Distance,"$5,432"
2018,Education,Texas A&M University System Health Science Center,0289 - Gr Acct-Tx A&M Univ-System Hsc,7503 - Telecommunications – Long Distance,$10
2018,Education,Texas A&M University System Health Science Center,0810 - Permanent Health Fund For Higher Ed,7503 - Telecommunications – Long Distance,$587
2018,Education,Texas A&M University System Health Science Center,0818 - Permanent Endowment Fund Tx A&M Hsc,7503 - Telecommunications – Long Distance,"$1,672"
2018,Education,Texas A&M University-Corpus Christi,0001 - General Revenue Fund,7503 - Telecommunications – Long Distance,$65
2018,Education,Texas A&M Veterinary Medical Diagnostic Laboratory,0001 - General Revenue Fund,7503 - Telecommunications – Long Distance,"$9,632"
2018,Education,Texas Education Agency,0001 - General Revenue Fund,7503 - Telecommunications – Long Distance,"$3,171"
2018,Education,Texas Education Agency,0003 - State Technology Instructional Materials,7503 - Telecommunications – Long Distance,$6
2018,Education,Texas Education Agency,0044 - Permanent School Fund,7503 - Telecommunications – Long Distance,$326
2018,Education,Texas Education Agency,0148 - Gr Acct-Fed Health/Ed/Welfare,7503 - Telecommunications – Long Distance,"$1,561"
2018,Education,Texas Higher Education Coordinating Board,0001 - General Revenue Fund,7503 - Telecommunications – Long Distance,"$1,562"
2018,Education,Texas School for the Blind and Visually Impaired,0001 - General Revenue Fund,7503 - Telecommunications – Long Distance,$324
2018,Education,Texas State Technical College System,0237 - Gr Acct-Tx St Tech Coll Sys Curr,7503 - Telecommunications – Long Distance,$568
2018,Education,Texas State University,0001 - General Revenue Fund,7503 - Telecommunications – Long Distance,$20
2018,Education,University of Houston-Clear Lake,0001 - General Revenue Fund,7503 - Telecommunications – Long Distance,$32
2018,Education,University of Houston-Clear Lake,0229 - Gr Acct-U Of H Clear Lake Curr,7503 - Telecommunications – Long Distance,$124
2018,Education,University of North Texas,0001 - General Revenue Fund,7503 - Telecommunications – Long Distance,$46
2018,Education,University of Texas at Austin,0001 - General Revenue Fund,7503 - Telecommunications – Long Distance,"$7,426"
2018,Education,University of Texas at Austin,0011 - Available University Fund,7503 - Telecommunications – Long Distance,$282
2018,Education,University of Texas at Austin,0248 - Gr Acct-Univ Tx At Austin Curr,7503 - Telecommunications – Long Distance,"$7,132"
2018,Education,University of Texas at El Paso,0001 - General Revenue Fund,7503 - Telecommunications – Long Distance,$424
2018,Education,University of Texas at El Paso,0817 - Permanent Endowment Fund Ut At El Paso,7503 - Telecommunications – Long Distance,$2
2018,Education,University of Texas Medical Branch at Galveston,0810 - Permanent Health Fund For Higher Ed,7503 - Telecommunications – Long Distance,$952
2018,Education,University of Texas Medical Branch at Galveston,0814 - Perm Endowmt Fd Ut Med Branch Galveston,7503 - Telecommunications – Long Distance,$68
2018,Education,University of Texas of the Permian Basin,0001 - General Revenue Fund,7503 - Telecommunications – Long Distance,"$11,564"
2018,Education,University of Texas of the Permian Basin,0251 - Gr Acct-Ut Permian Basin Curr,7503 - Telecommunications – Long Distance,"$2,490"
2018,Education,University of Texas Rio Grande Valley,0001 - General Revenue Fund,7503 - Telecommunications – Long Distance,$377
2018,Education,University of Texas System,0011 - Available University Fund,7503 - Telecommunications – Long Distance,$31
2018,Education,West Texas A&M University,0001 - General Revenue Fund,7503 - Telecommunications – Long Distance,"$3,290"
2018,Education,West Texas A&M University,0263 - Gr Acct-West Tex A&M University Current,7503 - Telecommunications – Long Distance,"$19,652"
2018,Employee Benefits,Employees Retirement System of Texas,0929 - Social Security Admin Tr Acct,7503 - Telecommunications – Long Distance,$125
2018,Employee Benefits,Employees Retirement System of Texas,0943 - St Emp Cafeteria Plan Tr Fd,7503 - Telecommunications – Long Distance,"$1,170"
2018,Employee Benefits,Employees Retirement System of Texas,"0945 - Def Compensation Trust Fd, Ers",7503 - Telecommunications – Long Distance,$921
2018,Employee Benefits,Employees Retirement System of Texas,0946 - Texasaver Trust Fund,7503 - Telecommunications – Long Distance,$821
2018,Employee Benefits,Employees Retirement System of Texas,0955 - S.E.R.S. Trust Account,7503 - Telecommunications – Long Distance,"$55,987"
2018,Employee Benefits,Employees Retirement System of Texas,0973 - Employee Ins Benefit Trust Acct,7503 - Telecommunications – Long Distance,"$59,761"
2018,Employee Benefits,Employees Retirement System of Texas,0977 - Law Enf/Cust Off Supp Retmt Fd,7503 - Telecommunications – Long Distance,"$3,382"
2018,Employee Benefits,Employees Retirement System of Texas,0993 - Jud Ret Sys-Plan Two Trust Fd,7503 - Telecommunications – Long Distance,$633
2018,General Government,Attorney General,0001 - General Revenue Fund,7503 - Telecommunications – Long Distance,"$8,342"
2018,General Government,Attorney General,0036 - Gr Acct-Tx Dept Ins Operating,7503 - Telecommunications – Long Distance,"$1,014"
2018,General Government,Attorney General,0469 - Gr Acct-Comp To Victims Of Crime,7503 - Telecommunications – Long Distance,$91
2018,General Government,Comptroller of Public Accounts,0001 - General Revenue Fund,7503 - Telecommunications – Long Distance,"$1,238"
2018,General Government,Court of Appeals-Eighth Court of Appeals District,0001 - General Revenue Fund,7503 - Telecommunications – Long Distance,$80
2018,General Government,Court of Appeals-Fifth Court of Appeals District,0001 - General Revenue Fund,7503 - Telecommunications – Long Distance,"$1,954"
2018,General Government,Court of Appeals-Seventh Court of Appeals District,0001 - General Revenue Fund,7503 - Telecommunications – Long Distance,$150
2018,General Government,Court of Appeals-Tenth Court of Appeals District,0001 - General Revenue Fund,7503 - Telecommunications – Long Distance,$153
2018,General Government,Court of Appeals-Twelfth Court of Appeals District,0001 - General Revenue Fund,7503 - Telecommunications – Long Distance,$970
2018,General Government,Governor-Executive,0001 - General Revenue Fund,7503 - Telecommunications – Long Distance,$721
2018,General Government,Governor-Fiscal,0001 - General Revenue Fund,7503 - Telecommunications – Long Distance,"$1,116"
2018,General Government,Governor-Fiscal,0224 - Gr Acct-Governors Ofc Federal Proj,7503 - Telecommunications – Long Distance,$81
2018,General Government,Governor-Fiscal,0421 - Gr Acct-Crim Justice Planning,7503 - Telecommunications – Long Distance,$286
2018,General Government,Governor-Fiscal,5003 - Gr Acct-Hotel Occ Tax For Economic Devel,7503 - Telecommunications – Long Distance,$12
2018,General Government,Governor-Fiscal,5106 - Gr Acct - Economic Dev Bank,7503 - Telecommunications – Long Distance,$121
2018,General Government,House of Representatives,0001 - General Revenue Fund,7503 - Telecommunications – Long Distance,$857
2018,General Government,Office of Capital and Forensic Writs,5073 - Gr Acct-Fair Defense,7503 - Telecommunications – Long Distance,$198
2018,General Government,Office of Court Administration,0001 - General Revenue Fund,7503 - Telecommunications – Long Distance,$191
2018,General Government,Secretary of State,0001 - General Revenue Fund,7503 - Telecommunications – Long Distance,$522
2018,General Government,Senate,0001 - General Revenue Fund,7503 - Telecommunications – Long Distance,"$2,291"
2018,General Government,Texas Historical Commission,0001 - General Revenue Fund,7503 - Telecommunications – Long Distance,$414
2018,General Government,Texas Lottery Commission,5025 - Gr Acct-Lottery,7503 - Telecommunications – Long Distance,$71
2018,General Government,Texas State Library and Archives Commission,0001 - General Revenue Fund,7503 - Telecommunications – Long Distance,$503
2018,General Government,Texas State Library and Archives Commission,0118 - Gr Acct-Fed Pub Library Svc,7503 - Telecommunications – Long Distance,$93
2018,Health and Human Services,Department of Family and Protective Services,0001 - General Revenue Fund,7503 - Telecommunications – Long Distance,"$15,426"
2018,Health and Human Services,Department of State Health Services,0001 - General Revenue Fund,7503 - Telecommunications – Long Distance,$11
2018,Health and Human Services,Health and Human Services Commission,0001 - General Revenue Fund,7503 - Telecommunications – Long Distance,"$32,425"
2018,Health and Human Services,Texas Veterans Commission,0001 - General Revenue Fund,7503 - Telecommunications – Long Distance,"$1,157"
2018,Health and Human Services,Texas Workforce Commission,0001 - General Revenue Fund,7503 - Telecommunications – Long Distance,$2
2018,Health and Human Services,Texas Workforce Commission,0165 - Gr Acct-Unemp Comp Spec Admin,7503 - Telecommunications – Long Distance,$13
2018,Health and Human Services,Texas Workforce Commission,0492 - Gr Acct-Bus Enterprise Prog,7503 - Telecommunications – Long Distance,$0
2018,Health and Human Services,Texas Workforce Commission,5026 - Gr Acct-Workforce Commission Federal,7503 - Telecommunications – Long Distance,$113
2018,Natural Resources/Recreational Services,Department of Agriculture,0001 - General Revenue Fund,7503 - Telecommunications – Long Distance,$16
2018,Natural Resources/Recreational Services,General Land Office,0027 - Gr Acct-Coastal Protection,7503 - Telecommunications – Long Distance,$683
2018,Natural Resources/Recreational Services,General Land Office,0044 - Permanent School Fund,7503 - Telecommunications – Long Distance,"$4,710"
2018,Natural Resources/Recreational Services,Parks and Wildlife Department,"0009 - Gr Account-Game, Fish, Water Safety",7503 - Telecommunications – Long Distance,"$1,935"
2018,Natural Resources/Recreational Services,Parks and Wildlife Department,0064 - Gr Acct-State Parks,7503 - Telecommunications – Long Distance,"$2,694"
2018,Natural Resources/Recreational Services,Parks and Wildlife Department,0802 - License Plate Trust Fund,7503 - Telecommunications – Long Distance,$60
2018,Natural Resources/Recreational Services,Parks and Wildlife Department,7659 - Tpfa Go Cml Papr Ser2008 Tpwd Proj 1d Fd,7503 - Telecommunications – Long Distance,$0
2018,Natural Resources/Recreational Services,Soil and Water Conservation Board,0001 - General Revenue Fund,7503 - Telecommunications – Long Distance,"$3,066"
2018,Natural Resources/Recreational Services,Texas Commission on Environmental Quality,0549 - Gr Acct-Waste Management,7503 - Telecommunications – Long Distance,$266
2018,Public Safety and Corrections,Texas Department of Criminal Justice,0001 - General Revenue Fund,7503 - Telecommunications – Long Distance,"$21,106"
2018,Public Safety and Corrections,Texas Department of Public Safety,0001 - General Revenue Fund,7503 - Telecommunications – Long Distance,"$9,436"
2018,Public Safety and Corrections,Texas Juvenile Justice Department,0001 - General Revenue Fund,7503 - Telecommunications – Long Distance,"$3,053"
2018,Regulatory Services,Public Utility Commission of Texas,0001 - General Revenue Fund,7503 - Telecommunications – Long Distance,$921
2018,Regulatory Services,Texas Board of Nursing,0001 - General Revenue Fund,7503 - Telecommunications – Long Distance,$112
2018,Regulatory Services,Texas Department of Banking,1008 - Tx Dept Of Banking Local Operating Fund,7503 - Telecommunications – Long Distance,$875
2018,Regulatory Services,Texas Department of Insurance,0036 - Gr Acct-Tx Dept Ins Operating,7503 - Telecommunications – Long Distance,"$4,701"
2018,Regulatory Services,Texas Department of Licensing and Regulation,0001 - General Revenue Fund,7503 - Telecommunications – Long Distance,$345
2018,Regulatory Services,Texas Medical Board,0001 - General Revenue Fund,7503 - Telecommunications – Long Distance,"$1,267"
2018,Regulatory Services,Texas State Board of Pharmacy,0001 - General Revenue Fund,7503 - Telecommunications – Long Distance,$64
2018,Transportation,Texas Department of Motor Vehicles,0010 - Texas Department Of Motor Vehicles Fund,7503 - Telecommunications – Long Distance,$59
2018,Transportation,Texas Department of Transportation,0006 - State Highway Fund,7503 - Telecommunications – Long Distance,$31
2019,Education,Angelo State University,0001 - General Revenue Fund,7503 - Telecommunications – Long Distance,$21
2019,Education,Angelo State University,0227 - Gr Acct-Angelo State Univ Curr,7503 - Telecommunications – Long Distance,$12
2019,Education,Sam Houston State University,0259 - Gr Acct-Sam Houston St Unv Cur,7503 - Telecommunications – Long Distance,$222
2019,Education,Sam Houston State University,0581 - Gr Acct-B Blackwood Law Enf Mng Inst,7503 - Telecommunications – Long Distance,"$2,059"
2019,Education,Sam Houston State University,5083 - Gr Acct-Corr Mngmt Inst & Crim Justice C,7503 - Telecommunications – Long Distance,$851
2019,Education,Texas A&M AgriLife Extension Service,0001 - General Revenue Fund,7503 - Telecommunications – Long Distance,"$15,293"
2019,Education,Texas A&M AgriLife Research,0001 - General Revenue Fund,7503 - Telecommunications – Long Distance,"$15,749"
2019,Education,Texas A&M AgriLife Research,0151 - Gr Acct-Clean Air,7503 - Telecommunications – Long Distance,$293
2019,Education,Texas A&M Engineering Experiment Station,0001 - General Revenue Fund,7503 - Telecommunications – Long Distance,$111
2019,Education,Texas A&M Engineering Extension Service,0001 - General Revenue Fund,7503 - Telecommunications – Long Distance,$499
2019,Education,Texas A&M Forest Service,0001 - General Revenue Fund,7503 - Telecommunications – Long Distance,"$3,218"
2019,Education,Texas A&M Forest Service,0036 - Gr Acct-Tx Dept Ins Operating,7503 - Telecommunications – Long Distance,"$3,815"
2019,Education,Texas A&M Forest Service,5064 - Gr Acct - Volunteer Fire Dept Assistance,7503 - Telecommunications – Long Distance,$546
2019,Education,Texas A&M Forest Service,5066 - Gr Acct-Rural Volunteer Fire Dept Insura,7503 - Telecommunications – Long Distance,$674
2019,Education,Texas A&M University (Main University),0047 - Texas A&M Univ Available Fund,7503 - Telecommunications – Long Distance,$5
2019,Education,Texas A&M University System,0047 - Texas A&M Univ Available Fund,7503 - Telecommunications – Long Distance,"$7,183"
2019,Education,Texas A&M University System Health Science Center,0001 - General Revenue Fund,7503 - Telecommunications – Long Distance,"$4,561"
2019,Education,Texas A&M University System Health Science Center,0810 - Permanent Health Fund For Higher Ed,7503 - Telecommunications – Long Distance,"$2,510"
2019,Education,Texas A&M University System Health Science Center,0818 - Permanent Endowment Fund Tx A&M Hsc,7503 - Telecommunications – Long Distance,$931
2019,Education,Texas A&M University-Central Texas,0291 - Gr Acct-Tx A&M Univ-Central Texas,7503 - Telecommunications – Long Distance,$44
2019,Education,Texas A&M University-Kingsville,0001 - General Revenue Fund,7503 - Telecommunications – Long Distance,$36
2019,Education,Texas A&M Veterinary Medical Diagnostic Laboratory,0001 - General Revenue Fund,7503 - Telecommunications – Long Distance,"$9,822"
2019,Education,Texas Education Agency,0001 - General Revenue Fund,7503 - Telecommunications – Long Distance,"$1,263"
2019,Education,Texas Education Agency,0003 - State Technology Instructional Materials,7503 - Telecommunications – Long Distance,$8
2019,Education,Texas Education Agency,0044 - Permanent School Fund,7503 - Telecommunications – Long Distance,$259
2019,Education,Texas Education Agency,0148 - Gr Acct-Fed Health/Ed/Welfare,7503 - Telecommunications – Long Distance,"$2,721"
2019,Education,Texas Higher Education Coordinating Board,0001 - General Revenue Fund,7503 - Telecommunications – Long Distance,"$1,712"
2019,Education,Texas School for the Blind and Visually Impaired,0001 - General Revenue Fund,7503 - Telecommunications – Long Distance,$212
2019,Education,University of Houston-Clear Lake,0001 - General Revenue Fund,7503 - Telecommunications – Long Distance,$41
2019,Education,University of Houston-Clear Lake,0229 - Gr Acct-U Of H Clear Lake Curr,7503 - Telecommunications – Long Distance,$430
2019,Education,University of Texas at Austin,0001 - General Revenue Fund,7503 - Telecommunications – Long Distance,"$13,242"
2019,Education,University of Texas at Austin,0011 - Available University Fund,7503 - Telecommunications – Long Distance,$344
2019,Education,University of Texas at Austin,0248 - Gr Acct-Univ Tx At Austin Curr,7503 - Telecommunications – Long Distance,"$1,352"
2019,Education,University of Texas at El Paso,0001 - General Revenue Fund,7503 - Telecommunications – Long Distance,$227
2019,Education,University of Texas Medical Branch at Galveston,0810 - Permanent Health Fund For Higher Ed,7503 - Telecommunications – Long Distance,$873
2019,Education,University of Texas Medical Branch at Galveston,0814 - Perm Endowmt Fd Ut Med Branch Galveston,7503 - Telecommunications – Long Distance,$38
2019,Education,University of Texas of the Permian Basin,0001 - General Revenue Fund,7503 - Telecommunications – Long Distance,$233
2019,Education,University of Texas of the Permian Basin,0251 - Gr Acct-Ut Permian Basin Curr,7503 - Telecommunications – Long Distance,"$3,954"
2019,Education,University of Texas System,0011 - Available University Fund,7503 - Telecommunications – Long Distance,$6
2019,Education,West Texas A&M University,0001 - General Revenue Fund,7503 - Telecommunications – Long Distance,$700
2019,Education,West Texas A&M University,0263 - Gr Acct-West Tex A&M University Current,7503 - Telecommunications – Long Distance,"$3,937"
2019,Employee Benefits,Employees Retirement System of Texas,0929 - Social Security Admin Tr Acct,7503 - Telecommunications – Long Distance,$114
2019,Employee Benefits,Employees Retirement System of Texas,0943 - St Emp Cafeteria Plan Tr Fd,7503 - Telecommunications – Long Distance,$757
2019,Employee Benefits,Employees Retirement System of Texas,"0945 - Def Compensation Trust Fd, Ers",7503 - Telecommunications – Long Distance,"$1,188"
2019,Employee Benefits,Employees Retirement System of Texas,0946 - Texasaver Trust Fund,7503 - Telecommunications – Long Distance,"$1,015"
2019,Employee Benefits,Employees Retirement System of Texas,0955 - S.E.R.S. Trust Account,7503 - Telecommunications – Long Distance,"$66,295"
2019,Employee Benefits,Employees Retirement System of Texas,0973 - Employee Ins Benefit Trust Acct,7503 - Telecommunications – Long Distance,"$57,371"
2019,Employee Benefits,Employees Retirement System of Texas,0977 - Law Enf/Cust Off Supp Retmt Fd,7503 - Telecommunications – Long Distance,"$4,080"
2019,Employee Benefits,Employees Retirement System of Texas,0993 - Jud Ret Sys-Plan Two Trust Fd,7503 - Telecommunications – Long Distance,$849
2019,General Government,Attorney General,0001 - General Revenue Fund,7503 - Telecommunications – Long Distance,"$4,083"
2019,General Government,Attorney General,0469 - Gr Acct-Comp To Victims Of Crime,7503 - Telecommunications – Long Distance,$62
2019,General Government,Comptroller of Public Accounts,0001 - General Revenue Fund,7503 - Telecommunications – Long Distance,$742
2019,General Government,Court of Appeals-Eighth Court of Appeals District,0001 - General Revenue Fund,7503 - Telecommunications – Long Distance,$57
2019,General Government,Court of Appeals-Fifth Court of Appeals District,0001 - General Revenue Fund,7503 - Telecommunications – Long Distance,"$2,316"
2019,General Government,Court of Appeals-Seventh Court of Appeals District,0001 - General Revenue Fund,7503 - Telecommunications – Long Distance,$146
2019,General Government,Court of Appeals-Tenth Court of Appeals District,0001 - General Revenue Fund,7503 - Telecommunications – Long Distance,$135
2019,General Government,Court of Appeals-Twelfth Court of Appeals District,0001 - General Revenue Fund,7503 - Telecommunications – Long Distance,$855
2019,General Government,Governor-Executive,0001 - General Revenue Fund,7503 - Telecommunications – Long Distance,$473
2019,General Government,Governor-Fiscal,0001 - General Revenue Fund,7503 - Telecommunications – Long Distance,$789
2019,General Government,Governor-Fiscal,0224 - Gr Acct-Governors Ofc Federal Proj,7503 - Telecommunications – Long Distance,$316
2019,General Government,Governor-Fiscal,0421 - Gr Acct-Crim Justice Planning,7503 - Telecommunications – Long Distance,$867
2019,General Government,Governor-Fiscal,5003 - Gr Acct-Hotel Occ Tax For Economic Devel,7503 - Telecommunications – Long Distance,$18
2019,General Government,Governor-Fiscal,5106 - Gr Acct - Economic Dev Bank,7503 - Telecommunications – Long Distance,$54
2019,General Government,House of Representatives,0001 - General Revenue Fund,7503 - Telecommunications – Long Distance,"$1,128"
2019,General Government,Office of Capital and Forensic Writs,5073 - Gr Acct-Fair Defense,7503 - Telecommunications – Long Distance,$375
2019,General Government,Office of Court Administration,0001 - General Revenue Fund,7503 - Telecommunications – Long Distance,$139
2019,General Government,Secretary of State,0001 - General Revenue Fund,7503 - Telecommunications – Long Distance,$838
2019,General Government,Senate,0001 - General Revenue Fund,7503 - Telecommunications – Long Distance,$501
2019,General Government,Texas Historical Commission,0001 - General Revenue Fund,7503 - Telecommunications – Long Distance,"$1,158"
2019,General Government,Texas Lottery Commission,5025 - Gr Acct-Lottery,7503 - Telecommunications – Long Distance,$1
2019,General Government,Texas State Library and Archives Commission,0001 - General Revenue Fund,7503 - Telecommunications – Long Distance,$638
2019,General Government,Texas State Library and Archives Commission,0118 - Gr Acct-Fed Pub Library Svc,7503 - Telecommunications – Long Distance,$102
2019,Health and Human Services,Department of Family and Protective Services,0001 - General Revenue Fund,7503 - Telecommunications – Long Distance,"$24,032"
2019,Health and Human Services,Health and Human Services Commission,0001 - General Revenue Fund,7503 - Telecommunications – Long Distance,"$14,611"
2019,Health and Human Services,Texas Veterans Commission,0001 - General Revenue Fund,7503 - Telecommunications – Long Distance,$670
2019,Health and Human Services,Texas Workforce Commission,0001 - General Revenue Fund,7503 - Telecommunications – Long Distance,$22
2019,Health and Human Services,Texas Workforce Commission,0165 - Gr Acct-Unemp Comp Spec Admin,7503 - Telecommunications – Long Distance,$16
2019,Health and Human Services,Texas Workforce Commission,0492 - Gr Acct-Bus Enterprise Prog,7503 - Telecommunications – Long Distance,$3
2019,Health and Human Services,Texas Workforce Commission,5026 - Gr Acct-Workforce Commission Federal,7503 - Telecommunications – Long Distance,"$1,054"
2019,Natural Resources/Recreational Services,Department of Agriculture,0001 - General Revenue Fund,7503 - Telecommunications – Long Distance,$42
2019,Natural Resources/Recreational Services,General Land Office,0044 - Permanent School Fund,7503 - Telecommunications – Long Distance,$26
2019,Natural Resources/Recreational Services,Parks and Wildlife Department,"0009 - Gr Account-Game, Fish, Water Safety",7503 - Telecommunications – Long Distance,"$3,140"
2019,Natural Resources/Recreational Services,Parks and Wildlife Department,0064 - Gr Acct-State Parks,7503 - Telecommunications – Long Distance,"$2,461"
2019,Natural Resources/Recreational Services,Soil and Water Conservation Board,0001 - General Revenue Fund,7503 - Telecommunications – Long Distance,"$2,923"
2019,Natural Resources/Recreational Services,Texas Commission on Environmental Quality,0151 - Gr Acct-Clean Air,7503 - Telecommunications – Long Distance,$20
2019,Public Safety and Corrections,Texas Department of Public Safety,0001 - General Revenue Fund,7503 - Telecommunications – Long Distance,"$3,999"
2019,Public Safety and Corrections,Texas Juvenile Justice Department,0001 - General Revenue Fund,7503 - Telecommunications – Long Distance,"$3,199"
2019,Public Safety and Corrections,Texas Military Department,0001 - General Revenue Fund,7503 - Telecommunications – Long Distance,$78
2019,Regulatory Services,Public Utility Commission of Texas,0001 - General Revenue Fund,7503 - Telecommunications – Long Distance,$40
2019,Regulatory Services,Texas Alcoholic Beverage Commission,0001 - General Revenue Fund,7503 - Telecommunications – Long Distance,$915
2019,Regulatory Services,Texas Board of Nursing,0001 - General Revenue Fund,7503 - Telecommunications – Long Distance,$56
2019,Regulatory Services,Texas Department of Banking,1008 - Tx Dept Of Banking Local Operating Fund,7503 - Telecommunications – Long Distance,$974
2019,Regulatory Services,Texas Department of Insurance,0036 - Gr Acct-Tx Dept Ins Operating,7503 - Telecommunications – Long Distance,"$13,052"
2019,Regulatory Services,Texas Department of Licensing and Regulation,0001 - General Revenue Fund,7503 - Telecommunications – Long Distance,$3
2019,Regulatory Services,Texas Medical Board,0001 - General Revenue Fund,7503 - Telecommunications – Long Distance,"$2,600"
2019,Regulatory Services,Texas State Board of Pharmacy,0001 - General Revenue Fund,7503 - Telecommunications – Long Distance,$58
2019,Transportation,Texas Department of Motor Vehicles,0010 - Texas Department Of Motor Vehicles Fund,7503 - Telecommunications – Long Distance,$67
2019,Transportation,Texas Department of Transportation,0006 - State Highway Fund,7503 - Telecommunications – Long Distance,$86
2020,Education,Angelo State University,0001 - General Revenue Fund,7503 - Telecommunications – Long Distance,$159
2020,Education,Angelo State University,0227 - Gr Acct-Angelo State Univ Curr,7503 - Telecommunications – Long Distance,$14
2020,Education,Sam Houston State University,0259 - Gr Acct-Sam Houston St Unv Cur,7503 - Telecommunications – Long Distance,$111
2020,Education,Sam Houston State University,0581 - Gr Acct-B Blackwood Law Enf Mng Inst,7503 - Telecommunications – Long Distance,"$2,132"
2020,Education,Sam Houston State University,5083 - Gr Acct-Corr Mngmt Inst & Crim Justice C,7503 - Telecommunications – Long Distance,$888
2020,Education,Texas A&M AgriLife Extension Service,0001 - General Revenue Fund,7503 - Telecommunications – Long Distance,"$4,134"
2020,Education,Texas A&M AgriLife Research,0001 - General Revenue Fund,7503 - Telecommunications – Long Distance,"$9,488"
2020,Education,Texas A&M Engineering Experiment Station,0001 - General Revenue Fund,7503 - Telecommunications – Long Distance,$55
2020,Education,Texas A&M Engineering Extension Service,0001 - General Revenue Fund,7503 - Telecommunications – Long Distance,"$2,390"
2020,Education,Texas A&M Forest Service,0001 - General Revenue Fund,7503 - Telecommunications – Long Distance,"$1,497"
2020,Education,Texas A&M Forest Service,0036 - Gr Acct-Tx Dept Ins Operating,7503 - Telecommunications – Long Distance,"$1,559"
2020,Education,Texas A&M Forest Service,5064 - Gr Acct - Volunteer Fire Dept Assistance,7503 - Telecommunications – Long Distance,$406
2020,Education,Texas A&M University System,0047 - Texas A&M Univ Available Fund,7503 - Telecommunications – Long Distance,"$5,009"
2020,Education,Texas A&M University System Health Science Center,0001 - General Revenue Fund,7503 - Telecommunications – Long Distance,"$4,997"
2020,Education,Texas A&M University System Health Science Center,0810 - Permanent Health Fund For Higher Ed,7503 - Telecommunications – Long Distance,$362
2020,Education,Texas A&M University System Health Science Center,0818 - Permanent Endowment Fund Tx A&M Hsc,7503 - Telecommunications – Long Distance,$203
2020,Education,Texas A&M Veterinary Medical Diagnostic Laboratory,0001 - General Revenue Fund,7503 - Telecommunications – Long Distance,"$2,710"
2020,Education,Texas Education Agency,0001 - General Revenue Fund,7503 - Telecommunications – Long Distance,$961
2020,Education,Texas Education Agency,0003 - State Technology Instructional Materials,7503 - Telecommunications – Long Distance,$91
2020,Education,Texas Education Agency,0044 - Permanent School Fund,7503 - Telecommunications – Long Distance,"$1,470"
2020,Education,Texas Education Agency,0148 - Gr Acct-Fed Health/Ed/Welfare,7503 - Telecommunications – Long Distance,"$1,617"
2020,Education,Texas Higher Education Coordinating Board,0001 - General Revenue Fund,7503 - Telecommunications – Long Distance,"$4,162"
2020,Education,Texas School for the Blind and Visually Impaired,0001 - General Revenue Fund,7503 - Telecommunications – Long Distance,$76
2020,Education,University of Houston-Clear Lake,0001 - General Revenue Fund,7503 - Telecommunications – Long Distance,$42
2020,Education,University of Houston-Clear Lake,0229 - Gr Acct-U Of H Clear Lake Curr,7503 - Telecommunications – Long Distance,$290
2020,Education,University of Texas at Austin,0001 - General Revenue Fund,7503 - Telecommunications – Long Distance,"$8,777"
2020,Education,University of Texas at Austin,0011 - Available University Fund,7503 - Telecommunications – Long Distance,$238
2020,Education,University of Texas at Austin,0248 - Gr Acct-Univ Tx At Austin Curr,7503 - Telecommunications – Long Distance,"$7,849"
2020,Education,University of Texas at El Paso,0001 - General Revenue Fund,7503 - Telecommunications – Long Distance,$61
2020,Education,University of Texas at El Paso,0817 - Permanent Endowment Fund Ut At El Paso,7503 - Telecommunications – Long Distance,$6
2020,Education,University of Texas Medical Branch at Galveston,0810 - Permanent Health Fund For Higher Ed,7503 - Telecommunications – Long Distance,$526
2020,Education,University of Texas of the Permian Basin,0001 - General Revenue Fund,7503 - Telecommunications – Long Distance,$83
2020,Education,University of Texas of the Permian Basin,0251 - Gr Acct-Ut Permian Basin Curr,7503 - Telecommunications – Long Distance,$15
2020,Education,West Texas A&M University,0263 - Gr Acct-West Tex A&M University Current,7503 - Telecommunications – Long Distance,"$12,500"
2020,Employee Benefits,Employees Retirement System of Texas,0929 - Social Security Admin Tr Acct,7503 - Telecommunications – Long Distance,$210
2020,Employee Benefits,Employees Retirement System of Texas,0943 - St Emp Cafeteria Plan Tr Fd,7503 - Telecommunications – Long Distance,$985
2020,Employee Benefits,Employees Retirement System of Texas,"0945 - Def Compensation Trust Fd, Ers",7503 - Telecommunications – Long Distance,$311
2020,Employee Benefits,Employees Retirement System of Texas,0946 - Texasaver Trust Fund,7503 - Telecommunications – Long Distance,$645
2020,Employee Benefits,Employees Retirement System of Texas,0955 - S.E.R.S. Trust Account,7503 - Telecommunications – Long Distance,"$75,210"
2020,Employee Benefits,Employees Retirement System of Texas,0973 - Employee Ins Benefit Trust Acct,7503 - Telecommunications – Long Distance,"$54,893"
2020,Employee Benefits,Employees Retirement System of Texas,0977 - Law Enf/Cust Off Supp Retmt Fd,7503 - Telecommunications – Long Distance,"$5,653"
2020,Employee Benefits,Employees Retirement System of Texas,0993 - Jud Ret Sys-Plan Two Trust Fd,7503 - Telecommunications – Long Distance,$752
2020,General Government,Attorney General,0001 - General Revenue Fund,7503 - Telecommunications – Long Distance,"$7,076"
2020,General Government,Comptroller of Public Accounts,0001 - General Revenue Fund,7503 - Telecommunications – Long Distance,$25
2020,General Government,Court of Appeals-Eighth Court of Appeals District,0001 - General Revenue Fund,7503 - Telecommunications – Long Distance,$68
2020,General Government,Court of Appeals-Eleventh Court of Appeals District,0001 - General Revenue Fund,7503 - Telecommunications – Long Distance,$110
2020,General Government,Court of Appeals-Fifth Court of Appeals District,0001 - General Revenue Fund,7503 - Telecommunications – Long Distance,"$1,873"
2020,General Government,Court of Appeals-Seventh Court of Appeals District,0001 - General Revenue Fund,7503 - Telecommunications – Long Distance,$95
2020,General Government,Court of Appeals-Tenth Court of Appeals District,0001 - General Revenue Fund,7503 - Telecommunications – Long Distance,$178
2020,General Government,Court of Appeals-Twelfth Court of Appeals District,0001 - General Revenue Fund,7503 - Telecommunications – Long Distance,$396
2020,General Government,Governor-Executive,0001 - General Revenue Fund,7503 - Telecommunications – Long Distance,"$3,006"
2020,General Government,Governor-Fiscal,0001 - General Revenue Fund,7503 - Telecommunications – Long Distance,"$6,573"
2020,General Government,Governor-Fiscal,0224 - Gr Acct-Governors Ofc Federal Proj,7503 - Telecommunications – Long Distance,$299
2020,General Government,Governor-Fiscal,0421 - Gr Acct-Crim Justice Planning,7503 - Telecommunications – Long Distance,$687
2020,General Government,Governor-Fiscal,5003 - Gr Acct-Hotel Occ Tax For Economic Devel,7503 - Telecommunications – Long Distance,$83
2020,General Government,Governor-Fiscal,5106 - Gr Acct - Economic Dev Bank,7503 - Telecommunications – Long Distance,$74
2020,General Government,House of Representatives,0001 - General Revenue Fund,7503 - Telecommunications – Long Distance,$940
2020,General Government,Office of Capital and Forensic Writs,5073 - Gr Acct-Fair Defense,7503 - Telecommunications – Long Distance,$398
2020,General Government,Office of Court Administration,0001 - General Revenue Fund,7503 - Telecommunications – Long Distance,$117
2020,General Government,Secretary of State,0001 - General Revenue Fund,7503 - Telecommunications – Long Distance,$477
2020,General Government,Senate,0001 - General Revenue Fund,7503 - Telecommunications – Long Distance,"$3,368"
2020,General Government,Texas Historical Commission,0001 - General Revenue Fund,7503 - Telecommunications – Long Distance,$616
2020,General Government,Texas Historical Commission,5139 - Gr Acct - Historic Site,7503 - Telecommunications – Long Distance,$167
2020,General Government,Texas Lottery Commission,5025 - Gr Acct-Lottery,7503 - Telecommunications – Long Distance,$578
2020,General Government,Texas State Library and Archives Commission,0001 - General Revenue Fund,7503 - Telecommunications – Long Distance,$985
2020,General Government,Texas State Library and Archives Commission,0118 - Gr Acct-Fed Pub Library Svc,7503 - Telecommunications – Long Distance,$17
2020,Health and Human Services,Department of Family and Protective Services,0001 - General Revenue Fund,7503 - Telecommunications – Long Distance,"$17,369"
2020,Health and Human Services,Department of State Health Services,0001 - General Revenue Fund,7503 - Telecommunications – Long Distance,$83
2020,Health and Human Services,Health and Human Services Commission,0001 - General Revenue Fund,7503 - Telecommunications – Long Distance,"$4,950,413"
2020,Health and Human Services,Texas Veterans Commission,0001 - General Revenue Fund,7503 - Telecommunications – Long Distance,"$1,080"
2020,Health and Human Services,Texas Workforce Commission,0001 - General Revenue Fund,7503 - Telecommunications – Long Distance,$51
2020,Health and Human Services,Texas Workforce Commission,0165 - Gr Acct-Unemp Comp Spec Admin,7503 - Telecommunications – Long Distance,$1
2020,Health and Human Services,Texas Workforce Commission,5026 - Gr Acct-Workforce Commission Federal,7503 - Telecommunications – Long Distance,$42
2020,Natural Resources/Recreational Services,Department of Agriculture,0001 - General Revenue Fund,7503 - Telecommunications – Long Distance,$78
2020,Natural Resources/Recreational Services,Parks and Wildlife Department,"0009 - Gr Account-Game, Fish, Water Safety",7503 - Telecommunications – Long Distance,"$8,967"
2020,Natural Resources/Recreational Services,Parks and Wildlife Department,0064 - Gr Acct-State Parks,7503 - Telecommunications – Long Distance,"$6,464"
2020,Natural Resources/Recreational Services,Soil and Water Conservation Board,0001 - General Revenue Fund,7503 - Telecommunications – Long Distance,"$7,739"
2020,Public Safety and Corrections,Texas Department of Criminal Justice,0001 - General Revenue Fund,7503 - Telecommunications – Long Distance,$95
2020,Public Safety and Corrections,Texas Department of Public Safety,0001 - General Revenue Fund,7503 - Telecommunications – Long Distance,"$3,882"
2020,Public Safety and Corrections,Texas Juvenile Justice Department,0001 - General Revenue Fund,7503 - Telecommunications – Long Distance,"$3,009"
2020,Public Safety and Corrections,Texas Military Department,0001 - General Revenue Fund,7503 - Telecommunications – Long Distance,$1
2020,Public Safety and Corrections,Texas Military Department,0449 - Gr Acct-Texas Military,7503 - Telecommunications – Long Distance,$4
2020,Regulatory Services,Board of Examiners of Psychologists,0001 - General Revenue Fund,7503 - Telecommunications – Long Distance,$540
2020,Regulatory Services,Executive Council of Physical and Occupational Therapy Examiners,0001 - General Revenue Fund,7503 - Telecommunications – Long Distance,$395
2020,Regulatory Services,Office of Consumer Credit Commissioner,1012 - Office Of Consumer Cr Comm Local Oper Fd,7503 - Telecommunications – Long Distance,$1
2020,Regulatory Services,Texas Alcoholic Beverage Commission,0001 - General Revenue Fund,7503 - Telecommunications – Long Distance,"$1,569"
2020,Regulatory Services,Texas Board of Professional Engineers,1011 - Bd Of Prof Engineers Local Operating Fd,7503 - Telecommunications – Long Distance,"$15,970"
2020,Regulatory Services,Texas Board of Professional Land Surveying,0001 - General Revenue Fund,7503 - Telecommunications – Long Distance,$132
2020,Regulatory Services,Texas Department of Banking,1008 - Tx Dept Of Banking Local Operating Fund,7503 - Telecommunications – Long Distance,"$1,645"
2020,Regulatory Services,Texas Department of Insurance,0036 - Gr Acct-Tx Dept Ins Operating,7503 - Telecommunications – Long Distance,"$4,173"
2020,Regulatory Services,Texas Department of Licensing and Regulation,0001 - General Revenue Fund,7503 - Telecommunications – Long Distance,$7
2020,Regulatory Services,Texas Medical Board,0001 - General Revenue Fund,7503 - Telecommunications – Long Distance,"$5,471"
2020,Regulatory Services,Texas State Board of Pharmacy,0001 - General Revenue Fund,7503 - Telecommunications – Long Distance,$483
2020,Transportation,Texas Department of Motor Vehicles,0010 - Texas Department Of Motor Vehicles Fund,7503 - Telecommunications – Long Distance,"$187,375"
2021,Education,Angelo State University,0001 - General Revenue Fund,7503 - Telecommunications – Long Distance,$336
2021,Education,Angelo State University,0227 - Gr Acct-Angelo State Univ Curr,7503 - Telecommunications – Long Distance,$11
2021,Education,Comptroller-Prepaid Higher Education Tuition Board,0892 - Tx Tomorrow Constitutional Trust Fd,7503 - Telecommunications – Long Distance,"$4,892"
2021,Education,Sam Houston State University,0259 - Gr Acct-Sam Houston St Unv Cur,7503 - Telecommunications – Long Distance,$148
2021,Education,Sam Houston State University,0581 - Gr Acct-B Blackwood Law Enf Mng Inst,7503 - Telecommunications – Long Distance,"$1,176"
2021,Education,Sam Houston State University,5083 - Gr Acct-Corr Mngmt Inst & Crim Justice C,7503 - Telecommunications – Long Distance,$888
2021,Education,Texas A&M AgriLife Extension Service,0001 - General Revenue Fund,7503 - Telecommunications – Long Distance,$603
2021,Education,Texas A&M AgriLife Research,0001 - General Revenue Fund,7503 - Telecommunications – Long Distance,"$2,173"
2021,Education,Texas A&M Engineering Extension Service,0001 - General Revenue Fund,7503 - Telecommunications – Long Distance,$15
2021,Education,Texas A&M Forest Service,0001 - General Revenue Fund,7503 - Telecommunications – Long Distance,$325
2021,Education,Texas A&M Forest Service,0036 - Gr Acct-Tx Dept Ins Operating,7503 - Telecommunications – Long Distance,$907
2021,Education,Texas A&M Forest Service,5064 - Gr Acct - Volunteer Fire Dept Assistance,7503 - Telecommunications – Long Distance,$0
2021,Education,Texas A&M Forest Service,5066 - Gr Acct-Rural Volunteer Fire Dept Insura,7503 - Telecommunications – Long Distance,$309
2021,Education,Texas A&M University System,0047 - Texas A&M Univ Available Fund,7503 - Telecommunications – Long Distance,"$5,075"
2021,Education,Texas A&M University System Health Science Center,0001 - General Revenue Fund,7503 - Telecommunications – Long Distance,"$4,865"
2021,Education,Texas A&M Veterinary Medical Diagnostic Laboratory,0001 - General Revenue Fund,7503 - Telecommunications – Long Distance,"$5,164"
2021,Education,Texas Education Agency,0001 - General Revenue Fund,7503 - Telecommunications – Long Distance,$780
2021,Education,Texas Education Agency,0003 - State Technology Instructional Materials,7503 - Telecommunications – Long Distance,($61)
2021,Education,Texas Education Agency,0044 - Permanent School Fund,7503 - Telecommunications – Long Distance,($517)
2021,Education,Texas Education Agency,0148 - Gr Acct-Fed Health/Ed/Welfare,7503 - Telecommunications – Long Distance,$154
2021,Education,Texas Higher Education Coordinating Board,0001 - General Revenue Fund,7503 - Telecommunications – Long Distance,$548
2021,Education,University of Houston-Clear Lake,0001 - General Revenue Fund,7503 - Telecommunications – Long Distance,$277
2021,Education,University of Texas at Austin,0001 - General Revenue Fund,7503 - Telecommunications – Long Distance,"$5,446"
2021,Education,University of Texas at Austin,0011 - Available University Fund,7503 - Telecommunications – Long Distance,$26
2021,Education,University of Texas at Austin,0248 - Gr Acct-Univ Tx At Austin Curr,7503 - Telecommunications – Long Distance,"$7,087"
2021,Education,University of Texas at El Paso,0001 - General Revenue Fund,7503 - Telecommunications – Long Distance,$12
2021,Education,University of Texas Medical Branch at Galveston,0001 - General Revenue Fund,7503 - Telecommunications – Long Distance,$246
2021,Education,University of Texas Medical Branch at Galveston,0810 - Permanent Health Fund For Higher Ed,7503 - Telecommunications – Long Distance,$9
2021,Education,University of Texas of the Permian Basin,0001 - General Revenue Fund,7503 - Telecommunications – Long Distance,$78
2021,Education,University of Texas of the Permian Basin,0251 - Gr Acct-Ut Permian Basin Curr,7503 - Telecommunications – Long Distance,$77
2021,Education,University of Texas System,0011 - Available University Fund,7503 - Telecommunications – Long Distance,"$3,064"
2021,Education,West Texas A&M University,0263 - Gr Acct-West Tex A&M University Current,7503 - Telecommunications – Long Distance,$38
2021,Employee Benefits,Employees Retirement System of Texas,0929 - Social Security Admin Tr Acct,7503 - Telecommunications – Long Distance,$326
2021,Employee Benefits,Employees Retirement System of Texas,0943 - St Emp Cafeteria Plan Tr Fd,7503 - Telecommunications – Long Distance,"$1,370"
2021,Employee Benefits,Employees Retirement System of Texas,"0945 - Def Compensation Trust Fd, Ers",7503 - Telecommunications – Long Distance,$320
2021,Employee Benefits,Employees Retirement System of Texas,0946 - Texasaver Trust Fund,7503 - Telecommunications – Long Distance,$694
2021,Employee Benefits,Employees Retirement System of Texas,0955 - S.E.R.S. Trust Account,7503 - Telecommunications – Long Distance,"$59,139"
2021,Employee Benefits,Employees Retirement System of Texas,0973 - Employee Ins Benefit Trust Acct,7503 - Telecommunications – Long Distance,"$116,066"
2021,Employee Benefits,Employees Retirement System of Texas,0977 - Law Enf/Cust Off Supp Retmt Fd,7503 - Telecommunications – Long Distance,"$5,432"
2021,Employee Benefits,Employees Retirement System of Texas,0993 - Jud Ret Sys-Plan Two Trust Fd,7503 - Telecommunications – Long Distance,$520
2021,General Government,Attorney General,0001 - General Revenue Fund,7503 - Telecommunications – Long Distance,"$2,067"
2021,General Government,Attorney General,0469 - Gr Acct-Comp To Victims Of Crime,7503 - Telecommunications – Long Distance,$66
2021,General Government,Comptroller of Public Accounts,0001 - General Revenue Fund,7503 - Telecommunications – Long Distance,($222)
2021,General Government,Court of Appeals-Eighth Court of Appeals District,0001 - General Revenue Fund,7503 - Telecommunications – Long Distance,$11
2021,General Government,Court of Appeals-Eleventh Court of Appeals District,0001 - General Revenue Fund,7503 - Telecommunications – Long Distance,$73
2021,General Government,Court of Appeals-Tenth Court of Appeals District,0001 - General Revenue Fund,7503 - Telecommunications – Long Distance,$167
2021,General Government,Court of Appeals-Twelfth Court of Appeals District,0001 - General Revenue Fund,7503 - Telecommunications – Long Distance,$429
2021,General Government,Governor-Executive,0001 - General Revenue Fund,7503 - Telecommunications – Long Distance,"$4,427"
2021,General Government,Governor-Fiscal,0001 - General Revenue Fund,7503 - Telecommunications – Long Distance,"$4,865"
2021,General Government,Governor-Fiscal,0224 - Gr Acct-Governors Ofc Federal Proj,7503 - Telecommunications – Long Distance,$211
2021,General Government,Governor-Fiscal,0421 - Gr Acct-Crim Justice Planning,7503 - Telecommunications – Long Distance,$473
2021,General Government,Governor-Fiscal,5003 - Gr Acct-Hotel Occ Tax For Economic Devel,7503 - Telecommunications – Long Distance,$89
2021,General Government,Governor-Fiscal,5010 - Gr Acct - Sexual Assault Program,7503 - Telecommunications – Long Distance,$14
2021,General Government,Governor-Fiscal,5106 - Gr Acct - Economic Dev Bank,7503 - Telecommunications – Long Distance,$182
2021,General Government,House of Representatives,0001 - General Revenue Fund,7503 - Telecommunications – Long Distance,$571
2021,General Government,Office of Court Administration,0001 - General Revenue Fund,7503 - Telecommunications – Long Distance,$34
2021,General Government,Secretary of State,0001 - General Revenue Fund,7503 - Telecommunications – Long Distance,$836
2021,General Government,Senate,0001 - General Revenue Fund,7503 - Telecommunications – Long Distance,"$1,747"
2021,General Government,Texas Historical Commission,0001 - General Revenue Fund,7503 - Telecommunications – Long Distance,$409
2021,General Government,Texas Historical Commission,5139 - Gr Acct - Historic Site,7503 - Telecommunications – Long Distance,$565
2021,General Government,Texas Lottery Commission,5025 - Gr Acct-Lottery,7503 - Telecommunications – Long Distance,$554
2021,General Government,Texas State Library and Archives Commission,0001 - General Revenue Fund,7503 - Telecommunications – Long Distance,"$2,534"
2021,General Government,Texas State Library and Archives Commission,0118 - Gr Acct-Fed Pub Library Svc,7503 - Telecommunications – Long Distance,$1
2021,Health and Human Services,Cancer Prevention & Research Institute of Texas,7639 - Tpfa Cprit Project Fund,7503 - Telecommunications – Long Distance,$152
2021,Health and Human Services,Health and Human Services Commission,0001 - General Revenue Fund,7503 - Telecommunications – Long Distance,"$5,115,566"
2021,Health and Human Services,Texas Veterans Commission,0001 - General Revenue Fund,7503 - Telecommunications – Long Distance,$82
2021,Health and Human Services,Texas Veterans Commission,0368 - Fund For Veterans' Assistance,7503 - Telecommunications – Long Distance,$13
2021,Health and Human Services,Texas Workforce Commission,0001 - General Revenue Fund,7503 - Telecommunications – Long Distance,$18
2021,Health and Human Services,Texas Workforce Commission,0165 - Gr Acct-Unemp Comp Spec Admin,7503 - Telecommunications – Long Distance,$23
2021,Health and Human Services,Texas Workforce Commission,5026 - Gr Acct-Workforce Commission Federal,7503 - Telecommunications – Long Distance,"$1,624"
2021,Natural Resources/Recreational Services,General Land Office,0522 - Veterans Land Program Admin Fd,7503 - Telecommunications – Long Distance,"$1,557"
2021,Natural Resources/Recreational Services,Parks and Wildlife Department,"0009 - Gr Account-Game, Fish, Water Safety",7503 - Telecommunications – Long Distance,$831
2021,Natural Resources/Recreational Services,Parks and Wildlife Department,0064 - Gr Acct-State Parks,7503 - Telecommunications – Long Distance,"$2,646"
2021,Natural Resources/Recreational Services,Soil and Water Conservation Board,0001 - General Revenue Fund,7503 - Telecommunications – Long Distance,"$3,002"
2021,Public Safety and Corrections,Texas Department of Public Safety,0001 - General Revenue Fund,7503 - Telecommunications – Long Distance,"$2,017"
2021,Public Safety and Corrections,Texas Juvenile Justice Department,0001 - General Revenue Fund,7503 - Telecommunications – Long Distance,"$2,658"
2021,Public Safety and Corrections,Texas Military Department,0001 - General Revenue Fund,7503 - Telecommunications – Long Distance,$77
2021,Public Safety and Corrections,Texas Military Department,0449 - Gr Acct-Texas Military,7503 - Telecommunications – Long Distance,$28
2021,Regulatory Services,Board of Examiners of Psychologists,0001 - General Revenue Fund,7503 - Telecommunications – Long Distance,$275
2021,Regulatory Services,Executive Council of Physical and Occupational Therapy Examiners,0001 - General Revenue Fund,7503 - Telecommunications – Long Distance,$684
2021,Regulatory Services,Office of Consumer Credit Commissioner,1012 - Office Of Consumer Cr Comm Local Oper Fd,7503 - Telecommunications – Long Distance,$5
2021,Regulatory Services,Texas Alcoholic Beverage Commission,0001 - General Revenue Fund,7503 - Telecommunications – Long Distance,$156
2021,Regulatory Services,Texas Behavioral Health Executive Council,0001 - General Revenue Fund,7503 - Telecommunications – Long Distance,$134
2021,Regulatory Services,Texas Board of Professional Engineers,1011 - Bd Of Prof Engineers Local Operating Fd,7503 - Telecommunications – Long Distance,"$16,759"
2021,Regulatory Services,Texas Department of Banking,1008 - Tx Dept Of Banking Local Operating Fund,7503 - Telecommunications – Long Distance,"$1,427"
2021,Regulatory Services,Texas Department of Insurance,0036 - Gr Acct-Tx Dept Ins Operating,7503 - Telecommunications – Long Distance,"$16,560"
2021,Regulatory Services,Texas Medical Board,0001 - General Revenue Fund,7503 - Telecommunications – Long Distance,"$1,398"
2021,Regulatory Services,Texas State Board of Pharmacy,0001 - General Revenue Fund,7503 - Telecommunications – Long Distance,"$1,132"
2021,Transportation,Texas Department of Motor Vehicles,0010 - Texas Department Of Motor Vehicles Fund,7503 - Telecommunications – Long Distance,"$207,690"
2021,Transportation,Texas Department of Transportation,0006 - State Highway Fund,7503 - Telecommunications – Long Distance,"$39,687"
2022,Education,Angelo State University,0001 - General Revenue Fund,7503 - Telecommunications – Long Distance,$235
2022,Education,Angelo State University,0227 - Gr Acct-Angelo State Univ Curr,7503 - Telecommunications – Long Distance,$4
2022,Education,Comptroller-Prepaid Higher Education Tuition Board,0892 - Tx Tomorrow Constitutional Trust Fd,7503 - Telecommunications – Long Distance,"$1,000"
2022,Education,Sam Houston State University,0001 - General Revenue Fund,7503 - Telecommunications – Long Distance,$37
2022,Education,Texas A&M AgriLife Extension Service,0001 - General Revenue Fund,7503 - Telecommunications – Long Distance,$400
2022,Education,Texas A&M AgriLife Research,0001 - General Revenue Fund,7503 - Telecommunications – Long Distance,"$3,835"
2022,Education,Texas A&M Forest Service,0001 - General Revenue Fund,7503 - Telecommunications – Long Distance,$2
2022,Education,Texas A&M Forest Service,0036 - Gr Acct-Tx Dept Ins Operating,7503 - Telecommunications – Long Distance,$437
2022,Education,Texas A&M University System,0047 - Texas A&M Univ Available Fund,7503 - Telecommunications – Long Distance,"$3,277"
2022,Education,Texas A&M University System Health Science Center,0001 - General Revenue Fund,7503 - Telecommunications – Long Distance,"$1,445"
2022,Education,Texas A&M University-Kingsville,0001 - General Revenue Fund,7503 - Telecommunications – Long Distance,$35
2022,Education,Texas Education Agency,0001 - General Revenue Fund,7503 - Telecommunications – Long Distance,$342
2022,Education,Texas Education Agency,0003 - State Technology Instructional Materials,7503 - Telecommunications – Long Distance,$0
2022,Education,Texas Education Agency,0044 - Permanent School Fund,7503 - Telecommunications – Long Distance,$31
2022,Education,Texas Education Agency,0148 - Gr Acct-Fed Health/Ed/Welfare,7503 - Telecommunications – Long Distance,$240
2022,Education,Texas Education Agency,0325 - Coronavirus Relief Fund,7503 - Telecommunications – Long Distance,$50
2022,Education,Texas Higher Education Coordinating Board,0001 - General Revenue Fund,7503 - Telecommunications – Long Distance,$158
2022,Education,Texas State Technical College System,0001 - General Revenue Fund,7503 - Telecommunications – Long Distance,"$15,711"
2022,Education,Texas State Technical College System,0237 - Gr Acct-Tx St Tech Coll Sys Curr,7503 - Telecommunications – Long Distance,"$7,086"
2022,Education,University of Houston-Clear Lake,0001 - General Revenue Fund,7503 - Telecommunications – Long Distance,$130
2022,Education,University of Texas at Austin,0001 - General Revenue Fund,7503 - Telecommunications – Long Distance,"$5,466"
2022,Education,University of Texas at Austin,0011 - Available University Fund,7503 - Telecommunications – Long Distance,$21
2022,Education,University of Texas at Austin,0248 - Gr Acct-Univ Tx At Austin Curr,7503 - Telecommunications – Long Distance,"$12,197"
2022,Education,University of Texas at El Paso,0001 - General Revenue Fund,7503 - Telecommunications – Long Distance,$6
2022,Education,University of Texas at El Paso,0817 - Permanent Endowment Fund Ut At El Paso,7503 - Telecommunications – Long Distance,$2
2022,Education,University of Texas Medical Branch at Galveston,0810 - Permanent Health Fund For Higher Ed,7503 - Telecommunications – Long Distance,$3
2022,Education,University of Texas of the Permian Basin,0001 - General Revenue Fund,7503 - Telecommunications – Long Distance,$54
2022,Education,University of Texas of the Permian Basin,0251 - Gr Acct-Ut Permian Basin Curr,7503 - Telecommunications – Long Distance,$22
2022,Education,University of Texas System,0011 - Available University Fund,7503 - Telecommunications – Long Distance,$801
2022,Education,West Texas A&M University,0001 - General Revenue Fund,7503 - Telecommunications – Long Distance,"$2,946"
2022,Education,West Texas A&M University,0263 - Gr Acct-West Tex A&M University Current,7503 - Telecommunications – Long Distance,"$8,574"
2022,Employee Benefits,Employees Retirement System of Texas,0929 - Social Security Admin Tr Acct,7503 - Telecommunications – Long Distance,$205
2022,Employee Benefits,Employees Retirement System of Texas,0943 - St Emp Cafeteria Plan Tr Fd,7503 - Telecommunications – Long Distance,$181
2022,Employee Benefits,Employees Retirement System of Texas,"0945 - Def Compensation Trust Fd, Ers",7503 - Telecommunications – Long Distance,$47
2022,Employee Benefits,Employees Retirement System of Texas,0946 - Texasaver Trust Fund,7503 - Telecommunications – Long Distance,$232
2022,Employee Benefits,Employees Retirement System of Texas,0955 - S.E.R.S. Trust Account,7503 - Telecommunications – Long Distance,"$102,473"
2022,Employee Benefits,Employees Retirement System of Texas,0973 - Employee Ins Benefit Trust Acct,7503 - Telecommunications – Long Distance,"$47,524"
2022,Employee Benefits,Employees Retirement System of Texas,0977 - Law Enf/Cust Off Supp Retmt Fd,7503 - Telecommunications – Long Distance,"$3,955"
2022,Employee Benefits,Employees Retirement System of Texas,0993 - Jud Ret Sys-Plan Two Trust Fd,7503 - Telecommunications – Long Distance,$454
2022,General Government,Attorney General,0001 - General Revenue Fund,7503 - Telecommunications – Long Distance,"$10,482"
2022,General Government,Attorney General,0469 - Gr Acct-Comp To Victims Of Crime,7503 - Telecommunications – Long Distance,$6
2022,General Government,Court of Appeals-Eleventh Court of Appeals District,0001 - General Revenue Fund,7503 - Telecommunications – Long Distance,$87
2022,General Government,Court of Appeals-Tenth Court of Appeals District,0001 - General Revenue Fund,7503 - Telecommunications – Long Distance,$115
2022,General Government,Court of Appeals-Twelfth Court of Appeals District,0001 - General Revenue Fund,7503 - Telecommunications – Long Distance,$332
2022,General Government,Governor-Executive,0001 - General Revenue Fund,7503 - Telecommunications – Long Distance,"$1,347"
2022,General Government,Governor-Fiscal,0001 - General Revenue Fund,7503 - Telecommunications – Long Distance,$309
2022,General Government,Governor-Fiscal,0224 - Gr Acct-Governors Ofc Federal Proj,7503 - Telecommunications – Long Distance,$17
2022,General Government,Governor-Fiscal,0325 - Coronavirus Relief Fund,7503 - Telecommunications – Long Distance,$0
2022,General Government,Governor-Fiscal,0421 - Gr Acct-Crim Justice Planning,7503 - Telecommunications – Long Distance,$20
2022,General Government,Governor-Fiscal,5003 - Gr Acct-Hotel Occ Tax For Economic Devel,7503 - Telecommunications – Long Distance,$15
2022,General Government,Governor-Fiscal,5010 - Gr Acct - Sexual Assault Program,7503 - Telecommunications – Long Distance,$0
2022,General Government,Governor-Fiscal,5106 - Gr Acct - Economic Dev Bank,7503 - Telecommunications – Long Distance,$19
2022,General Government,House of Representatives,0001 - General Revenue Fund,7503 - Telecommunications – Long Distance,$451
2022,General Government,Office of Court Administration,0001 - General Revenue Fund,7503 - Telecommunications – Long Distance,$16
2022,General Government,Secretary of State,0001 - General Revenue Fund,7503 - Telecommunications – Long Distance,$267
2022,General Government,Senate,0001 - General Revenue Fund,7503 - Telecommunications – Long Distance,"$1,194"
2022,General Government,Texas Historical Commission,0001 - General Revenue Fund,7503 - Telecommunications – Long Distance,$322
2022,General Government,Texas Historical Commission,5139 - Gr Acct - Historic Site,7503 - Telecommunications – Long Distance,$123
2022,General Government,Texas Lottery Commission,5025 - Gr Acct-Lottery,7503 - Telecommunications – Long Distance,"$1,705"
2022,General Government,Texas State Library and Archives Commission,0001 - General Revenue Fund,7503 - Telecommunications – Long Distance,"$2,099"
2022,Health and Human Services,Cancer Prevention & Research Institute of Texas,7639 - Tpfa Cprit Project Fund,7503 - Telecommunications – Long Distance,$190
2022,Health and Human Services,Department of State Health Services,0001 - General Revenue Fund,7503 - Telecommunications – Long Distance,$221
2022,Health and Human Services,Health and Human Services Commission,0001 - General Revenue Fund,7503 - Telecommunications – Long Distance,"$8,327,874"
2022,Health and Human Services,Health and Human Services Commission,0325 - Coronavirus Relief Fund,7503 - Telecommunications – Long Distance,"$403,747"
2022,Health and Human Services,Texas Veterans Commission,0001 - General Revenue Fund,7503 - Telecommunications – Long Distance,$0
2022,Health and Human Services,Texas Workforce Commission,0001 - General Revenue Fund,7503 - Telecommunications – Long Distance,$916
2022,Health and Human Services,Texas Workforce Commission,0165 - Gr Acct-Unemp Comp Spec Admin,7503 - Telecommunications – Long Distance,$10
2022,Health and Human Services,Texas Workforce Commission,5026 - Gr Acct-Workforce Commission Federal,7503 - Telecommunications – Long Distance,($301)
2022,Natural Resources/Recreational Services,General Land Office,0522 - Veterans Land Program Admin Fd,7503 - Telecommunications – Long Distance,"$1,398"
2022,Natural Resources/Recreational Services,Parks and Wildlife Department,"0009 - Gr Account-Game, Fish, Water Safety",7503 - Telecommunications – Long Distance,"$1,368"
2022,Natural Resources/Recreational Services,Parks and Wildlife Department,0064 - Gr Acct-State Parks,7503 - Telecommunications – Long Distance,$663
2022,Natural Resources/Recreational Services,Soil and Water Conservation Board,0001 - General Revenue Fund,7503 - Telecommunications – Long Distance,"$2,214"
2022,Public Safety and Corrections,Texas Department of Criminal Justice,0001 - General Revenue Fund,7503 - Telecommunications – Long Distance,$816
2022,Public Safety and Corrections,Texas Department of Public Safety,0001 - General Revenue Fund,7503 - Telecommunications – Long Distance,"$1,913"
2022,Public Safety and Corrections,Texas Juvenile Justice Department,0001 - General Revenue Fund,7503 - Telecommunications – Long Distance,"$3,029"
2022,Regulatory Services,Department of Savings and Mortgage Lending,1007 - Dept Of Sav&Mtg Lend Local Oper Fund,7503 - Telecommunications – Long Distance,$5
2022,Regulatory Services,Executive Council of Physical and Occupational Therapy Examiners,0001 - General Revenue Fund,7503 - Telecommunications – Long Distance,$132
2022,Regulatory Services,Office of Consumer Credit Commissioner,1012 - Office Of Consumer Cr Comm Local Oper Fd,7503 - Telecommunications – Long Distance,$5
2022,Regulatory Services,Texas Behavioral Health Executive Council,0001 - General Revenue Fund,7503 - Telecommunications – Long Distance,$406
2022,Regulatory Services,Texas Board of Professional Engineers,1011 - Bd Of Prof Engineers Local Operating Fd,7503 - Telecommunications – Long Distance,"$16,481"
2022,Regulatory Services,Texas Department of Banking,1008 - Tx Dept Of Banking Local Operating Fund,7503 - Telecommunications – Long Distance,$28
2022,Regulatory Services,Texas Medical Board,0001 - General Revenue Fund,7503 - Telecommunications – Long Distance,$291
2022,Regulatory Services,Texas State Board of Pharmacy,0001 - General Revenue Fund,7503 - Telecommunications – Long Distance,$449
2022,Transportation,Texas Department of Motor Vehicles,0010 - Texas Department Of Motor Vehicles Fund,7503 - Telecommunications – Long Distance,"$245,498"
2023,Education,Comptroller-Prepaid Higher Education Tuition Board,0892 - Tx Tomorrow Constitutional Trust Fd,7503 - Telecommunications – Long Distance,"$1,100"
2023,Education,Lamar Institute of Technology,0001 - General Revenue Fund,7503 - Telecommunications – Long Distance,"$3,282"
2023,Education,Sam Houston State University,0001 - General Revenue Fund,7503 - Telecommunications – Long Distance,$481
2023,Education,Sam Houston State University,0259 - Gr Acct-Sam Houston St Unv Cur,7503 - Telecommunications – Long Distance,$111
2023,Education,Sam Houston State University,0581 - Gr Acct-B Blackwood Law Enf Mng Inst,7503 - Telecommunications – Long Distance,$814
2023,Education,Sam Houston State University,5083 - Gr Acct-Corr Mngmt Inst & Crim Justice C,7503 - Telecommunications – Long Distance,$851
2023,Education,Texas A&M AgriLife Extension Service,0001 - General Revenue Fund,7503 - Telecommunications – Long Distance,$293
2023,Education,Texas A&M AgriLife Research,0001 - General Revenue Fund,7503 - Telecommunications – Long Distance,"$1,835"
2023,Education,Texas A&M Forest Service,0001 - General Revenue Fund,7503 - Telecommunications – Long Distance,$710
2023,Education,Texas A&M Forest Service,0036 - Gr Acct-Tx Dept Ins Operating,7503 - Telecommunications – Long Distance,"$9,325"
2023,Education,Texas A&M University System,0047 - Texas A&M Univ Available Fund,7503 - Telecommunications – Long Distance,"$3,162"
2023,Education,Texas A&M University System Health Science Center,0001 - General Revenue Fund,7503 - Telecommunications – Long Distance,"$3,173"
2023,Education,Texas A&M University-Kingsville,0001 - General Revenue Fund,7503 - Telecommunications – Long Distance,$89
2023,Education,Texas Division of Emergency Management,0001 - General Revenue Fund,7503 - Telecommunications – Long Distance,$392
2023,Education,Texas Education Agency,0001 - General Revenue Fund,7503 - Telecommunications – Long Distance,$75
2023,Education,Texas Education Agency,0003 - State Technology Instructional Materials,7503 - Telecommunications – Long Distance,($1)
2023,Education,Texas Education Agency,0044 - Permanent School Fund,7503 - Telecommunications – Long Distance,$1
2023,Education,Texas Education Agency,0148 - Gr Acct-Fed Health/Ed/Welfare,7503 - Telecommunications – Long Distance,($9)
2023,Education,Texas Education Agency,0325 - Coronavirus Relief Fund,7503 - Telecommunications – Long Distance,$3
2023,Education,Texas State Technical College System,0001 - General Revenue Fund,7503 - Telecommunications – Long Distance,"$6,509"
2023,Education,Texas State Technical College System,0237 - Gr Acct-Tx St Tech Coll Sys Curr,7503 - Telecommunications – Long Distance,"$2,003"
2023,Education,University of Houston-Clear Lake,0001 - General Revenue Fund,7503 - Telecommunications – Long Distance,$58
2023,Education,University of Texas at Austin,0001 - General Revenue Fund,7503 - Telecommunications – Long Distance,"$7,131"
2023,Education,University of Texas at Austin,0248 - Gr Acct-Univ Tx At Austin Curr,7503 - Telecommunications – Long Distance,$39
2023,Education,University of Texas at El Paso,0001 - General Revenue Fund,7503 - Telecommunications – Long Distance,$9
2023,Education,University of Texas at El Paso,0817 - Permanent Endowment Fund Ut At El Paso,7503 - Telecommunications – Long Distance,$2
2023,Education,University of Texas of the Permian Basin,0001 - General Revenue Fund,7503 - Telecommunications – Long Distance,$42
2023,Education,University of Texas of the Permian Basin,0251 - Gr Acct-Ut Permian Basin Curr,7503 - Telecommunications – Long Distance,$2
2023,Education,University of Texas System,0011 - Available University Fund,7503 - Telecommunications – Long Distance,$463
2023,Education,West Texas A&M University,0001 - General Revenue Fund,7503 - Telecommunications – Long Distance,"$4,011"
2023,Education,West Texas A&M University,0263 - Gr Acct-West Tex A&M University Current,7503 - Telecommunications – Long Distance,"$20,092"
2023,Employee Benefits,Employees Retirement System of Texas,0955 - S.E.R.S. Trust Account,7503 - Telecommunications – Long Distance,"$118,617"
2023,General Government,Attorney General,0001 - General Revenue Fund,7503 - Telecommunications – Long Distance,($410)
2023,General Government,Court of Appeals-Eighth Court of Appeals District,0001 - General Revenue Fund,7503 - Telecommunications – Long Distance,$12
2023,General Government,Court of Appeals-Eleventh Court of Appeals District,0001 - General Revenue Fund,7503 - Telecommunications – Long Distance,$62
2023,General Government,Court of Appeals-Tenth Court of Appeals District,0001 - General Revenue Fund,7503 - Telecommunications – Long Distance,$134
2023,General Government,Court of Appeals-Twelfth Court of Appeals District,0001 - General Revenue Fund,7503 - Telecommunications – Long Distance,$580
2023,General Government,Governor-Executive,0001 - General Revenue Fund,7503 - Telecommunications – Long Distance,$904
2023,General Government,Governor-Fiscal,0001 - General Revenue Fund,7503 - Telecommunications – Long Distance,$75
2023,General Government,Governor-Fiscal,0224 - Gr Acct-Governors Ofc Federal Proj,7503 - Telecommunications – Long Distance,$1
2023,General Government,Governor-Fiscal,0421 - Gr Acct-Crim Justice Planning,7503 - Telecommunications – Long Distance,$2
2023,General Government,Governor-Fiscal,5003 - Gr Acct-Hotel Occ Tax For Economic Devel,7503 - Telecommunications – Long Distance,$0
2023,General Government,Governor-Fiscal,5106 - Gr Acct - Economic Dev Bank,7503 - Telecommunications – Long Distance,$0
2023,General Government,House of Representatives,0001 - General Revenue Fund,7503 - Telecommunications – Long Distance,$460
2023,General Government,Secretary of State,0001 - General Revenue Fund,7503 - Telecommunications – Long Distance,$98
2023,General Government,Senate,0001 - General Revenue Fund,7503 - Telecommunications – Long Distance,"$1,659"
2023,General Government,Texas Historical Commission,0001 - General Revenue Fund,7503 - Telecommunications – Long Distance,$89
2023,General Government,Texas Historical Commission,5139 - Gr Acct - Historic Site,7503 - Telecommunications – Long Distance,$324
2023,General Government,Texas Lottery Commission,5025 - Gr Acct-Lottery,7503 - Telecommunications – Long Distance,$11
2023,General Government,Texas State Library and Archives Commission,0001 - General Revenue Fund,7503 - Telecommunications – Long Distance,$407
2023,Health and Human Services,Cancer Prevention & Research Institute of Texas,7639 - Tpfa Cprit Project Fund,7503 - Telecommunications – Long Distance,$75
2023,Health and Human Services,Health and Human Services Commission,0001 - General Revenue Fund,7503 - Telecommunications – Long Distance,"$6,291,738"
2023,Health and Human Services,Health and Human Services Commission,0325 - Coronavirus Relief Fund,7503 - Telecommunications – Long Distance,"$1,350,855"
2023,Natural Resources/Recreational Services,Parks and Wildlife Department,"0009 - Gr Account-Game, Fish, Water Safety",7503 - Telecommunications – Long Distance,"$32,355"
2023,Natural Resources/Recreational Services,Parks and Wildlife Department,0064 - Gr Acct-State Parks,7503 - Telecommunications – Long Distance,"$34,190"
2023,Natural Resources/Recreational Services,Soil and Water Conservation Board,0001 - General Revenue Fund,7503 - Telecommunications – Long Distance,"$2,125"
2023,Public Safety and Corrections,Texas Department of Criminal Justice,0001 - General Revenue Fund,7503 - Telecommunications – Long Distance,$561
2023,Public Safety and Corrections,Texas Department of Public Safety,0001 - General Revenue Fund,7503 - Telecommunications – Long Distance,"$1,246"
2023,Public Safety and Corrections,Texas Juvenile Justice Department,0001 - General Revenue Fund,7503 - Telecommunications – Long Distance,"$4,099"
2023,Public Safety and Corrections,Texas Military Department,0001 - General Revenue Fund,7503 - Telecommunications – Long Distance,$227
2023,Public Safety and Corrections,Texas Military Department,0449 - Gr Acct-Texas Military,7503 - Telecommunications – Long Distance,$46
2023,Regulatory Services,Executive Council of Physical and Occupational Therapy Examiners,0001 - General Revenue Fund,7503 - Telecommunications – Long Distance,$404
2023,Regulatory Services,Office of Public Insurance Counsel,0001 - General Revenue Fund,7503 - Telecommunications – Long Distance,"$5,075"
2023,Regulatory Services,Texas Alcoholic Beverage Commission,0001 - General Revenue Fund,7503 - Telecommunications – Long Distance,$0
2023,Regulatory Services,Texas Behavioral Health Executive Council,0001 - General Revenue Fund,7503 - Telecommunications – Long Distance,$533
2023,Regulatory Services,Texas Board of Professional Engineers,1011 - Bd Of Prof Engineers Local Operating Fd,7503 - Telecommunications – Long Distance,"$11,843"
2023,Regulatory Services,Texas Department of Banking,1008 - Tx Dept Of Banking Local Operating Fund,7503 - Telecommunications – Long Distance,$37
2023,Regulatory Services,Texas Medical Board,0001 - General Revenue Fund,7503 - Telecommunications – Long Distance,$787
2023,Regulatory Services,Texas State Board of Pharmacy,0001 - General Revenue Fund,7503 - Telecommunications – Long Distance,$521
2023,Transportation,Texas Department of Motor Vehicles,0010 - Texas Department Of Motor Vehicles Fund,7503 - Telecommunications – Long Distance,"$209,483"
2023,Transportation,Texas Department of Transportation,0006 - State Highway Fund,7503 - Telecommunications – Long Distance,"$3,000"
2024,Education,Comptroller-Prepaid Higher Education Tuition Board,0892 - Tx Tomorrow Constitutional Trust Fd,7503 - Telecommunications – Long Distance,"$1,100"
2024,Education,Lamar Institute of Technology,0001 - General Revenue Fund,7503 - Telecommunications – Long Distance,"$85,743"
2024,Education,Sam Houston State University,0001 - General Revenue Fund,7503 - Telecommunications – Long Distance,"$4,699"
2024,Education,Sam Houston State University,0259 - Gr Acct-Sam Houston St Unv Cur,7503 - Telecommunications – Long Distance,$592
2024,Education,Sam Houston State University,0581 - Gr Acct-B Blackwood Law Enf Mng Inst,7503 - Telecommunications – Long Distance,$701
2024,Education,Sam Houston State University,5083 - Gr Acct-Corr Mngmt Inst & Crim Justice C,7503 - Telecommunications – Long Distance,$888
2024,Education,Texas A&M AgriLife Extension Service,0001 - General Revenue Fund,7503 - Telecommunications – Long Distance,$506
2024,Education,Texas A&M AgriLife Research,0001 - General Revenue Fund,7503 - Telecommunications – Long Distance,$698
2024,Education,Texas A&M Forest Service,0001 - General Revenue Fund,7503 - Telecommunications – Long Distance,$684
2024,Education,Texas A&M Forest Service,0036 - Gr Acct-Tx Dept Ins Operating,7503 - Telecommunications – Long Distance,$585
2024,Education,Texas A&M Forest Service,5064 - Gr Acct - Volunteer Fire Dept Assistance,7503 - Telecommunications – Long Distance,$30
2024,Education,Texas A&M University (Main University),0047 - Texas A&M Univ Available Fund,7503 - Telecommunications – Long Distance,$3
2024,Education,Texas A&M University System,0047 - Texas A&M Univ Available Fund,7503 - Telecommunications – Long Distance,"$2,116"
2024,Education,Texas A&M University System Health Science Center,0001 - General Revenue Fund,7503 - Telecommunications – Long Distance,"$4,837"
2024,Education,Texas A&M University-Kingsville,0001 - General Revenue Fund,7503 - Telecommunications – Long Distance,$88
2024,Education,Texas Division of Emergency Management,0001 - General Revenue Fund,7503 - Telecommunications – Long Distance,$783
2024,Education,Texas Permanent School Fund Corporation,0044 - Permanent School Fund,7503 - Telecommunications – Long Distance,$100
2024,Education,University of Houston-Clear Lake,0001 - General Revenue Fund,7503 - Telecommunications – Long Distance,$34
2024,Education,University of Texas at Austin,0001 - General Revenue Fund,7503 - Telecommunications – Long Distance,"$10,029"
2024,Education,University of Texas at Austin,0248 - Gr Acct-Univ Tx At Austin Curr,7503 - Telecommunications – Long Distance,"$4,519"
2024,Education,University of Texas at El Paso,0001 - General Revenue Fund,7503 - Telecommunications – Long Distance,$1
2024,Education,University of Texas at El Paso,0817 - Permanent Endowment Fund Ut At El Paso,7503 - Telecommunications – Long Distance,$10
2024,Education,University of Texas System,0011 - Available University Fund,7503 - Telecommunications – Long Distance,$67
2024,Education,West Texas A&M University,0001 - General Revenue Fund,7503 - Telecommunications – Long Distance,"$7,366"
2024,Education,West Texas A&M University,0263 - Gr Acct-West Tex A&M University Current,7503 - Telecommunications – Long Distance,"$3,757"
2024,Employee Benefits,Employees Retirement System of Texas,0929 - Social Security Admin Tr Acct,7503 - Telecommunications – Long Distance,$126
2024,Employee Benefits,Employees Retirement System of Texas,0943 - St Emp Cafeteria Plan Tr Fd,7503 - Telecommunications – Long Distance,$87
2024,Employee Benefits,Employees Retirement System of Texas,"0945 - Def Compensation Trust Fd, Ers",7503 - Telecommunications – Long Distance,$48
2024,Employee Benefits,Employees Retirement System of Texas,0946 - Texasaver Trust Fund,7503 - Telecommunications – Long Distance,$186
2024,Employee Benefits,Employees Retirement System of Texas,0955 - S.E.R.S. Trust Account,7503 - Telecommunications – Long Distance,"$44,693"
2024,Employee Benefits,Employees Retirement System of Texas,0973 - Employee Ins Benefit Trust Acct,7503 - Telecommunications – Long Distance,"$27,522"
2024,Employee Benefits,Employees Retirement System of Texas,0977 - Law Enf/Cust Off Supp Retmt Fd,7503 - Telecommunications – Long Distance,"$5,934"
2024,Employee Benefits,Employees Retirement System of Texas,0993 - Jud Ret Sys-Plan Two Trust Fd,7503 - Telecommunications – Long Distance,$453
2024,General Government,Attorney General,0001 - General Revenue Fund,7503 - Telecommunications – Long Distance,($6)
2024,General Government,Court of Appeals-Eighth Court of Appeals District,0001 - General Revenue Fund,7503 - Telecommunications – Long Distance,$61
2024,General Government,Court of Appeals-Eleventh Court of Appeals District,0001 - General Revenue Fund,7503 - Telecommunications – Long Distance,$69
2024,General Government,Court of Appeals-Tenth Court of Appeals District,0001 - General Revenue Fund,7503 - Telecommunications – Long Distance,$104
2024,General Government,Court of Appeals-Twelfth Court of Appeals District,0001 - General Revenue Fund,7503 - Telecommunications – Long Distance,$700
2024,General Government,Governor-Executive,0001 - General Revenue Fund,7503 - Telecommunications – Long Distance,"$1,287"
2024,General Government,Governor-Fiscal,0001 - General Revenue Fund,7503 - Telecommunications – Long Distance,$13
2024,General Government,House of Representatives,0001 - General Revenue Fund,7503 - Telecommunications – Long Distance,$28
2024,General Government,Office of Capital and Forensic Writs,5073 - Gr Acct-Fair Defense,7503 - Telecommunications – Long Distance,$215
2024,General Government,Secretary of State,0001 - General Revenue Fund,7503 - Telecommunications – Long Distance,$45
2024,General Government,Senate,0001 - General Revenue Fund,7503 - Telecommunications – Long Distance,"$2,448"
2024,General Government,Texas Historical Commission,0001 - General Revenue Fund,7503 - Telecommunications – Long Distance,$80
2024,General Government,Texas Historical Commission,5139 - Gr Acct - Historic Site,7503 - Telecommunications – Long Distance,$194
2024,General Government,Texas Lottery Commission,5025 - Gr Acct-Lottery,7503 - Telecommunications – Long Distance,$2
2024,Health and Human Services,Health and Human Services Commission,0001 - General Revenue Fund,7503 - Telecommunications – Long Distance,"$7,845,877"
2024,Health and Human Services,Health and Human Services Commission,0325 - Coronavirus Relief Fund,7503 - Telecommunications – Long Distance,"$5,583"
2024,Natural Resources/Recreational Services,Parks and Wildlife Department,"0009 - Gr Account-Game, Fish, Water Safety",7503 - Telecommunications – Long Distance,$577
2024,Natural Resources/Recreational Services,Parks and Wildlife Department,0064 - Gr Acct-State Parks,7503 - Telecommunications – Long Distance,$756
2024,Natural Resources/Recreational Services,Railroad Commission of Texas,5155 - Gr Acct - Oil And Gas Regult And Cleanup,7503 - Telecommunications – Long Distance,$63
2024,Natural Resources/Recreational Services,Soil and Water Conservation Board,0001 - General Revenue Fund,7503 - Telecommunications – Long Distance,"$2,185"
2024,Public Safety and Corrections,Texas Department of Criminal Justice,0001 - General Revenue Fund,7503 - Telecommunications – Long Distance,$335
2024,Public Safety and Corrections,Texas Department of Public Safety,0001 - General Revenue Fund,7503 - Telecommunications – Long Distance,$165
2024,Public Safety and Corrections,Texas Juvenile Justice Department,0001 - General Revenue Fund,7503 - Telecommunications – Long Distance,"$3,988"
2024,Public Safety and Corrections,Texas Military Department,0001 - General Revenue Fund,7503 - Telecommunications – Long Distance,$8
2024,Public Safety and Corrections,Texas Military Department,0449 - Gr Acct-Texas Military,7503 - Telecommunications – Long Distance,$23
2024,Regulatory Services,Department of Savings and Mortgage Lending,1007 - Dept Of Sav&Mtg Lend Local Oper Fund,7503 - Telecommunications – Long Distance,$1
2024,Regulatory Services,Executive Council of Physical and Occupational Therapy Examiners,0001 - General Revenue Fund,7503 - Telecommunications – Long Distance,$272
2024,Regulatory Services,Office of Consumer Credit Commissioner,1012 - Office Of Consumer Cr Comm Local Oper Fd,7503 - Telecommunications – Long Distance,$1
2024,Regulatory Services,Texas Behavioral Health Executive Council,0001 - General Revenue Fund,7503 - Telecommunications – Long Distance,$406
2024,Regulatory Services,Texas Board of Professional Engineers,1011 - Bd Of Prof Engineers Local Operating Fd,7503 - Telecommunications – Long Distance,"$13,868"
2024,Regulatory Services,Texas Department of Banking,1008 - Tx Dept Of Banking Local Operating Fund,7503 - Telecommunications – Long Distance,$55
2024,Regulatory Services,Texas Medical Board,0001 - General Revenue Fund,7503 - Telecommunications – Long Distance,$96
2024,Regulatory Services,Texas State Board of Pharmacy,0001 - General Revenue Fund,7503 - Telecommunications – Long Distance,$319
2024,Transportation,Texas Department of Motor Vehicles,0010 - Texas Department Of Motor Vehicles Fund,7503 - Telecommunications – Long Distance,"$172,817"
2025,Education,Comptroller-Prepaid Higher Education Tuition Board,0892 - Tx Tomorrow Constitutional Trust Fd,7503 - Telecommunications – Long Distance,$400
2025,Education,Texas A&M AgriLife Extension Service,0001 - General Revenue Fund,7503 - Telecommunications – Long Distance,$160
2025,Education,Texas A&M Forest Service,0036 - Gr Acct-Tx Dept Ins Operating,7503 - Telecommunications – Long Distance,"$2,132"
2025,Education,Texas A&M University System,0047 - Texas A&M Univ Available Fund,7503 - Telecommunications – Long Distance,"$1,158"
2025,Education,Texas A&M University System Health Science Center,0001 - General Revenue Fund,7503 - Telecommunications – Long Distance,"$1,720"
2025,Education,Texas A&M University-Kingsville,0001 - General Revenue Fund,7503 - Telecommunications – Long Distance,$81
2025,Education,Texas Division of Emergency Management,0001 - General Revenue Fund,7503 - Telecommunications – Long Distance,$157
2025,Education,University of Houston,0001 - General Revenue Fund,7503 - Telecommunications – Long Distance,$40
2025,Education,University of Texas at Austin,0001 - General Revenue Fund,7503 - Telecommunications – Long Distance,$333
2025,Education,University of Texas at Austin,0248 - Gr Acct-Univ Tx At Austin Curr,7503 - Telecommunications – Long Distance,$328
2025,Education,University of Texas at El Paso,0817 - Permanent Endowment Fund Ut At El Paso,7503 - Telecommunications – Long Distance,$1
2025,Education,West Texas A&M University,0001 - General Revenue Fund,7503 - Telecommunications – Long Distance,"$9,270"
2025,Employee Benefits,Employees Retirement System of Texas,0929 - Social Security Admin Tr Acct,7503 - Telecommunications – Long Distance,$26
2025,Employee Benefits,Employees Retirement System of Texas,0943 - St Emp Cafeteria Plan Tr Fd,7503 - Telecommunications – Long Distance,$18
2025,Employee Benefits,Employees Retirement System of Texas,"0945 - Def Compensation Trust Fd, Ers",7503 - Telecommunications – Long Distance,$10
2025,Employee Benefits,Employees Retirement System of Texas,0946 - Texasaver Trust Fund,7503 - Telecommunications – Long Distance,$38
2025,Employee Benefits,Employees Retirement System of Texas,0955 - S.E.R.S. Trust Account,7503 - Telecommunications – Long Distance,"$40,769"
2025,Employee Benefits,Employees Retirement System of Texas,0973 - Employee Ins Benefit Trust Acct,7503 - Telecommunications – Long Distance,"$5,156"
2025,Employee Benefits,Employees Retirement System of Texas,0977 - Law Enf/Cust Off Supp Retmt Fd,7503 - Telecommunications – Long Distance,"$1,107"
2025,Employee Benefits,Employees Retirement System of Texas,0993 - Jud Ret Sys-Plan Two Trust Fd,7503 - Telecommunications – Long Distance,$90
2025,General Government,Attorney General,0001 - General Revenue Fund,7503 - Telecommunications – Long Distance,$6
2025,General Government,Court of Appeals-Eighth Court of Appeals District,0001 - General Revenue Fund,7503 - Telecommunications – Long Distance,$22
2025,General Government,Court of Appeals-Eleventh Court of Appeals District,0001 - General Revenue Fund,7503 - Telecommunications – Long Distance,$25
2025,General Government,Court of Appeals-Tenth Court of Appeals District,0001 - General Revenue Fund,7503 - Telecommunications – Long Distance,$24
2025,General Government,Court of Appeals-Twelfth Court of Appeals District,0001 - General Revenue Fund,7503 - Telecommunications – Long Distance,$259
2025,General Government,Governor-Executive,0001 - General Revenue Fund,7503 - Telecommunications – Long Distance,$597
2025,General Government,House of Representatives,0001 - General Revenue Fund,7503 - Telecommunications – Long Distance,$2
2025,General Government,Secretary of State,0001 - General Revenue Fund,7503 - Telecommunications – Long Distance,$40
2025,General Government,Senate,0001 - General Revenue Fund,7503 - Telecommunications – Long Distance,$684
2025,General Government,Texas Historical Commission,0001 - General Revenue Fund,7503 - Telecommunications – Long Distance,$176
2025,General Government,Texas Historical Commission,5139 - Gr Acct - Historic Site,7503 - Telecommunications – Long Distance,$210
2025,General Government,Texas Lottery Commission,5025 - Gr Acct-Lottery,7503 - Telecommunications – Long Distance,$4
2025,Health and Human Services,Health and Human Services Commission,0001 - General Revenue Fund,7503 - Telecommunications – Long Distance,"$3,871,355"
2025,Natural Resources/Recreational Services,Parks and Wildlife Department,"0009 - Gr Account-Game, Fish, Water Safety",7503 - Telecommunications – Long Distance,$33
2025,Natural Resources/Recreational Services,Parks and Wildlife Department,0064 - Gr Acct-State Parks,7503 - Telecommunications – Long Distance,"$1,505"
2025,Natural Resources/Recreational Services,Soil and Water Conservation Board,0001 - General Revenue Fund,7503 - Telecommunications – Long Distance,"$1,623"
2025,Public Safety and Corrections,Texas Department of Criminal Justice,0001 - General Revenue Fund,7503 - Telecommunications – Long Distance,$96
2025,Public Safety and Corrections,Texas Juvenile Justice Department,0001 - General Revenue Fund,7503 - Telecommunications – Long Distance,"$1,656"
2025,Public Safety and Corrections,Texas Military Department,0001 - General Revenue Fund,7503 - Telecommunications – Long Distance,$2
2025,Public Safety and Corrections,Texas Military Department,0449 - Gr Acct-Texas Military,7503 - Telecommunications – Long Distance,$5
2025,Regulatory Services,Department of Savings and Mortgage Lending,1007 - Dept Of Sav&Mtg Lend Local Oper Fund,7503 - Telecommunications – Long Distance,$1
2025,Regulatory Services,Executive Council of Physical and Occupational Therapy Examiners,0001 - General Revenue Fund,7503 - Telecommunications – Long Distance,$140
2025,Regulatory Services,Office of Consumer Credit Commissioner,1012 - Office Of Consumer Cr Comm Local Oper Fd,7503 - Telecommunications – Long Distance,$1
2025,Regulatory Services,Texas Behavioral Health Executive Council,0001 - General Revenue Fund,7503 - Telecommunications – Long Distance,$275
2025,Regulatory Services,Texas Board of Professional Engineers,1011 - Bd Of Prof Engineers Local Operating Fd,7503 - Telecommunications – Long Distance,"$7,250"
2025,Regulatory Services,Texas Department of Banking,1008 - Tx Dept Of Banking Local Operating Fund,7503 - Telecommunications – Long Distance,$14
2025,Transportation,Texas Department of Motor Vehicles,0010 - Texas Department Of Motor Vehicles Fund,7503 - Telecommunications – Long Distance,"$130,619"
